[2025-04-09 17:05:26] local.ERROR: Checkout error: SQLSTATE[HY000]: General error: 1364 Field 'price' doesn't have a default value (Connection: mysql, SQL: insert into `order_items` (`order_id`, `product_id`, `quantity`, `discount`, `updated_at`, `created_at`) values (41, 5, 2, 0.00, 2025-04-09 17:05:26, 2025-04-09 17:05:26))  
[2025-04-10 00:30:58] local.ERROR: Maximum execution time of 30 seconds exceeded {"exception":"[object] (Symfony\\Component\\ErrorHandler\\Error\\FatalError(code: 0): Maximum execution time of 30 seconds exceeded at C:\\xampp\\htdocs\\laravel-php3\\example-app\\vendor\\composer\\ClassLoader.php:429)
[stacktrace]
#0 {main}
"} 
[2025-04-10 00:39:00] local.ERROR: Shipping API error: cURL error 6: Could not resolve host: api.shipping-provider.com (see https://curl.haxx.se/libcurl/c/libcurl-errors.html) for https://api.shipping-provider.com/calculate  
[2025-04-10 00:39:09] local.ERROR: Shipping API error: cURL error 6: Could not resolve host: api.shipping-provider.com (see https://curl.haxx.se/libcurl/c/libcurl-errors.html) for https://api.shipping-provider.com/calculate  
[2025-04-10 00:39:18] local.ERROR: Shipping options API error: cURL error 6: Could not resolve host: api.shipping-provider.com (see https://curl.haxx.se/libcurl/c/libcurl-errors.html) for https://api.shipping-provider.com/options?address=123%2C%20X%C3%A3%20S%C6%A1n%20V%C4%A9%2C%20Huy%E1%BB%87n%20M%C3%A8o%20V%E1%BA%A1c%2C%20T%E1%BB%89nh%20H%C3%A0%20Giang  
[2025-04-10 00:39:19] local.ERROR: Shipping API error: cURL error 6: Could not resolve host: api.shipping-provider.com (see https://curl.haxx.se/libcurl/c/libcurl-errors.html) for https://api.shipping-provider.com/calculate  
[2025-04-10 00:42:19] local.ERROR: Cancel order error: SQLSTATE[42S22]: Column not found: 1054 Unknown column 'stock' in 'field list' (Connection: mysql, SQL: update `products` set `stock` = `stock` + 1, `products`.`updated_at` = 2025-04-10 00:42:19 where `id` = 9)  
[2025-04-10 00:45:33] local.ERROR: Shipping options API error: cURL error 6: Could not resolve host: api.shipping-provider.com (see https://curl.haxx.se/libcurl/c/libcurl-errors.html) for https://api.shipping-provider.com/options?address=123%2C%20X%C3%A3%20S%C6%A1n%20V%C4%A9%2C%20Huy%E1%BB%87n%20M%C3%A8o%20V%E1%BA%A1c%2C%20T%E1%BB%89nh%20H%C3%A0%20Giang  
[2025-04-10 00:45:39] local.ERROR: Cancel order error: SQLSTATE[42S22]: Column not found: 1054 Unknown column 'stock' in 'field list' (Connection: mysql, SQL: update `products` set `stock` = `stock` + 1, `products`.`updated_at` = 2025-04-10 00:45:39 where `id` = 9)  
[2025-04-10 00:45:50] local.ERROR: Shipping options API error: cURL error 6: Could not resolve host: api.shipping-provider.com (see https://curl.haxx.se/libcurl/c/libcurl-errors.html) for https://api.shipping-provider.com/options?address=123%2C%20X%C3%A3%20S%C6%A1n%20V%C4%A9%2C%20Huy%E1%BB%87n%20M%C3%A8o%20V%E1%BA%A1c%2C%20T%E1%BB%89nh%20H%C3%A0%20Giang  
[2025-04-10 00:45:54] local.ERROR: Cancel order error: SQLSTATE[42S22]: Column not found: 1054 Unknown column 'stock' in 'field list' (Connection: mysql, SQL: update `products` set `stock` = `stock` + 1, `products`.`updated_at` = 2025-04-10 00:45:54 where `id` = 9)  
[2025-04-10 00:46:23] local.ERROR: Class "App\Http\Controllers\Schema" not found {"userId":4,"exception":"[object] (Error(code: 0): Class \"App\\Http\\Controllers\\Schema\" not found at C:\\xampp\\htdocs\\laravel-php3\\example-app\\app\\Http\\Controllers\\CheckoutController.php:311)
[stacktrace]
#0 C:\\xampp\\htdocs\\laravel-php3\\example-app\\vendor\\laravel\\framework\\src\\Illuminate\\Routing\\ControllerDispatcher.php(47): App\\Http\\Controllers\\CheckoutController->cancel()
#1 C:\\xampp\\htdocs\\laravel-php3\\example-app\\vendor\\laravel\\framework\\src\\Illuminate\\Routing\\Route.php(266): Illuminate\\Routing\\ControllerDispatcher->dispatch()
#2 C:\\xampp\\htdocs\\laravel-php3\\example-app\\vendor\\laravel\\framework\\src\\Illuminate\\Routing\\Route.php(212): Illuminate\\Routing\\Route->runController()
#3 C:\\xampp\\htdocs\\laravel-php3\\example-app\\vendor\\laravel\\framework\\src\\Illuminate\\Routing\\Router.php(808): Illuminate\\Routing\\Route->run()
#4 C:\\xampp\\htdocs\\laravel-php3\\example-app\\vendor\\laravel\\framework\\src\\Illuminate\\Pipeline\\Pipeline.php(170): Illuminate\\Routing\\Router->Illuminate\\Routing\\{closure}()
#5 C:\\xampp\\htdocs\\laravel-php3\\example-app\\vendor\\laravel\\framework\\src\\Illuminate\\Routing\\Middleware\\SubstituteBindings.php(51): Illuminate\\Pipeline\\Pipeline->Illuminate\\Pipeline\\{closure}()
#6 C:\\xampp\\htdocs\\laravel-php3\\example-app\\vendor\\laravel\\framework\\src\\Illuminate\\Pipeline\\Pipeline.php(209): Illuminate\\Routing\\Middleware\\SubstituteBindings->handle()
#7 C:\\xampp\\htdocs\\laravel-php3\\example-app\\vendor\\laravel\\framework\\src\\Illuminate\\Auth\\Middleware\\Authenticate.php(64): Illuminate\\Pipeline\\Pipeline->Illuminate\\Pipeline\\{closure}()
#8 C:\\xampp\\htdocs\\laravel-php3\\example-app\\vendor\\laravel\\framework\\src\\Illuminate\\Pipeline\\Pipeline.php(209): Illuminate\\Auth\\Middleware\\Authenticate->handle()
#9 C:\\xampp\\htdocs\\laravel-php3\\example-app\\vendor\\laravel\\framework\\src\\Illuminate\\Foundation\\Http\\Middleware\\VerifyCsrfToken.php(88): Illuminate\\Pipeline\\Pipeline->Illuminate\\Pipeline\\{closure}()
#10 C:\\xampp\\htdocs\\laravel-php3\\example-app\\vendor\\laravel\\framework\\src\\Illuminate\\Pipeline\\Pipeline.php(209): Illuminate\\Foundation\\Http\\Middleware\\VerifyCsrfToken->handle()
#11 C:\\xampp\\htdocs\\laravel-php3\\example-app\\vendor\\laravel\\framework\\src\\Illuminate\\View\\Middleware\\ShareErrorsFromSession.php(49): Illuminate\\Pipeline\\Pipeline->Illuminate\\Pipeline\\{closure}()
#12 C:\\xampp\\htdocs\\laravel-php3\\example-app\\vendor\\laravel\\framework\\src\\Illuminate\\Pipeline\\Pipeline.php(209): Illuminate\\View\\Middleware\\ShareErrorsFromSession->handle()
#13 C:\\xampp\\htdocs\\laravel-php3\\example-app\\vendor\\laravel\\framework\\src\\Illuminate\\Session\\Middleware\\StartSession.php(121): Illuminate\\Pipeline\\Pipeline->Illuminate\\Pipeline\\{closure}()
#14 C:\\xampp\\htdocs\\laravel-php3\\example-app\\vendor\\laravel\\framework\\src\\Illuminate\\Session\\Middleware\\StartSession.php(64): Illuminate\\Session\\Middleware\\StartSession->handleStatefulRequest()
#15 C:\\xampp\\htdocs\\laravel-php3\\example-app\\vendor\\laravel\\framework\\src\\Illuminate\\Pipeline\\Pipeline.php(209): Illuminate\\Session\\Middleware\\StartSession->handle()
#16 C:\\xampp\\htdocs\\laravel-php3\\example-app\\vendor\\laravel\\framework\\src\\Illuminate\\Cookie\\Middleware\\AddQueuedCookiesToResponse.php(37): Illuminate\\Pipeline\\Pipeline->Illuminate\\Pipeline\\{closure}()
#17 C:\\xampp\\htdocs\\laravel-php3\\example-app\\vendor\\laravel\\framework\\src\\Illuminate\\Pipeline\\Pipeline.php(209): Illuminate\\Cookie\\Middleware\\AddQueuedCookiesToResponse->handle()
#18 C:\\xampp\\htdocs\\laravel-php3\\example-app\\vendor\\laravel\\framework\\src\\Illuminate\\Cookie\\Middleware\\EncryptCookies.php(75): Illuminate\\Pipeline\\Pipeline->Illuminate\\Pipeline\\{closure}()
#19 C:\\xampp\\htdocs\\laravel-php3\\example-app\\vendor\\laravel\\framework\\src\\Illuminate\\Pipeline\\Pipeline.php(209): Illuminate\\Cookie\\Middleware\\EncryptCookies->handle()
#20 C:\\xampp\\htdocs\\laravel-php3\\example-app\\vendor\\laravel\\framework\\src\\Illuminate\\Pipeline\\Pipeline.php(127): Illuminate\\Pipeline\\Pipeline->Illuminate\\Pipeline\\{closure}()
#21 C:\\xampp\\htdocs\\laravel-php3\\example-app\\vendor\\laravel\\framework\\src\\Illuminate\\Routing\\Router.php(807): Illuminate\\Pipeline\\Pipeline->then()
#22 C:\\xampp\\htdocs\\laravel-php3\\example-app\\vendor\\laravel\\framework\\src\\Illuminate\\Routing\\Router.php(786): Illuminate\\Routing\\Router->runRouteWithinStack()
#23 C:\\xampp\\htdocs\\laravel-php3\\example-app\\vendor\\laravel\\framework\\src\\Illuminate\\Routing\\Router.php(750): Illuminate\\Routing\\Router->runRoute()
#24 C:\\xampp\\htdocs\\laravel-php3\\example-app\\vendor\\laravel\\framework\\src\\Illuminate\\Routing\\Router.php(739): Illuminate\\Routing\\Router->dispatchToRoute()
#25 C:\\xampp\\htdocs\\laravel-php3\\example-app\\vendor\\laravel\\framework\\src\\Illuminate\\Foundation\\Http\\Kernel.php(201): Illuminate\\Routing\\Router->dispatch()
#26 C:\\xampp\\htdocs\\laravel-php3\\example-app\\vendor\\laravel\\framework\\src\\Illuminate\\Pipeline\\Pipeline.php(170): Illuminate\\Foundation\\Http\\Kernel->Illuminate\\Foundation\\Http\\{closure}()
#27 C:\\xampp\\htdocs\\laravel-php3\\example-app\\vendor\\laravel\\framework\\src\\Illuminate\\Foundation\\Http\\Middleware\\TransformsRequest.php(21): Illuminate\\Pipeline\\Pipeline->Illuminate\\Pipeline\\{closure}()
#28 C:\\xampp\\htdocs\\laravel-php3\\example-app\\vendor\\laravel\\framework\\src\\Illuminate\\Foundation\\Http\\Middleware\\ConvertEmptyStringsToNull.php(31): Illuminate\\Foundation\\Http\\Middleware\\TransformsRequest->handle()
#29 C:\\xampp\\htdocs\\laravel-php3\\example-app\\vendor\\laravel\\framework\\src\\Illuminate\\Pipeline\\Pipeline.php(209): Illuminate\\Foundation\\Http\\Middleware\\ConvertEmptyStringsToNull->handle()
#30 C:\\xampp\\htdocs\\laravel-php3\\example-app\\vendor\\laravel\\framework\\src\\Illuminate\\Foundation\\Http\\Middleware\\TransformsRequest.php(21): Illuminate\\Pipeline\\Pipeline->Illuminate\\Pipeline\\{closure}()
#31 C:\\xampp\\htdocs\\laravel-php3\\example-app\\vendor\\laravel\\framework\\src\\Illuminate\\Foundation\\Http\\Middleware\\TrimStrings.php(51): Illuminate\\Foundation\\Http\\Middleware\\TransformsRequest->handle()
#32 C:\\xampp\\htdocs\\laravel-php3\\example-app\\vendor\\laravel\\framework\\src\\Illuminate\\Pipeline\\Pipeline.php(209): Illuminate\\Foundation\\Http\\Middleware\\TrimStrings->handle()
#33 C:\\xampp\\htdocs\\laravel-php3\\example-app\\vendor\\laravel\\framework\\src\\Illuminate\\Http\\Middleware\\ValidatePostSize.php(27): Illuminate\\Pipeline\\Pipeline->Illuminate\\Pipeline\\{closure}()
#34 C:\\xampp\\htdocs\\laravel-php3\\example-app\\vendor\\laravel\\framework\\src\\Illuminate\\Pipeline\\Pipeline.php(209): Illuminate\\Http\\Middleware\\ValidatePostSize->handle()
#35 C:\\xampp\\htdocs\\laravel-php3\\example-app\\vendor\\laravel\\framework\\src\\Illuminate\\Foundation\\Http\\Middleware\\PreventRequestsDuringMaintenance.php(110): Illuminate\\Pipeline\\Pipeline->Illuminate\\Pipeline\\{closure}()
#36 C:\\xampp\\htdocs\\laravel-php3\\example-app\\vendor\\laravel\\framework\\src\\Illuminate\\Pipeline\\Pipeline.php(209): Illuminate\\Foundation\\Http\\Middleware\\PreventRequestsDuringMaintenance->handle()
#37 C:\\xampp\\htdocs\\laravel-php3\\example-app\\vendor\\laravel\\framework\\src\\Illuminate\\Http\\Middleware\\HandleCors.php(49): Illuminate\\Pipeline\\Pipeline->Illuminate\\Pipeline\\{closure}()
#38 C:\\xampp\\htdocs\\laravel-php3\\example-app\\vendor\\laravel\\framework\\src\\Illuminate\\Pipeline\\Pipeline.php(209): Illuminate\\Http\\Middleware\\HandleCors->handle()
#39 C:\\xampp\\htdocs\\laravel-php3\\example-app\\vendor\\laravel\\framework\\src\\Illuminate\\Http\\Middleware\\TrustProxies.php(58): Illuminate\\Pipeline\\Pipeline->Illuminate\\Pipeline\\{closure}()
#40 C:\\xampp\\htdocs\\laravel-php3\\example-app\\vendor\\laravel\\framework\\src\\Illuminate\\Pipeline\\Pipeline.php(209): Illuminate\\Http\\Middleware\\TrustProxies->handle()
#41 C:\\xampp\\htdocs\\laravel-php3\\example-app\\vendor\\laravel\\framework\\src\\Illuminate\\Foundation\\Http\\Middleware\\InvokeDeferredCallbacks.php(22): Illuminate\\Pipeline\\Pipeline->Illuminate\\Pipeline\\{closure}()
#42 C:\\xampp\\htdocs\\laravel-php3\\example-app\\vendor\\laravel\\framework\\src\\Illuminate\\Pipeline\\Pipeline.php(209): Illuminate\\Foundation\\Http\\Middleware\\InvokeDeferredCallbacks->handle()
#43 C:\\xampp\\htdocs\\laravel-php3\\example-app\\vendor\\laravel\\framework\\src\\Illuminate\\Http\\Middleware\\ValidatePathEncoding.php(26): Illuminate\\Pipeline\\Pipeline->Illuminate\\Pipeline\\{closure}()
#44 C:\\xampp\\htdocs\\laravel-php3\\example-app\\vendor\\laravel\\framework\\src\\Illuminate\\Pipeline\\Pipeline.php(209): Illuminate\\Http\\Middleware\\ValidatePathEncoding->handle()
#45 C:\\xampp\\htdocs\\laravel-php3\\example-app\\vendor\\laravel\\framework\\src\\Illuminate\\Pipeline\\Pipeline.php(127): Illuminate\\Pipeline\\Pipeline->Illuminate\\Pipeline\\{closure}()
#46 C:\\xampp\\htdocs\\laravel-php3\\example-app\\vendor\\laravel\\framework\\src\\Illuminate\\Foundation\\Http\\Kernel.php(176): Illuminate\\Pipeline\\Pipeline->then()
#47 C:\\xampp\\htdocs\\laravel-php3\\example-app\\vendor\\laravel\\framework\\src\\Illuminate\\Foundation\\Http\\Kernel.php(145): Illuminate\\Foundation\\Http\\Kernel->sendRequestThroughRouter()
#48 C:\\xampp\\htdocs\\laravel-php3\\example-app\\vendor\\laravel\\framework\\src\\Illuminate\\Foundation\\Application.php(1220): Illuminate\\Foundation\\Http\\Kernel->handle()
#49 C:\\xampp\\htdocs\\laravel-php3\\example-app\\public\\index.php(20): Illuminate\\Foundation\\Application->handleRequest()
#50 C:\\xampp\\htdocs\\laravel-php3\\example-app\\vendor\\laravel\\framework\\src\\Illuminate\\Foundation\\resources\\server.php(23): require_once('...')
#51 {main}
"} 
[2025-04-10 00:47:06] local.ERROR: Shipping options API error: cURL error 6: Could not resolve host: api.shipping-provider.com (see https://curl.haxx.se/libcurl/c/libcurl-errors.html) for https://api.shipping-provider.com/options?address=123%2C%20X%C3%A3%20S%C6%A1n%20V%C4%A9%2C%20Huy%E1%BB%87n%20M%C3%A8o%20V%E1%BA%A1c%2C%20T%E1%BB%89nh%20H%C3%A0%20Giang  
[2025-04-10 00:47:11] local.ERROR: Class "App\Http\Controllers\Schema" not found {"userId":4,"exception":"[object] (Error(code: 0): Class \"App\\Http\\Controllers\\Schema\" not found at C:\\xampp\\htdocs\\laravel-php3\\example-app\\app\\Http\\Controllers\\CheckoutController.php:319)
[stacktrace]
#0 C:\\xampp\\htdocs\\laravel-php3\\example-app\\vendor\\laravel\\framework\\src\\Illuminate\\Routing\\ControllerDispatcher.php(47): App\\Http\\Controllers\\CheckoutController->cancel()
#1 C:\\xampp\\htdocs\\laravel-php3\\example-app\\vendor\\laravel\\framework\\src\\Illuminate\\Routing\\Route.php(266): Illuminate\\Routing\\ControllerDispatcher->dispatch()
#2 C:\\xampp\\htdocs\\laravel-php3\\example-app\\vendor\\laravel\\framework\\src\\Illuminate\\Routing\\Route.php(212): Illuminate\\Routing\\Route->runController()
#3 C:\\xampp\\htdocs\\laravel-php3\\example-app\\vendor\\laravel\\framework\\src\\Illuminate\\Routing\\Router.php(808): Illuminate\\Routing\\Route->run()
#4 C:\\xampp\\htdocs\\laravel-php3\\example-app\\vendor\\laravel\\framework\\src\\Illuminate\\Pipeline\\Pipeline.php(170): Illuminate\\Routing\\Router->Illuminate\\Routing\\{closure}()
#5 C:\\xampp\\htdocs\\laravel-php3\\example-app\\vendor\\laravel\\framework\\src\\Illuminate\\Routing\\Middleware\\SubstituteBindings.php(51): Illuminate\\Pipeline\\Pipeline->Illuminate\\Pipeline\\{closure}()
#6 C:\\xampp\\htdocs\\laravel-php3\\example-app\\vendor\\laravel\\framework\\src\\Illuminate\\Pipeline\\Pipeline.php(209): Illuminate\\Routing\\Middleware\\SubstituteBindings->handle()
#7 C:\\xampp\\htdocs\\laravel-php3\\example-app\\vendor\\laravel\\framework\\src\\Illuminate\\Auth\\Middleware\\Authenticate.php(64): Illuminate\\Pipeline\\Pipeline->Illuminate\\Pipeline\\{closure}()
#8 C:\\xampp\\htdocs\\laravel-php3\\example-app\\vendor\\laravel\\framework\\src\\Illuminate\\Pipeline\\Pipeline.php(209): Illuminate\\Auth\\Middleware\\Authenticate->handle()
#9 C:\\xampp\\htdocs\\laravel-php3\\example-app\\vendor\\laravel\\framework\\src\\Illuminate\\Foundation\\Http\\Middleware\\VerifyCsrfToken.php(88): Illuminate\\Pipeline\\Pipeline->Illuminate\\Pipeline\\{closure}()
#10 C:\\xampp\\htdocs\\laravel-php3\\example-app\\vendor\\laravel\\framework\\src\\Illuminate\\Pipeline\\Pipeline.php(209): Illuminate\\Foundation\\Http\\Middleware\\VerifyCsrfToken->handle()
#11 C:\\xampp\\htdocs\\laravel-php3\\example-app\\vendor\\laravel\\framework\\src\\Illuminate\\View\\Middleware\\ShareErrorsFromSession.php(49): Illuminate\\Pipeline\\Pipeline->Illuminate\\Pipeline\\{closure}()
#12 C:\\xampp\\htdocs\\laravel-php3\\example-app\\vendor\\laravel\\framework\\src\\Illuminate\\Pipeline\\Pipeline.php(209): Illuminate\\View\\Middleware\\ShareErrorsFromSession->handle()
#13 C:\\xampp\\htdocs\\laravel-php3\\example-app\\vendor\\laravel\\framework\\src\\Illuminate\\Session\\Middleware\\StartSession.php(121): Illuminate\\Pipeline\\Pipeline->Illuminate\\Pipeline\\{closure}()
#14 C:\\xampp\\htdocs\\laravel-php3\\example-app\\vendor\\laravel\\framework\\src\\Illuminate\\Session\\Middleware\\StartSession.php(64): Illuminate\\Session\\Middleware\\StartSession->handleStatefulRequest()
#15 C:\\xampp\\htdocs\\laravel-php3\\example-app\\vendor\\laravel\\framework\\src\\Illuminate\\Pipeline\\Pipeline.php(209): Illuminate\\Session\\Middleware\\StartSession->handle()
#16 C:\\xampp\\htdocs\\laravel-php3\\example-app\\vendor\\laravel\\framework\\src\\Illuminate\\Cookie\\Middleware\\AddQueuedCookiesToResponse.php(37): Illuminate\\Pipeline\\Pipeline->Illuminate\\Pipeline\\{closure}()
#17 C:\\xampp\\htdocs\\laravel-php3\\example-app\\vendor\\laravel\\framework\\src\\Illuminate\\Pipeline\\Pipeline.php(209): Illuminate\\Cookie\\Middleware\\AddQueuedCookiesToResponse->handle()
#18 C:\\xampp\\htdocs\\laravel-php3\\example-app\\vendor\\laravel\\framework\\src\\Illuminate\\Cookie\\Middleware\\EncryptCookies.php(75): Illuminate\\Pipeline\\Pipeline->Illuminate\\Pipeline\\{closure}()
#19 C:\\xampp\\htdocs\\laravel-php3\\example-app\\vendor\\laravel\\framework\\src\\Illuminate\\Pipeline\\Pipeline.php(209): Illuminate\\Cookie\\Middleware\\EncryptCookies->handle()
#20 C:\\xampp\\htdocs\\laravel-php3\\example-app\\vendor\\laravel\\framework\\src\\Illuminate\\Pipeline\\Pipeline.php(127): Illuminate\\Pipeline\\Pipeline->Illuminate\\Pipeline\\{closure}()
#21 C:\\xampp\\htdocs\\laravel-php3\\example-app\\vendor\\laravel\\framework\\src\\Illuminate\\Routing\\Router.php(807): Illuminate\\Pipeline\\Pipeline->then()
#22 C:\\xampp\\htdocs\\laravel-php3\\example-app\\vendor\\laravel\\framework\\src\\Illuminate\\Routing\\Router.php(786): Illuminate\\Routing\\Router->runRouteWithinStack()
#23 C:\\xampp\\htdocs\\laravel-php3\\example-app\\vendor\\laravel\\framework\\src\\Illuminate\\Routing\\Router.php(750): Illuminate\\Routing\\Router->runRoute()
#24 C:\\xampp\\htdocs\\laravel-php3\\example-app\\vendor\\laravel\\framework\\src\\Illuminate\\Routing\\Router.php(739): Illuminate\\Routing\\Router->dispatchToRoute()
#25 C:\\xampp\\htdocs\\laravel-php3\\example-app\\vendor\\laravel\\framework\\src\\Illuminate\\Foundation\\Http\\Kernel.php(201): Illuminate\\Routing\\Router->dispatch()
#26 C:\\xampp\\htdocs\\laravel-php3\\example-app\\vendor\\laravel\\framework\\src\\Illuminate\\Pipeline\\Pipeline.php(170): Illuminate\\Foundation\\Http\\Kernel->Illuminate\\Foundation\\Http\\{closure}()
#27 C:\\xampp\\htdocs\\laravel-php3\\example-app\\vendor\\laravel\\framework\\src\\Illuminate\\Foundation\\Http\\Middleware\\TransformsRequest.php(21): Illuminate\\Pipeline\\Pipeline->Illuminate\\Pipeline\\{closure}()
#28 C:\\xampp\\htdocs\\laravel-php3\\example-app\\vendor\\laravel\\framework\\src\\Illuminate\\Foundation\\Http\\Middleware\\ConvertEmptyStringsToNull.php(31): Illuminate\\Foundation\\Http\\Middleware\\TransformsRequest->handle()
#29 C:\\xampp\\htdocs\\laravel-php3\\example-app\\vendor\\laravel\\framework\\src\\Illuminate\\Pipeline\\Pipeline.php(209): Illuminate\\Foundation\\Http\\Middleware\\ConvertEmptyStringsToNull->handle()
#30 C:\\xampp\\htdocs\\laravel-php3\\example-app\\vendor\\laravel\\framework\\src\\Illuminate\\Foundation\\Http\\Middleware\\TransformsRequest.php(21): Illuminate\\Pipeline\\Pipeline->Illuminate\\Pipeline\\{closure}()
#31 C:\\xampp\\htdocs\\laravel-php3\\example-app\\vendor\\laravel\\framework\\src\\Illuminate\\Foundation\\Http\\Middleware\\TrimStrings.php(51): Illuminate\\Foundation\\Http\\Middleware\\TransformsRequest->handle()
#32 C:\\xampp\\htdocs\\laravel-php3\\example-app\\vendor\\laravel\\framework\\src\\Illuminate\\Pipeline\\Pipeline.php(209): Illuminate\\Foundation\\Http\\Middleware\\TrimStrings->handle()
#33 C:\\xampp\\htdocs\\laravel-php3\\example-app\\vendor\\laravel\\framework\\src\\Illuminate\\Http\\Middleware\\ValidatePostSize.php(27): Illuminate\\Pipeline\\Pipeline->Illuminate\\Pipeline\\{closure}()
#34 C:\\xampp\\htdocs\\laravel-php3\\example-app\\vendor\\laravel\\framework\\src\\Illuminate\\Pipeline\\Pipeline.php(209): Illuminate\\Http\\Middleware\\ValidatePostSize->handle()
#35 C:\\xampp\\htdocs\\laravel-php3\\example-app\\vendor\\laravel\\framework\\src\\Illuminate\\Foundation\\Http\\Middleware\\PreventRequestsDuringMaintenance.php(110): Illuminate\\Pipeline\\Pipeline->Illuminate\\Pipeline\\{closure}()
#36 C:\\xampp\\htdocs\\laravel-php3\\example-app\\vendor\\laravel\\framework\\src\\Illuminate\\Pipeline\\Pipeline.php(209): Illuminate\\Foundation\\Http\\Middleware\\PreventRequestsDuringMaintenance->handle()
#37 C:\\xampp\\htdocs\\laravel-php3\\example-app\\vendor\\laravel\\framework\\src\\Illuminate\\Http\\Middleware\\HandleCors.php(49): Illuminate\\Pipeline\\Pipeline->Illuminate\\Pipeline\\{closure}()
#38 C:\\xampp\\htdocs\\laravel-php3\\example-app\\vendor\\laravel\\framework\\src\\Illuminate\\Pipeline\\Pipeline.php(209): Illuminate\\Http\\Middleware\\HandleCors->handle()
#39 C:\\xampp\\htdocs\\laravel-php3\\example-app\\vendor\\laravel\\framework\\src\\Illuminate\\Http\\Middleware\\TrustProxies.php(58): Illuminate\\Pipeline\\Pipeline->Illuminate\\Pipeline\\{closure}()
#40 C:\\xampp\\htdocs\\laravel-php3\\example-app\\vendor\\laravel\\framework\\src\\Illuminate\\Pipeline\\Pipeline.php(209): Illuminate\\Http\\Middleware\\TrustProxies->handle()
#41 C:\\xampp\\htdocs\\laravel-php3\\example-app\\vendor\\laravel\\framework\\src\\Illuminate\\Foundation\\Http\\Middleware\\InvokeDeferredCallbacks.php(22): Illuminate\\Pipeline\\Pipeline->Illuminate\\Pipeline\\{closure}()
#42 C:\\xampp\\htdocs\\laravel-php3\\example-app\\vendor\\laravel\\framework\\src\\Illuminate\\Pipeline\\Pipeline.php(209): Illuminate\\Foundation\\Http\\Middleware\\InvokeDeferredCallbacks->handle()
#43 C:\\xampp\\htdocs\\laravel-php3\\example-app\\vendor\\laravel\\framework\\src\\Illuminate\\Http\\Middleware\\ValidatePathEncoding.php(26): Illuminate\\Pipeline\\Pipeline->Illuminate\\Pipeline\\{closure}()
#44 C:\\xampp\\htdocs\\laravel-php3\\example-app\\vendor\\laravel\\framework\\src\\Illuminate\\Pipeline\\Pipeline.php(209): Illuminate\\Http\\Middleware\\ValidatePathEncoding->handle()
#45 C:\\xampp\\htdocs\\laravel-php3\\example-app\\vendor\\laravel\\framework\\src\\Illuminate\\Pipeline\\Pipeline.php(127): Illuminate\\Pipeline\\Pipeline->Illuminate\\Pipeline\\{closure}()
#46 C:\\xampp\\htdocs\\laravel-php3\\example-app\\vendor\\laravel\\framework\\src\\Illuminate\\Foundation\\Http\\Kernel.php(176): Illuminate\\Pipeline\\Pipeline->then()
#47 C:\\xampp\\htdocs\\laravel-php3\\example-app\\vendor\\laravel\\framework\\src\\Illuminate\\Foundation\\Http\\Kernel.php(145): Illuminate\\Foundation\\Http\\Kernel->sendRequestThroughRouter()
#48 C:\\xampp\\htdocs\\laravel-php3\\example-app\\vendor\\laravel\\framework\\src\\Illuminate\\Foundation\\Application.php(1220): Illuminate\\Foundation\\Http\\Kernel->handle()
#49 C:\\xampp\\htdocs\\laravel-php3\\example-app\\public\\index.php(20): Illuminate\\Foundation\\Application->handleRequest()
#50 C:\\xampp\\htdocs\\laravel-php3\\example-app\\vendor\\laravel\\framework\\src\\Illuminate\\Foundation\\resources\\server.php(23): require_once('...')
#51 {main}
"} 
[2025-04-10 01:03:12] local.ERROR: SQLSTATE[42S22]: Column not found: 1054 Unknown column 'payment_method' in 'orders' (Connection: mysql, SQL: alter table `orders` add `payment_status` varchar(255) not null default 'pending' after `payment_method`) {"exception":"[object] (Illuminate\\Database\\QueryException(code: 42S22): SQLSTATE[42S22]: Column not found: 1054 Unknown column 'payment_method' in 'orders' (Connection: mysql, SQL: alter table `orders` add `payment_status` varchar(255) not null default 'pending' after `payment_method`) at C:\\xampp\\htdocs\\laravel-php3\\example-app\\vendor\\laravel\\framework\\src\\Illuminate\\Database\\Connection.php:823)
[stacktrace]
#0 C:\\xampp\\htdocs\\laravel-php3\\example-app\\vendor\\laravel\\framework\\src\\Illuminate\\Database\\Connection.php(777): Illuminate\\Database\\Connection->runQueryCallback()
#1 C:\\xampp\\htdocs\\laravel-php3\\example-app\\vendor\\laravel\\framework\\src\\Illuminate\\Database\\Connection.php(558): Illuminate\\Database\\Connection->run()
#2 C:\\xampp\\htdocs\\laravel-php3\\example-app\\vendor\\laravel\\framework\\src\\Illuminate\\Database\\Schema\\Blueprint.php(120): Illuminate\\Database\\Connection->statement()
#3 C:\\xampp\\htdocs\\laravel-php3\\example-app\\vendor\\laravel\\framework\\src\\Illuminate\\Database\\Schema\\Builder.php(619): Illuminate\\Database\\Schema\\Blueprint->build()
#4 C:\\xampp\\htdocs\\laravel-php3\\example-app\\vendor\\laravel\\framework\\src\\Illuminate\\Database\\Schema\\Builder.php(461): Illuminate\\Database\\Schema\\Builder->build()
#5 C:\\xampp\\htdocs\\laravel-php3\\example-app\\vendor\\laravel\\framework\\src\\Illuminate\\Support\\Facades\\Facade.php(361): Illuminate\\Database\\Schema\\Builder->table()
#6 C:\\xampp\\htdocs\\laravel-php3\\example-app\\database\\migrations\\2025_04_07_091744_add_vnpay_columns_to_orders_table.php(11): Illuminate\\Support\\Facades\\Facade::__callStatic()
#7 C:\\xampp\\htdocs\\laravel-php3\\example-app\\vendor\\laravel\\framework\\src\\Illuminate\\Database\\Migrations\\Migrator.php(507): AddVnpayColumnsToOrdersTable->up()
#8 C:\\xampp\\htdocs\\laravel-php3\\example-app\\vendor\\laravel\\framework\\src\\Illuminate\\Database\\Migrations\\Migrator.php(432): Illuminate\\Database\\Migrations\\Migrator->runMethod()
#9 C:\\xampp\\htdocs\\laravel-php3\\example-app\\vendor\\laravel\\framework\\src\\Illuminate\\Database\\Migrations\\Migrator.php(441): Illuminate\\Database\\Migrations\\Migrator->Illuminate\\Database\\Migrations\\{closure}()
#10 C:\\xampp\\htdocs\\laravel-php3\\example-app\\vendor\\laravel\\framework\\src\\Illuminate\\Database\\Migrations\\Migrator.php(244): Illuminate\\Database\\Migrations\\Migrator->runMigration()
#11 C:\\xampp\\htdocs\\laravel-php3\\example-app\\vendor\\laravel\\framework\\src\\Illuminate\\Console\\View\\Components\\Task.php(40): Illuminate\\Database\\Migrations\\Migrator->Illuminate\\Database\\Migrations\\{closure}()
#12 C:\\xampp\\htdocs\\laravel-php3\\example-app\\vendor\\laravel\\framework\\src\\Illuminate\\Database\\Migrations\\Migrator.php(798): Illuminate\\Console\\View\\Components\\Task->render()
#13 C:\\xampp\\htdocs\\laravel-php3\\example-app\\vendor\\laravel\\framework\\src\\Illuminate\\Database\\Migrations\\Migrator.php(244): Illuminate\\Database\\Migrations\\Migrator->write()
#14 C:\\xampp\\htdocs\\laravel-php3\\example-app\\vendor\\laravel\\framework\\src\\Illuminate\\Database\\Migrations\\Migrator.php(211): Illuminate\\Database\\Migrations\\Migrator->runUp()
#15 C:\\xampp\\htdocs\\laravel-php3\\example-app\\vendor\\laravel\\framework\\src\\Illuminate\\Database\\Migrations\\Migrator.php(138): Illuminate\\Database\\Migrations\\Migrator->runPending()
#16 C:\\xampp\\htdocs\\laravel-php3\\example-app\\vendor\\laravel\\framework\\src\\Illuminate\\Database\\Console\\Migrations\\MigrateCommand.php(117): Illuminate\\Database\\Migrations\\Migrator->run()
#17 C:\\xampp\\htdocs\\laravel-php3\\example-app\\vendor\\laravel\\framework\\src\\Illuminate\\Database\\Migrations\\Migrator.php(658): Illuminate\\Database\\Console\\Migrations\\MigrateCommand->Illuminate\\Database\\Console\\Migrations\\{closure}()
#18 C:\\xampp\\htdocs\\laravel-php3\\example-app\\vendor\\laravel\\framework\\src\\Illuminate\\Database\\Console\\Migrations\\MigrateCommand.php(110): Illuminate\\Database\\Migrations\\Migrator->usingConnection()
#19 C:\\xampp\\htdocs\\laravel-php3\\example-app\\vendor\\laravel\\framework\\src\\Illuminate\\Database\\Console\\Migrations\\MigrateCommand.php(89): Illuminate\\Database\\Console\\Migrations\\MigrateCommand->runMigrations()
#20 C:\\xampp\\htdocs\\laravel-php3\\example-app\\vendor\\laravel\\framework\\src\\Illuminate\\Container\\BoundMethod.php(36): Illuminate\\Database\\Console\\Migrations\\MigrateCommand->handle()
#21 C:\\xampp\\htdocs\\laravel-php3\\example-app\\vendor\\laravel\\framework\\src\\Illuminate\\Container\\Util.php(43): Illuminate\\Container\\BoundMethod::Illuminate\\Container\\{closure}()
#22 C:\\xampp\\htdocs\\laravel-php3\\example-app\\vendor\\laravel\\framework\\src\\Illuminate\\Container\\BoundMethod.php(95): Illuminate\\Container\\Util::unwrapIfClosure()
#23 C:\\xampp\\htdocs\\laravel-php3\\example-app\\vendor\\laravel\\framework\\src\\Illuminate\\Container\\BoundMethod.php(35): Illuminate\\Container\\BoundMethod::callBoundMethod()
#24 C:\\xampp\\htdocs\\laravel-php3\\example-app\\vendor\\laravel\\framework\\src\\Illuminate\\Container\\Container.php(754): Illuminate\\Container\\BoundMethod::call()
#25 C:\\xampp\\htdocs\\laravel-php3\\example-app\\vendor\\laravel\\framework\\src\\Illuminate\\Console\\Command.php(213): Illuminate\\Container\\Container->call()
#26 C:\\xampp\\htdocs\\laravel-php3\\example-app\\vendor\\symfony\\console\\Command\\Command.php(279): Illuminate\\Console\\Command->execute()
#27 C:\\xampp\\htdocs\\laravel-php3\\example-app\\vendor\\laravel\\framework\\src\\Illuminate\\Console\\Command.php(182): Symfony\\Component\\Console\\Command\\Command->run()
#28 C:\\xampp\\htdocs\\laravel-php3\\example-app\\vendor\\laravel\\framework\\src\\Illuminate\\Console\\Concerns\\CallsCommands.php(68): Illuminate\\Console\\Command->run()
#29 C:\\xampp\\htdocs\\laravel-php3\\example-app\\vendor\\laravel\\framework\\src\\Illuminate\\Console\\Concerns\\CallsCommands.php(29): Illuminate\\Console\\Command->runCommand()
#30 C:\\xampp\\htdocs\\laravel-php3\\example-app\\vendor\\laravel\\framework\\src\\Illuminate\\Database\\Console\\Migrations\\FreshCommand.php(82): Illuminate\\Console\\Command->call()
#31 C:\\xampp\\htdocs\\laravel-php3\\example-app\\vendor\\laravel\\framework\\src\\Illuminate\\Container\\BoundMethod.php(36): Illuminate\\Database\\Console\\Migrations\\FreshCommand->handle()
#32 C:\\xampp\\htdocs\\laravel-php3\\example-app\\vendor\\laravel\\framework\\src\\Illuminate\\Container\\Util.php(43): Illuminate\\Container\\BoundMethod::Illuminate\\Container\\{closure}()
#33 C:\\xampp\\htdocs\\laravel-php3\\example-app\\vendor\\laravel\\framework\\src\\Illuminate\\Container\\BoundMethod.php(95): Illuminate\\Container\\Util::unwrapIfClosure()
#34 C:\\xampp\\htdocs\\laravel-php3\\example-app\\vendor\\laravel\\framework\\src\\Illuminate\\Container\\BoundMethod.php(35): Illuminate\\Container\\BoundMethod::callBoundMethod()
#35 C:\\xampp\\htdocs\\laravel-php3\\example-app\\vendor\\laravel\\framework\\src\\Illuminate\\Container\\Container.php(754): Illuminate\\Container\\BoundMethod::call()
#36 C:\\xampp\\htdocs\\laravel-php3\\example-app\\vendor\\laravel\\framework\\src\\Illuminate\\Console\\Command.php(213): Illuminate\\Container\\Container->call()
#37 C:\\xampp\\htdocs\\laravel-php3\\example-app\\vendor\\symfony\\console\\Command\\Command.php(279): Illuminate\\Console\\Command->execute()
#38 C:\\xampp\\htdocs\\laravel-php3\\example-app\\vendor\\laravel\\framework\\src\\Illuminate\\Console\\Command.php(182): Symfony\\Component\\Console\\Command\\Command->run()
#39 C:\\xampp\\htdocs\\laravel-php3\\example-app\\vendor\\symfony\\console\\Application.php(1094): Illuminate\\Console\\Command->run()
#40 C:\\xampp\\htdocs\\laravel-php3\\example-app\\vendor\\symfony\\console\\Application.php(342): Symfony\\Component\\Console\\Application->doRunCommand()
#41 C:\\xampp\\htdocs\\laravel-php3\\example-app\\vendor\\symfony\\console\\Application.php(193): Symfony\\Component\\Console\\Application->doRun()
#42 C:\\xampp\\htdocs\\laravel-php3\\example-app\\vendor\\laravel\\framework\\src\\Illuminate\\Foundation\\Console\\Kernel.php(198): Symfony\\Component\\Console\\Application->run()
#43 C:\\xampp\\htdocs\\laravel-php3\\example-app\\vendor\\laravel\\framework\\src\\Illuminate\\Foundation\\Application.php(1235): Illuminate\\Foundation\\Console\\Kernel->handle()
#44 C:\\xampp\\htdocs\\laravel-php3\\example-app\\artisan(16): Illuminate\\Foundation\\Application->handleCommand()
#45 {main}

[previous exception] [object] (PDOException(code: 42S22): SQLSTATE[42S22]: Column not found: 1054 Unknown column 'payment_method' in 'orders' at C:\\xampp\\htdocs\\laravel-php3\\example-app\\vendor\\laravel\\framework\\src\\Illuminate\\Database\\Connection.php:569)
[stacktrace]
#0 C:\\xampp\\htdocs\\laravel-php3\\example-app\\vendor\\laravel\\framework\\src\\Illuminate\\Database\\Connection.php(569): PDOStatement->execute()
#1 C:\\xampp\\htdocs\\laravel-php3\\example-app\\vendor\\laravel\\framework\\src\\Illuminate\\Database\\Connection.php(810): Illuminate\\Database\\Connection->Illuminate\\Database\\{closure}()
#2 C:\\xampp\\htdocs\\laravel-php3\\example-app\\vendor\\laravel\\framework\\src\\Illuminate\\Database\\Connection.php(777): Illuminate\\Database\\Connection->runQueryCallback()
#3 C:\\xampp\\htdocs\\laravel-php3\\example-app\\vendor\\laravel\\framework\\src\\Illuminate\\Database\\Connection.php(558): Illuminate\\Database\\Connection->run()
#4 C:\\xampp\\htdocs\\laravel-php3\\example-app\\vendor\\laravel\\framework\\src\\Illuminate\\Database\\Schema\\Blueprint.php(120): Illuminate\\Database\\Connection->statement()
#5 C:\\xampp\\htdocs\\laravel-php3\\example-app\\vendor\\laravel\\framework\\src\\Illuminate\\Database\\Schema\\Builder.php(619): Illuminate\\Database\\Schema\\Blueprint->build()
#6 C:\\xampp\\htdocs\\laravel-php3\\example-app\\vendor\\laravel\\framework\\src\\Illuminate\\Database\\Schema\\Builder.php(461): Illuminate\\Database\\Schema\\Builder->build()
#7 C:\\xampp\\htdocs\\laravel-php3\\example-app\\vendor\\laravel\\framework\\src\\Illuminate\\Support\\Facades\\Facade.php(361): Illuminate\\Database\\Schema\\Builder->table()
#8 C:\\xampp\\htdocs\\laravel-php3\\example-app\\database\\migrations\\2025_04_07_091744_add_vnpay_columns_to_orders_table.php(11): Illuminate\\Support\\Facades\\Facade::__callStatic()
#9 C:\\xampp\\htdocs\\laravel-php3\\example-app\\vendor\\laravel\\framework\\src\\Illuminate\\Database\\Migrations\\Migrator.php(507): AddVnpayColumnsToOrdersTable->up()
#10 C:\\xampp\\htdocs\\laravel-php3\\example-app\\vendor\\laravel\\framework\\src\\Illuminate\\Database\\Migrations\\Migrator.php(432): Illuminate\\Database\\Migrations\\Migrator->runMethod()
#11 C:\\xampp\\htdocs\\laravel-php3\\example-app\\vendor\\laravel\\framework\\src\\Illuminate\\Database\\Migrations\\Migrator.php(441): Illuminate\\Database\\Migrations\\Migrator->Illuminate\\Database\\Migrations\\{closure}()
#12 C:\\xampp\\htdocs\\laravel-php3\\example-app\\vendor\\laravel\\framework\\src\\Illuminate\\Database\\Migrations\\Migrator.php(244): Illuminate\\Database\\Migrations\\Migrator->runMigration()
#13 C:\\xampp\\htdocs\\laravel-php3\\example-app\\vendor\\laravel\\framework\\src\\Illuminate\\Console\\View\\Components\\Task.php(40): Illuminate\\Database\\Migrations\\Migrator->Illuminate\\Database\\Migrations\\{closure}()
#14 C:\\xampp\\htdocs\\laravel-php3\\example-app\\vendor\\laravel\\framework\\src\\Illuminate\\Database\\Migrations\\Migrator.php(798): Illuminate\\Console\\View\\Components\\Task->render()
#15 C:\\xampp\\htdocs\\laravel-php3\\example-app\\vendor\\laravel\\framework\\src\\Illuminate\\Database\\Migrations\\Migrator.php(244): Illuminate\\Database\\Migrations\\Migrator->write()
#16 C:\\xampp\\htdocs\\laravel-php3\\example-app\\vendor\\laravel\\framework\\src\\Illuminate\\Database\\Migrations\\Migrator.php(211): Illuminate\\Database\\Migrations\\Migrator->runUp()
#17 C:\\xampp\\htdocs\\laravel-php3\\example-app\\vendor\\laravel\\framework\\src\\Illuminate\\Database\\Migrations\\Migrator.php(138): Illuminate\\Database\\Migrations\\Migrator->runPending()
#18 C:\\xampp\\htdocs\\laravel-php3\\example-app\\vendor\\laravel\\framework\\src\\Illuminate\\Database\\Console\\Migrations\\MigrateCommand.php(117): Illuminate\\Database\\Migrations\\Migrator->run()
#19 C:\\xampp\\htdocs\\laravel-php3\\example-app\\vendor\\laravel\\framework\\src\\Illuminate\\Database\\Migrations\\Migrator.php(658): Illuminate\\Database\\Console\\Migrations\\MigrateCommand->Illuminate\\Database\\Console\\Migrations\\{closure}()
#20 C:\\xampp\\htdocs\\laravel-php3\\example-app\\vendor\\laravel\\framework\\src\\Illuminate\\Database\\Console\\Migrations\\MigrateCommand.php(110): Illuminate\\Database\\Migrations\\Migrator->usingConnection()
#21 C:\\xampp\\htdocs\\laravel-php3\\example-app\\vendor\\laravel\\framework\\src\\Illuminate\\Database\\Console\\Migrations\\MigrateCommand.php(89): Illuminate\\Database\\Console\\Migrations\\MigrateCommand->runMigrations()
#22 C:\\xampp\\htdocs\\laravel-php3\\example-app\\vendor\\laravel\\framework\\src\\Illuminate\\Container\\BoundMethod.php(36): Illuminate\\Database\\Console\\Migrations\\MigrateCommand->handle()
#23 C:\\xampp\\htdocs\\laravel-php3\\example-app\\vendor\\laravel\\framework\\src\\Illuminate\\Container\\Util.php(43): Illuminate\\Container\\BoundMethod::Illuminate\\Container\\{closure}()
#24 C:\\xampp\\htdocs\\laravel-php3\\example-app\\vendor\\laravel\\framework\\src\\Illuminate\\Container\\BoundMethod.php(95): Illuminate\\Container\\Util::unwrapIfClosure()
#25 C:\\xampp\\htdocs\\laravel-php3\\example-app\\vendor\\laravel\\framework\\src\\Illuminate\\Container\\BoundMethod.php(35): Illuminate\\Container\\BoundMethod::callBoundMethod()
#26 C:\\xampp\\htdocs\\laravel-php3\\example-app\\vendor\\laravel\\framework\\src\\Illuminate\\Container\\Container.php(754): Illuminate\\Container\\BoundMethod::call()
#27 C:\\xampp\\htdocs\\laravel-php3\\example-app\\vendor\\laravel\\framework\\src\\Illuminate\\Console\\Command.php(213): Illuminate\\Container\\Container->call()
#28 C:\\xampp\\htdocs\\laravel-php3\\example-app\\vendor\\symfony\\console\\Command\\Command.php(279): Illuminate\\Console\\Command->execute()
#29 C:\\xampp\\htdocs\\laravel-php3\\example-app\\vendor\\laravel\\framework\\src\\Illuminate\\Console\\Command.php(182): Symfony\\Component\\Console\\Command\\Command->run()
#30 C:\\xampp\\htdocs\\laravel-php3\\example-app\\vendor\\laravel\\framework\\src\\Illuminate\\Console\\Concerns\\CallsCommands.php(68): Illuminate\\Console\\Command->run()
#31 C:\\xampp\\htdocs\\laravel-php3\\example-app\\vendor\\laravel\\framework\\src\\Illuminate\\Console\\Concerns\\CallsCommands.php(29): Illuminate\\Console\\Command->runCommand()
#32 C:\\xampp\\htdocs\\laravel-php3\\example-app\\vendor\\laravel\\framework\\src\\Illuminate\\Database\\Console\\Migrations\\FreshCommand.php(82): Illuminate\\Console\\Command->call()
#33 C:\\xampp\\htdocs\\laravel-php3\\example-app\\vendor\\laravel\\framework\\src\\Illuminate\\Container\\BoundMethod.php(36): Illuminate\\Database\\Console\\Migrations\\FreshCommand->handle()
#34 C:\\xampp\\htdocs\\laravel-php3\\example-app\\vendor\\laravel\\framework\\src\\Illuminate\\Container\\Util.php(43): Illuminate\\Container\\BoundMethod::Illuminate\\Container\\{closure}()
#35 C:\\xampp\\htdocs\\laravel-php3\\example-app\\vendor\\laravel\\framework\\src\\Illuminate\\Container\\BoundMethod.php(95): Illuminate\\Container\\Util::unwrapIfClosure()
#36 C:\\xampp\\htdocs\\laravel-php3\\example-app\\vendor\\laravel\\framework\\src\\Illuminate\\Container\\BoundMethod.php(35): Illuminate\\Container\\BoundMethod::callBoundMethod()
#37 C:\\xampp\\htdocs\\laravel-php3\\example-app\\vendor\\laravel\\framework\\src\\Illuminate\\Container\\Container.php(754): Illuminate\\Container\\BoundMethod::call()
#38 C:\\xampp\\htdocs\\laravel-php3\\example-app\\vendor\\laravel\\framework\\src\\Illuminate\\Console\\Command.php(213): Illuminate\\Container\\Container->call()
#39 C:\\xampp\\htdocs\\laravel-php3\\example-app\\vendor\\symfony\\console\\Command\\Command.php(279): Illuminate\\Console\\Command->execute()
#40 C:\\xampp\\htdocs\\laravel-php3\\example-app\\vendor\\laravel\\framework\\src\\Illuminate\\Console\\Command.php(182): Symfony\\Component\\Console\\Command\\Command->run()
#41 C:\\xampp\\htdocs\\laravel-php3\\example-app\\vendor\\symfony\\console\\Application.php(1094): Illuminate\\Console\\Command->run()
#42 C:\\xampp\\htdocs\\laravel-php3\\example-app\\vendor\\symfony\\console\\Application.php(342): Symfony\\Component\\Console\\Application->doRunCommand()
#43 C:\\xampp\\htdocs\\laravel-php3\\example-app\\vendor\\symfony\\console\\Application.php(193): Symfony\\Component\\Console\\Application->doRun()
#44 C:\\xampp\\htdocs\\laravel-php3\\example-app\\vendor\\laravel\\framework\\src\\Illuminate\\Foundation\\Console\\Kernel.php(198): Symfony\\Component\\Console\\Application->run()
#45 C:\\xampp\\htdocs\\laravel-php3\\example-app\\vendor\\laravel\\framework\\src\\Illuminate\\Foundation\\Application.php(1235): Illuminate\\Foundation\\Console\\Kernel->handle()
#46 C:\\xampp\\htdocs\\laravel-php3\\example-app\\artisan(16): Illuminate\\Foundation\\Application->handleCommand()
#47 {main}
"} 
[2025-04-10 01:05:13] local.ERROR: SQLSTATE[42S01]: Base table or view already exists: 1050 Table 'categories' already exists (Connection: mysql, SQL: create table `categories` (`id` bigint unsigned not null auto_increment primary key, `parent_id` bigint unsigned null, `name` varchar(255) not null, `slug` varchar(255) not null, `image` varchar(255) null, `description` text null, `created_at` timestamp null, `updated_at` timestamp null) default character set utf8mb4 collate 'utf8mb4_unicode_ci') {"exception":"[object] (Illuminate\\Database\\QueryException(code: 42S01): SQLSTATE[42S01]: Base table or view already exists: 1050 Table 'categories' already exists (Connection: mysql, SQL: create table `categories` (`id` bigint unsigned not null auto_increment primary key, `parent_id` bigint unsigned null, `name` varchar(255) not null, `slug` varchar(255) not null, `image` varchar(255) null, `description` text null, `created_at` timestamp null, `updated_at` timestamp null) default character set utf8mb4 collate 'utf8mb4_unicode_ci') at C:\\xampp\\htdocs\\laravel-php3\\example-app\\vendor\\laravel\\framework\\src\\Illuminate\\Database\\Connection.php:823)
[stacktrace]
#0 C:\\xampp\\htdocs\\laravel-php3\\example-app\\vendor\\laravel\\framework\\src\\Illuminate\\Database\\Connection.php(777): Illuminate\\Database\\Connection->runQueryCallback()
#1 C:\\xampp\\htdocs\\laravel-php3\\example-app\\vendor\\laravel\\framework\\src\\Illuminate\\Database\\Connection.php(558): Illuminate\\Database\\Connection->run()
#2 C:\\xampp\\htdocs\\laravel-php3\\example-app\\vendor\\laravel\\framework\\src\\Illuminate\\Database\\Schema\\Blueprint.php(120): Illuminate\\Database\\Connection->statement()
#3 C:\\xampp\\htdocs\\laravel-php3\\example-app\\vendor\\laravel\\framework\\src\\Illuminate\\Database\\Schema\\Builder.php(619): Illuminate\\Database\\Schema\\Blueprint->build()
#4 C:\\xampp\\htdocs\\laravel-php3\\example-app\\vendor\\laravel\\framework\\src\\Illuminate\\Database\\Schema\\Builder.php(473): Illuminate\\Database\\Schema\\Builder->build()
#5 C:\\xampp\\htdocs\\laravel-php3\\example-app\\vendor\\laravel\\framework\\src\\Illuminate\\Support\\Facades\\Facade.php(361): Illuminate\\Database\\Schema\\Builder->create()
#6 C:\\xampp\\htdocs\\laravel-php3\\example-app\\database\\migrations\\2025_03_17_023618_create_categories_table.php(9): Illuminate\\Support\\Facades\\Facade::__callStatic()
#7 C:\\xampp\\htdocs\\laravel-php3\\example-app\\vendor\\laravel\\framework\\src\\Illuminate\\Database\\Migrations\\Migrator.php(507): Illuminate\\Database\\Migrations\\Migration@anonymous->up()
#8 C:\\xampp\\htdocs\\laravel-php3\\example-app\\vendor\\laravel\\framework\\src\\Illuminate\\Database\\Migrations\\Migrator.php(432): Illuminate\\Database\\Migrations\\Migrator->runMethod()
#9 C:\\xampp\\htdocs\\laravel-php3\\example-app\\vendor\\laravel\\framework\\src\\Illuminate\\Database\\Migrations\\Migrator.php(441): Illuminate\\Database\\Migrations\\Migrator->Illuminate\\Database\\Migrations\\{closure}()
#10 C:\\xampp\\htdocs\\laravel-php3\\example-app\\vendor\\laravel\\framework\\src\\Illuminate\\Database\\Migrations\\Migrator.php(244): Illuminate\\Database\\Migrations\\Migrator->runMigration()
#11 C:\\xampp\\htdocs\\laravel-php3\\example-app\\vendor\\laravel\\framework\\src\\Illuminate\\Console\\View\\Components\\Task.php(40): Illuminate\\Database\\Migrations\\Migrator->Illuminate\\Database\\Migrations\\{closure}()
#12 C:\\xampp\\htdocs\\laravel-php3\\example-app\\vendor\\laravel\\framework\\src\\Illuminate\\Database\\Migrations\\Migrator.php(798): Illuminate\\Console\\View\\Components\\Task->render()
#13 C:\\xampp\\htdocs\\laravel-php3\\example-app\\vendor\\laravel\\framework\\src\\Illuminate\\Database\\Migrations\\Migrator.php(244): Illuminate\\Database\\Migrations\\Migrator->write()
#14 C:\\xampp\\htdocs\\laravel-php3\\example-app\\vendor\\laravel\\framework\\src\\Illuminate\\Database\\Migrations\\Migrator.php(211): Illuminate\\Database\\Migrations\\Migrator->runUp()
#15 C:\\xampp\\htdocs\\laravel-php3\\example-app\\vendor\\laravel\\framework\\src\\Illuminate\\Database\\Migrations\\Migrator.php(138): Illuminate\\Database\\Migrations\\Migrator->runPending()
#16 C:\\xampp\\htdocs\\laravel-php3\\example-app\\vendor\\laravel\\framework\\src\\Illuminate\\Database\\Console\\Migrations\\MigrateCommand.php(117): Illuminate\\Database\\Migrations\\Migrator->run()
#17 C:\\xampp\\htdocs\\laravel-php3\\example-app\\vendor\\laravel\\framework\\src\\Illuminate\\Database\\Migrations\\Migrator.php(658): Illuminate\\Database\\Console\\Migrations\\MigrateCommand->Illuminate\\Database\\Console\\Migrations\\{closure}()
#18 C:\\xampp\\htdocs\\laravel-php3\\example-app\\vendor\\laravel\\framework\\src\\Illuminate\\Database\\Console\\Migrations\\MigrateCommand.php(110): Illuminate\\Database\\Migrations\\Migrator->usingConnection()
#19 C:\\xampp\\htdocs\\laravel-php3\\example-app\\vendor\\laravel\\framework\\src\\Illuminate\\Database\\Console\\Migrations\\MigrateCommand.php(89): Illuminate\\Database\\Console\\Migrations\\MigrateCommand->runMigrations()
#20 C:\\xampp\\htdocs\\laravel-php3\\example-app\\vendor\\laravel\\framework\\src\\Illuminate\\Container\\BoundMethod.php(36): Illuminate\\Database\\Console\\Migrations\\MigrateCommand->handle()
#21 C:\\xampp\\htdocs\\laravel-php3\\example-app\\vendor\\laravel\\framework\\src\\Illuminate\\Container\\Util.php(43): Illuminate\\Container\\BoundMethod::Illuminate\\Container\\{closure}()
#22 C:\\xampp\\htdocs\\laravel-php3\\example-app\\vendor\\laravel\\framework\\src\\Illuminate\\Container\\BoundMethod.php(95): Illuminate\\Container\\Util::unwrapIfClosure()
#23 C:\\xampp\\htdocs\\laravel-php3\\example-app\\vendor\\laravel\\framework\\src\\Illuminate\\Container\\BoundMethod.php(35): Illuminate\\Container\\BoundMethod::callBoundMethod()
#24 C:\\xampp\\htdocs\\laravel-php3\\example-app\\vendor\\laravel\\framework\\src\\Illuminate\\Container\\Container.php(754): Illuminate\\Container\\BoundMethod::call()
#25 C:\\xampp\\htdocs\\laravel-php3\\example-app\\vendor\\laravel\\framework\\src\\Illuminate\\Console\\Command.php(213): Illuminate\\Container\\Container->call()
#26 C:\\xampp\\htdocs\\laravel-php3\\example-app\\vendor\\symfony\\console\\Command\\Command.php(279): Illuminate\\Console\\Command->execute()
#27 C:\\xampp\\htdocs\\laravel-php3\\example-app\\vendor\\laravel\\framework\\src\\Illuminate\\Console\\Command.php(182): Symfony\\Component\\Console\\Command\\Command->run()
#28 C:\\xampp\\htdocs\\laravel-php3\\example-app\\vendor\\symfony\\console\\Application.php(1094): Illuminate\\Console\\Command->run()
#29 C:\\xampp\\htdocs\\laravel-php3\\example-app\\vendor\\symfony\\console\\Application.php(342): Symfony\\Component\\Console\\Application->doRunCommand()
#30 C:\\xampp\\htdocs\\laravel-php3\\example-app\\vendor\\symfony\\console\\Application.php(193): Symfony\\Component\\Console\\Application->doRun()
#31 C:\\xampp\\htdocs\\laravel-php3\\example-app\\vendor\\laravel\\framework\\src\\Illuminate\\Foundation\\Console\\Kernel.php(198): Symfony\\Component\\Console\\Application->run()
#32 C:\\xampp\\htdocs\\laravel-php3\\example-app\\vendor\\laravel\\framework\\src\\Illuminate\\Foundation\\Application.php(1235): Illuminate\\Foundation\\Console\\Kernel->handle()
#33 C:\\xampp\\htdocs\\laravel-php3\\example-app\\artisan(16): Illuminate\\Foundation\\Application->handleCommand()
#34 {main}

[previous exception] [object] (PDOException(code: 42S01): SQLSTATE[42S01]: Base table or view already exists: 1050 Table 'categories' already exists at C:\\xampp\\htdocs\\laravel-php3\\example-app\\vendor\\laravel\\framework\\src\\Illuminate\\Database\\Connection.php:569)
[stacktrace]
#0 C:\\xampp\\htdocs\\laravel-php3\\example-app\\vendor\\laravel\\framework\\src\\Illuminate\\Database\\Connection.php(569): PDOStatement->execute()
#1 C:\\xampp\\htdocs\\laravel-php3\\example-app\\vendor\\laravel\\framework\\src\\Illuminate\\Database\\Connection.php(810): Illuminate\\Database\\Connection->Illuminate\\Database\\{closure}()
#2 C:\\xampp\\htdocs\\laravel-php3\\example-app\\vendor\\laravel\\framework\\src\\Illuminate\\Database\\Connection.php(777): Illuminate\\Database\\Connection->runQueryCallback()
#3 C:\\xampp\\htdocs\\laravel-php3\\example-app\\vendor\\laravel\\framework\\src\\Illuminate\\Database\\Connection.php(558): Illuminate\\Database\\Connection->run()
#4 C:\\xampp\\htdocs\\laravel-php3\\example-app\\vendor\\laravel\\framework\\src\\Illuminate\\Database\\Schema\\Blueprint.php(120): Illuminate\\Database\\Connection->statement()
#5 C:\\xampp\\htdocs\\laravel-php3\\example-app\\vendor\\laravel\\framework\\src\\Illuminate\\Database\\Schema\\Builder.php(619): Illuminate\\Database\\Schema\\Blueprint->build()
#6 C:\\xampp\\htdocs\\laravel-php3\\example-app\\vendor\\laravel\\framework\\src\\Illuminate\\Database\\Schema\\Builder.php(473): Illuminate\\Database\\Schema\\Builder->build()
#7 C:\\xampp\\htdocs\\laravel-php3\\example-app\\vendor\\laravel\\framework\\src\\Illuminate\\Support\\Facades\\Facade.php(361): Illuminate\\Database\\Schema\\Builder->create()
#8 C:\\xampp\\htdocs\\laravel-php3\\example-app\\database\\migrations\\2025_03_17_023618_create_categories_table.php(9): Illuminate\\Support\\Facades\\Facade::__callStatic()
#9 C:\\xampp\\htdocs\\laravel-php3\\example-app\\vendor\\laravel\\framework\\src\\Illuminate\\Database\\Migrations\\Migrator.php(507): Illuminate\\Database\\Migrations\\Migration@anonymous->up()
#10 C:\\xampp\\htdocs\\laravel-php3\\example-app\\vendor\\laravel\\framework\\src\\Illuminate\\Database\\Migrations\\Migrator.php(432): Illuminate\\Database\\Migrations\\Migrator->runMethod()
#11 C:\\xampp\\htdocs\\laravel-php3\\example-app\\vendor\\laravel\\framework\\src\\Illuminate\\Database\\Migrations\\Migrator.php(441): Illuminate\\Database\\Migrations\\Migrator->Illuminate\\Database\\Migrations\\{closure}()
#12 C:\\xampp\\htdocs\\laravel-php3\\example-app\\vendor\\laravel\\framework\\src\\Illuminate\\Database\\Migrations\\Migrator.php(244): Illuminate\\Database\\Migrations\\Migrator->runMigration()
#13 C:\\xampp\\htdocs\\laravel-php3\\example-app\\vendor\\laravel\\framework\\src\\Illuminate\\Console\\View\\Components\\Task.php(40): Illuminate\\Database\\Migrations\\Migrator->Illuminate\\Database\\Migrations\\{closure}()
#14 C:\\xampp\\htdocs\\laravel-php3\\example-app\\vendor\\laravel\\framework\\src\\Illuminate\\Database\\Migrations\\Migrator.php(798): Illuminate\\Console\\View\\Components\\Task->render()
#15 C:\\xampp\\htdocs\\laravel-php3\\example-app\\vendor\\laravel\\framework\\src\\Illuminate\\Database\\Migrations\\Migrator.php(244): Illuminate\\Database\\Migrations\\Migrator->write()
#16 C:\\xampp\\htdocs\\laravel-php3\\example-app\\vendor\\laravel\\framework\\src\\Illuminate\\Database\\Migrations\\Migrator.php(211): Illuminate\\Database\\Migrations\\Migrator->runUp()
#17 C:\\xampp\\htdocs\\laravel-php3\\example-app\\vendor\\laravel\\framework\\src\\Illuminate\\Database\\Migrations\\Migrator.php(138): Illuminate\\Database\\Migrations\\Migrator->runPending()
#18 C:\\xampp\\htdocs\\laravel-php3\\example-app\\vendor\\laravel\\framework\\src\\Illuminate\\Database\\Console\\Migrations\\MigrateCommand.php(117): Illuminate\\Database\\Migrations\\Migrator->run()
#19 C:\\xampp\\htdocs\\laravel-php3\\example-app\\vendor\\laravel\\framework\\src\\Illuminate\\Database\\Migrations\\Migrator.php(658): Illuminate\\Database\\Console\\Migrations\\MigrateCommand->Illuminate\\Database\\Console\\Migrations\\{closure}()
#20 C:\\xampp\\htdocs\\laravel-php3\\example-app\\vendor\\laravel\\framework\\src\\Illuminate\\Database\\Console\\Migrations\\MigrateCommand.php(110): Illuminate\\Database\\Migrations\\Migrator->usingConnection()
#21 C:\\xampp\\htdocs\\laravel-php3\\example-app\\vendor\\laravel\\framework\\src\\Illuminate\\Database\\Console\\Migrations\\MigrateCommand.php(89): Illuminate\\Database\\Console\\Migrations\\MigrateCommand->runMigrations()
#22 C:\\xampp\\htdocs\\laravel-php3\\example-app\\vendor\\laravel\\framework\\src\\Illuminate\\Container\\BoundMethod.php(36): Illuminate\\Database\\Console\\Migrations\\MigrateCommand->handle()
#23 C:\\xampp\\htdocs\\laravel-php3\\example-app\\vendor\\laravel\\framework\\src\\Illuminate\\Container\\Util.php(43): Illuminate\\Container\\BoundMethod::Illuminate\\Container\\{closure}()
#24 C:\\xampp\\htdocs\\laravel-php3\\example-app\\vendor\\laravel\\framework\\src\\Illuminate\\Container\\BoundMethod.php(95): Illuminate\\Container\\Util::unwrapIfClosure()
#25 C:\\xampp\\htdocs\\laravel-php3\\example-app\\vendor\\laravel\\framework\\src\\Illuminate\\Container\\BoundMethod.php(35): Illuminate\\Container\\BoundMethod::callBoundMethod()
#26 C:\\xampp\\htdocs\\laravel-php3\\example-app\\vendor\\laravel\\framework\\src\\Illuminate\\Container\\Container.php(754): Illuminate\\Container\\BoundMethod::call()
#27 C:\\xampp\\htdocs\\laravel-php3\\example-app\\vendor\\laravel\\framework\\src\\Illuminate\\Console\\Command.php(213): Illuminate\\Container\\Container->call()
#28 C:\\xampp\\htdocs\\laravel-php3\\example-app\\vendor\\symfony\\console\\Command\\Command.php(279): Illuminate\\Console\\Command->execute()
#29 C:\\xampp\\htdocs\\laravel-php3\\example-app\\vendor\\laravel\\framework\\src\\Illuminate\\Console\\Command.php(182): Symfony\\Component\\Console\\Command\\Command->run()
#30 C:\\xampp\\htdocs\\laravel-php3\\example-app\\vendor\\symfony\\console\\Application.php(1094): Illuminate\\Console\\Command->run()
#31 C:\\xampp\\htdocs\\laravel-php3\\example-app\\vendor\\symfony\\console\\Application.php(342): Symfony\\Component\\Console\\Application->doRunCommand()
#32 C:\\xampp\\htdocs\\laravel-php3\\example-app\\vendor\\symfony\\console\\Application.php(193): Symfony\\Component\\Console\\Application->doRun()
#33 C:\\xampp\\htdocs\\laravel-php3\\example-app\\vendor\\laravel\\framework\\src\\Illuminate\\Foundation\\Console\\Kernel.php(198): Symfony\\Component\\Console\\Application->run()
#34 C:\\xampp\\htdocs\\laravel-php3\\example-app\\vendor\\laravel\\framework\\src\\Illuminate\\Foundation\\Application.php(1235): Illuminate\\Foundation\\Console\\Kernel->handle()
#35 C:\\xampp\\htdocs\\laravel-php3\\example-app\\artisan(16): Illuminate\\Foundation\\Application->handleCommand()
#36 {main}
"} 
[2025-04-10 01:05:50] local.ERROR: SQLSTATE[HY000]: General error: 1005 Can't create table `laravel`.`orders` (errno: 150 "Foreign key constraint is incorrectly formed") (Connection: mysql, SQL: alter table `orders` add constraint `orders_user_id_foreign` foreign key (`user_id`) references `users` (`id`) on delete cascade) {"exception":"[object] (Illuminate\\Database\\QueryException(code: HY000): SQLSTATE[HY000]: General error: 1005 Can't create table `laravel`.`orders` (errno: 150 \"Foreign key constraint is incorrectly formed\") (Connection: mysql, SQL: alter table `orders` add constraint `orders_user_id_foreign` foreign key (`user_id`) references `users` (`id`) on delete cascade) at C:\\xampp\\htdocs\\laravel-php3\\example-app\\vendor\\laravel\\framework\\src\\Illuminate\\Database\\Connection.php:823)
[stacktrace]
#0 C:\\xampp\\htdocs\\laravel-php3\\example-app\\vendor\\laravel\\framework\\src\\Illuminate\\Database\\Connection.php(777): Illuminate\\Database\\Connection->runQueryCallback()
#1 C:\\xampp\\htdocs\\laravel-php3\\example-app\\vendor\\laravel\\framework\\src\\Illuminate\\Database\\Connection.php(558): Illuminate\\Database\\Connection->run()
#2 C:\\xampp\\htdocs\\laravel-php3\\example-app\\vendor\\laravel\\framework\\src\\Illuminate\\Database\\Schema\\Blueprint.php(120): Illuminate\\Database\\Connection->statement()
#3 C:\\xampp\\htdocs\\laravel-php3\\example-app\\vendor\\laravel\\framework\\src\\Illuminate\\Database\\Schema\\Builder.php(619): Illuminate\\Database\\Schema\\Blueprint->build()
#4 C:\\xampp\\htdocs\\laravel-php3\\example-app\\vendor\\laravel\\framework\\src\\Illuminate\\Database\\Schema\\Builder.php(473): Illuminate\\Database\\Schema\\Builder->build()
#5 C:\\xampp\\htdocs\\laravel-php3\\example-app\\vendor\\laravel\\framework\\src\\Illuminate\\Support\\Facades\\Facade.php(361): Illuminate\\Database\\Schema\\Builder->create()
#6 C:\\xampp\\htdocs\\laravel-php3\\example-app\\database\\migrations\\2025_04_05_002833_create_orders_table.php(11): Illuminate\\Support\\Facades\\Facade::__callStatic()
#7 C:\\xampp\\htdocs\\laravel-php3\\example-app\\vendor\\laravel\\framework\\src\\Illuminate\\Database\\Migrations\\Migrator.php(507): CreateOrdersTable->up()
#8 C:\\xampp\\htdocs\\laravel-php3\\example-app\\vendor\\laravel\\framework\\src\\Illuminate\\Database\\Migrations\\Migrator.php(432): Illuminate\\Database\\Migrations\\Migrator->runMethod()
#9 C:\\xampp\\htdocs\\laravel-php3\\example-app\\vendor\\laravel\\framework\\src\\Illuminate\\Database\\Migrations\\Migrator.php(441): Illuminate\\Database\\Migrations\\Migrator->Illuminate\\Database\\Migrations\\{closure}()
#10 C:\\xampp\\htdocs\\laravel-php3\\example-app\\vendor\\laravel\\framework\\src\\Illuminate\\Database\\Migrations\\Migrator.php(244): Illuminate\\Database\\Migrations\\Migrator->runMigration()
#11 C:\\xampp\\htdocs\\laravel-php3\\example-app\\vendor\\laravel\\framework\\src\\Illuminate\\Console\\View\\Components\\Task.php(40): Illuminate\\Database\\Migrations\\Migrator->Illuminate\\Database\\Migrations\\{closure}()
#12 C:\\xampp\\htdocs\\laravel-php3\\example-app\\vendor\\laravel\\framework\\src\\Illuminate\\Database\\Migrations\\Migrator.php(798): Illuminate\\Console\\View\\Components\\Task->render()
#13 C:\\xampp\\htdocs\\laravel-php3\\example-app\\vendor\\laravel\\framework\\src\\Illuminate\\Database\\Migrations\\Migrator.php(244): Illuminate\\Database\\Migrations\\Migrator->write()
#14 C:\\xampp\\htdocs\\laravel-php3\\example-app\\vendor\\laravel\\framework\\src\\Illuminate\\Database\\Migrations\\Migrator.php(211): Illuminate\\Database\\Migrations\\Migrator->runUp()
#15 C:\\xampp\\htdocs\\laravel-php3\\example-app\\vendor\\laravel\\framework\\src\\Illuminate\\Database\\Migrations\\Migrator.php(138): Illuminate\\Database\\Migrations\\Migrator->runPending()
#16 C:\\xampp\\htdocs\\laravel-php3\\example-app\\vendor\\laravel\\framework\\src\\Illuminate\\Database\\Console\\Migrations\\MigrateCommand.php(117): Illuminate\\Database\\Migrations\\Migrator->run()
#17 C:\\xampp\\htdocs\\laravel-php3\\example-app\\vendor\\laravel\\framework\\src\\Illuminate\\Database\\Migrations\\Migrator.php(658): Illuminate\\Database\\Console\\Migrations\\MigrateCommand->Illuminate\\Database\\Console\\Migrations\\{closure}()
#18 C:\\xampp\\htdocs\\laravel-php3\\example-app\\vendor\\laravel\\framework\\src\\Illuminate\\Database\\Console\\Migrations\\MigrateCommand.php(110): Illuminate\\Database\\Migrations\\Migrator->usingConnection()
#19 C:\\xampp\\htdocs\\laravel-php3\\example-app\\vendor\\laravel\\framework\\src\\Illuminate\\Database\\Console\\Migrations\\MigrateCommand.php(89): Illuminate\\Database\\Console\\Migrations\\MigrateCommand->runMigrations()
#20 C:\\xampp\\htdocs\\laravel-php3\\example-app\\vendor\\laravel\\framework\\src\\Illuminate\\Container\\BoundMethod.php(36): Illuminate\\Database\\Console\\Migrations\\MigrateCommand->handle()
#21 C:\\xampp\\htdocs\\laravel-php3\\example-app\\vendor\\laravel\\framework\\src\\Illuminate\\Container\\Util.php(43): Illuminate\\Container\\BoundMethod::Illuminate\\Container\\{closure}()
#22 C:\\xampp\\htdocs\\laravel-php3\\example-app\\vendor\\laravel\\framework\\src\\Illuminate\\Container\\BoundMethod.php(95): Illuminate\\Container\\Util::unwrapIfClosure()
#23 C:\\xampp\\htdocs\\laravel-php3\\example-app\\vendor\\laravel\\framework\\src\\Illuminate\\Container\\BoundMethod.php(35): Illuminate\\Container\\BoundMethod::callBoundMethod()
#24 C:\\xampp\\htdocs\\laravel-php3\\example-app\\vendor\\laravel\\framework\\src\\Illuminate\\Container\\Container.php(754): Illuminate\\Container\\BoundMethod::call()
#25 C:\\xampp\\htdocs\\laravel-php3\\example-app\\vendor\\laravel\\framework\\src\\Illuminate\\Console\\Command.php(213): Illuminate\\Container\\Container->call()
#26 C:\\xampp\\htdocs\\laravel-php3\\example-app\\vendor\\symfony\\console\\Command\\Command.php(279): Illuminate\\Console\\Command->execute()
#27 C:\\xampp\\htdocs\\laravel-php3\\example-app\\vendor\\laravel\\framework\\src\\Illuminate\\Console\\Command.php(182): Symfony\\Component\\Console\\Command\\Command->run()
#28 C:\\xampp\\htdocs\\laravel-php3\\example-app\\vendor\\symfony\\console\\Application.php(1094): Illuminate\\Console\\Command->run()
#29 C:\\xampp\\htdocs\\laravel-php3\\example-app\\vendor\\symfony\\console\\Application.php(342): Symfony\\Component\\Console\\Application->doRunCommand()
#30 C:\\xampp\\htdocs\\laravel-php3\\example-app\\vendor\\symfony\\console\\Application.php(193): Symfony\\Component\\Console\\Application->doRun()
#31 C:\\xampp\\htdocs\\laravel-php3\\example-app\\vendor\\laravel\\framework\\src\\Illuminate\\Foundation\\Console\\Kernel.php(198): Symfony\\Component\\Console\\Application->run()
#32 C:\\xampp\\htdocs\\laravel-php3\\example-app\\vendor\\laravel\\framework\\src\\Illuminate\\Foundation\\Application.php(1235): Illuminate\\Foundation\\Console\\Kernel->handle()
#33 C:\\xampp\\htdocs\\laravel-php3\\example-app\\artisan(16): Illuminate\\Foundation\\Application->handleCommand()
#34 {main}

[previous exception] [object] (PDOException(code: HY000): SQLSTATE[HY000]: General error: 1005 Can't create table `laravel`.`orders` (errno: 150 \"Foreign key constraint is incorrectly formed\") at C:\\xampp\\htdocs\\laravel-php3\\example-app\\vendor\\laravel\\framework\\src\\Illuminate\\Database\\Connection.php:569)
[stacktrace]
#0 C:\\xampp\\htdocs\\laravel-php3\\example-app\\vendor\\laravel\\framework\\src\\Illuminate\\Database\\Connection.php(569): PDOStatement->execute()
#1 C:\\xampp\\htdocs\\laravel-php3\\example-app\\vendor\\laravel\\framework\\src\\Illuminate\\Database\\Connection.php(810): Illuminate\\Database\\Connection->Illuminate\\Database\\{closure}()
#2 C:\\xampp\\htdocs\\laravel-php3\\example-app\\vendor\\laravel\\framework\\src\\Illuminate\\Database\\Connection.php(777): Illuminate\\Database\\Connection->runQueryCallback()
#3 C:\\xampp\\htdocs\\laravel-php3\\example-app\\vendor\\laravel\\framework\\src\\Illuminate\\Database\\Connection.php(558): Illuminate\\Database\\Connection->run()
#4 C:\\xampp\\htdocs\\laravel-php3\\example-app\\vendor\\laravel\\framework\\src\\Illuminate\\Database\\Schema\\Blueprint.php(120): Illuminate\\Database\\Connection->statement()
#5 C:\\xampp\\htdocs\\laravel-php3\\example-app\\vendor\\laravel\\framework\\src\\Illuminate\\Database\\Schema\\Builder.php(619): Illuminate\\Database\\Schema\\Blueprint->build()
#6 C:\\xampp\\htdocs\\laravel-php3\\example-app\\vendor\\laravel\\framework\\src\\Illuminate\\Database\\Schema\\Builder.php(473): Illuminate\\Database\\Schema\\Builder->build()
#7 C:\\xampp\\htdocs\\laravel-php3\\example-app\\vendor\\laravel\\framework\\src\\Illuminate\\Support\\Facades\\Facade.php(361): Illuminate\\Database\\Schema\\Builder->create()
#8 C:\\xampp\\htdocs\\laravel-php3\\example-app\\database\\migrations\\2025_04_05_002833_create_orders_table.php(11): Illuminate\\Support\\Facades\\Facade::__callStatic()
#9 C:\\xampp\\htdocs\\laravel-php3\\example-app\\vendor\\laravel\\framework\\src\\Illuminate\\Database\\Migrations\\Migrator.php(507): CreateOrdersTable->up()
#10 C:\\xampp\\htdocs\\laravel-php3\\example-app\\vendor\\laravel\\framework\\src\\Illuminate\\Database\\Migrations\\Migrator.php(432): Illuminate\\Database\\Migrations\\Migrator->runMethod()
#11 C:\\xampp\\htdocs\\laravel-php3\\example-app\\vendor\\laravel\\framework\\src\\Illuminate\\Database\\Migrations\\Migrator.php(441): Illuminate\\Database\\Migrations\\Migrator->Illuminate\\Database\\Migrations\\{closure}()
#12 C:\\xampp\\htdocs\\laravel-php3\\example-app\\vendor\\laravel\\framework\\src\\Illuminate\\Database\\Migrations\\Migrator.php(244): Illuminate\\Database\\Migrations\\Migrator->runMigration()
#13 C:\\xampp\\htdocs\\laravel-php3\\example-app\\vendor\\laravel\\framework\\src\\Illuminate\\Console\\View\\Components\\Task.php(40): Illuminate\\Database\\Migrations\\Migrator->Illuminate\\Database\\Migrations\\{closure}()
#14 C:\\xampp\\htdocs\\laravel-php3\\example-app\\vendor\\laravel\\framework\\src\\Illuminate\\Database\\Migrations\\Migrator.php(798): Illuminate\\Console\\View\\Components\\Task->render()
#15 C:\\xampp\\htdocs\\laravel-php3\\example-app\\vendor\\laravel\\framework\\src\\Illuminate\\Database\\Migrations\\Migrator.php(244): Illuminate\\Database\\Migrations\\Migrator->write()
#16 C:\\xampp\\htdocs\\laravel-php3\\example-app\\vendor\\laravel\\framework\\src\\Illuminate\\Database\\Migrations\\Migrator.php(211): Illuminate\\Database\\Migrations\\Migrator->runUp()
#17 C:\\xampp\\htdocs\\laravel-php3\\example-app\\vendor\\laravel\\framework\\src\\Illuminate\\Database\\Migrations\\Migrator.php(138): Illuminate\\Database\\Migrations\\Migrator->runPending()
#18 C:\\xampp\\htdocs\\laravel-php3\\example-app\\vendor\\laravel\\framework\\src\\Illuminate\\Database\\Console\\Migrations\\MigrateCommand.php(117): Illuminate\\Database\\Migrations\\Migrator->run()
#19 C:\\xampp\\htdocs\\laravel-php3\\example-app\\vendor\\laravel\\framework\\src\\Illuminate\\Database\\Migrations\\Migrator.php(658): Illuminate\\Database\\Console\\Migrations\\MigrateCommand->Illuminate\\Database\\Console\\Migrations\\{closure}()
#20 C:\\xampp\\htdocs\\laravel-php3\\example-app\\vendor\\laravel\\framework\\src\\Illuminate\\Database\\Console\\Migrations\\MigrateCommand.php(110): Illuminate\\Database\\Migrations\\Migrator->usingConnection()
#21 C:\\xampp\\htdocs\\laravel-php3\\example-app\\vendor\\laravel\\framework\\src\\Illuminate\\Database\\Console\\Migrations\\MigrateCommand.php(89): Illuminate\\Database\\Console\\Migrations\\MigrateCommand->runMigrations()
#22 C:\\xampp\\htdocs\\laravel-php3\\example-app\\vendor\\laravel\\framework\\src\\Illuminate\\Container\\BoundMethod.php(36): Illuminate\\Database\\Console\\Migrations\\MigrateCommand->handle()
#23 C:\\xampp\\htdocs\\laravel-php3\\example-app\\vendor\\laravel\\framework\\src\\Illuminate\\Container\\Util.php(43): Illuminate\\Container\\BoundMethod::Illuminate\\Container\\{closure}()
#24 C:\\xampp\\htdocs\\laravel-php3\\example-app\\vendor\\laravel\\framework\\src\\Illuminate\\Container\\BoundMethod.php(95): Illuminate\\Container\\Util::unwrapIfClosure()
#25 C:\\xampp\\htdocs\\laravel-php3\\example-app\\vendor\\laravel\\framework\\src\\Illuminate\\Container\\BoundMethod.php(35): Illuminate\\Container\\BoundMethod::callBoundMethod()
#26 C:\\xampp\\htdocs\\laravel-php3\\example-app\\vendor\\laravel\\framework\\src\\Illuminate\\Container\\Container.php(754): Illuminate\\Container\\BoundMethod::call()
#27 C:\\xampp\\htdocs\\laravel-php3\\example-app\\vendor\\laravel\\framework\\src\\Illuminate\\Console\\Command.php(213): Illuminate\\Container\\Container->call()
#28 C:\\xampp\\htdocs\\laravel-php3\\example-app\\vendor\\symfony\\console\\Command\\Command.php(279): Illuminate\\Console\\Command->execute()
#29 C:\\xampp\\htdocs\\laravel-php3\\example-app\\vendor\\laravel\\framework\\src\\Illuminate\\Console\\Command.php(182): Symfony\\Component\\Console\\Command\\Command->run()
#30 C:\\xampp\\htdocs\\laravel-php3\\example-app\\vendor\\symfony\\console\\Application.php(1094): Illuminate\\Console\\Command->run()
#31 C:\\xampp\\htdocs\\laravel-php3\\example-app\\vendor\\symfony\\console\\Application.php(342): Symfony\\Component\\Console\\Application->doRunCommand()
#32 C:\\xampp\\htdocs\\laravel-php3\\example-app\\vendor\\symfony\\console\\Application.php(193): Symfony\\Component\\Console\\Application->doRun()
#33 C:\\xampp\\htdocs\\laravel-php3\\example-app\\vendor\\laravel\\framework\\src\\Illuminate\\Foundation\\Console\\Kernel.php(198): Symfony\\Component\\Console\\Application->run()
#34 C:\\xampp\\htdocs\\laravel-php3\\example-app\\vendor\\laravel\\framework\\src\\Illuminate\\Foundation\\Application.php(1235): Illuminate\\Foundation\\Console\\Kernel->handle()
#35 C:\\xampp\\htdocs\\laravel-php3\\example-app\\artisan(16): Illuminate\\Foundation\\Application->handleCommand()
#36 {main}
"} 
[2025-04-10 01:09:32] local.ERROR: Call to undefined method App\Http\Controllers\CheckoutController::adminIndex() {"userId":1,"exception":"[object] (Error(code: 0): Call to undefined method App\\Http\\Controllers\\CheckoutController::adminIndex() at C:\\xampp\\htdocs\\laravel-php3\\example-app\\vendor\\laravel\\framework\\src\\Illuminate\\Routing\\ControllerDispatcher.php:47)
[stacktrace]
#0 C:\\xampp\\htdocs\\laravel-php3\\example-app\\vendor\\laravel\\framework\\src\\Illuminate\\Routing\\Route.php(266): Illuminate\\Routing\\ControllerDispatcher->dispatch()
#1 C:\\xampp\\htdocs\\laravel-php3\\example-app\\vendor\\laravel\\framework\\src\\Illuminate\\Routing\\Route.php(212): Illuminate\\Routing\\Route->runController()
#2 C:\\xampp\\htdocs\\laravel-php3\\example-app\\vendor\\laravel\\framework\\src\\Illuminate\\Routing\\Router.php(808): Illuminate\\Routing\\Route->run()
#3 C:\\xampp\\htdocs\\laravel-php3\\example-app\\vendor\\laravel\\framework\\src\\Illuminate\\Pipeline\\Pipeline.php(170): Illuminate\\Routing\\Router->Illuminate\\Routing\\{closure}()
#4 C:\\xampp\\htdocs\\laravel-php3\\example-app\\vendor\\laravel\\framework\\src\\Illuminate\\Routing\\Middleware\\SubstituteBindings.php(51): Illuminate\\Pipeline\\Pipeline->Illuminate\\Pipeline\\{closure}()
#5 C:\\xampp\\htdocs\\laravel-php3\\example-app\\vendor\\laravel\\framework\\src\\Illuminate\\Pipeline\\Pipeline.php(209): Illuminate\\Routing\\Middleware\\SubstituteBindings->handle()
#6 C:\\xampp\\htdocs\\laravel-php3\\example-app\\vendor\\laravel\\framework\\src\\Illuminate\\Foundation\\Http\\Middleware\\VerifyCsrfToken.php(88): Illuminate\\Pipeline\\Pipeline->Illuminate\\Pipeline\\{closure}()
#7 C:\\xampp\\htdocs\\laravel-php3\\example-app\\vendor\\laravel\\framework\\src\\Illuminate\\Pipeline\\Pipeline.php(209): Illuminate\\Foundation\\Http\\Middleware\\VerifyCsrfToken->handle()
#8 C:\\xampp\\htdocs\\laravel-php3\\example-app\\vendor\\laravel\\framework\\src\\Illuminate\\View\\Middleware\\ShareErrorsFromSession.php(49): Illuminate\\Pipeline\\Pipeline->Illuminate\\Pipeline\\{closure}()
#9 C:\\xampp\\htdocs\\laravel-php3\\example-app\\vendor\\laravel\\framework\\src\\Illuminate\\Pipeline\\Pipeline.php(209): Illuminate\\View\\Middleware\\ShareErrorsFromSession->handle()
#10 C:\\xampp\\htdocs\\laravel-php3\\example-app\\vendor\\laravel\\framework\\src\\Illuminate\\Session\\Middleware\\StartSession.php(121): Illuminate\\Pipeline\\Pipeline->Illuminate\\Pipeline\\{closure}()
#11 C:\\xampp\\htdocs\\laravel-php3\\example-app\\vendor\\laravel\\framework\\src\\Illuminate\\Session\\Middleware\\StartSession.php(64): Illuminate\\Session\\Middleware\\StartSession->handleStatefulRequest()
#12 C:\\xampp\\htdocs\\laravel-php3\\example-app\\vendor\\laravel\\framework\\src\\Illuminate\\Pipeline\\Pipeline.php(209): Illuminate\\Session\\Middleware\\StartSession->handle()
#13 C:\\xampp\\htdocs\\laravel-php3\\example-app\\vendor\\laravel\\framework\\src\\Illuminate\\Cookie\\Middleware\\AddQueuedCookiesToResponse.php(37): Illuminate\\Pipeline\\Pipeline->Illuminate\\Pipeline\\{closure}()
#14 C:\\xampp\\htdocs\\laravel-php3\\example-app\\vendor\\laravel\\framework\\src\\Illuminate\\Pipeline\\Pipeline.php(209): Illuminate\\Cookie\\Middleware\\AddQueuedCookiesToResponse->handle()
#15 C:\\xampp\\htdocs\\laravel-php3\\example-app\\vendor\\laravel\\framework\\src\\Illuminate\\Cookie\\Middleware\\EncryptCookies.php(75): Illuminate\\Pipeline\\Pipeline->Illuminate\\Pipeline\\{closure}()
#16 C:\\xampp\\htdocs\\laravel-php3\\example-app\\vendor\\laravel\\framework\\src\\Illuminate\\Pipeline\\Pipeline.php(209): Illuminate\\Cookie\\Middleware\\EncryptCookies->handle()
#17 C:\\xampp\\htdocs\\laravel-php3\\example-app\\vendor\\laravel\\framework\\src\\Illuminate\\Pipeline\\Pipeline.php(127): Illuminate\\Pipeline\\Pipeline->Illuminate\\Pipeline\\{closure}()
#18 C:\\xampp\\htdocs\\laravel-php3\\example-app\\vendor\\laravel\\framework\\src\\Illuminate\\Routing\\Router.php(807): Illuminate\\Pipeline\\Pipeline->then()
#19 C:\\xampp\\htdocs\\laravel-php3\\example-app\\vendor\\laravel\\framework\\src\\Illuminate\\Routing\\Router.php(786): Illuminate\\Routing\\Router->runRouteWithinStack()
#20 C:\\xampp\\htdocs\\laravel-php3\\example-app\\vendor\\laravel\\framework\\src\\Illuminate\\Routing\\Router.php(750): Illuminate\\Routing\\Router->runRoute()
#21 C:\\xampp\\htdocs\\laravel-php3\\example-app\\vendor\\laravel\\framework\\src\\Illuminate\\Routing\\Router.php(739): Illuminate\\Routing\\Router->dispatchToRoute()
#22 C:\\xampp\\htdocs\\laravel-php3\\example-app\\vendor\\laravel\\framework\\src\\Illuminate\\Foundation\\Http\\Kernel.php(201): Illuminate\\Routing\\Router->dispatch()
#23 C:\\xampp\\htdocs\\laravel-php3\\example-app\\vendor\\laravel\\framework\\src\\Illuminate\\Pipeline\\Pipeline.php(170): Illuminate\\Foundation\\Http\\Kernel->Illuminate\\Foundation\\Http\\{closure}()
#24 C:\\xampp\\htdocs\\laravel-php3\\example-app\\vendor\\laravel\\framework\\src\\Illuminate\\Foundation\\Http\\Middleware\\TransformsRequest.php(21): Illuminate\\Pipeline\\Pipeline->Illuminate\\Pipeline\\{closure}()
#25 C:\\xampp\\htdocs\\laravel-php3\\example-app\\vendor\\laravel\\framework\\src\\Illuminate\\Foundation\\Http\\Middleware\\ConvertEmptyStringsToNull.php(31): Illuminate\\Foundation\\Http\\Middleware\\TransformsRequest->handle()
#26 C:\\xampp\\htdocs\\laravel-php3\\example-app\\vendor\\laravel\\framework\\src\\Illuminate\\Pipeline\\Pipeline.php(209): Illuminate\\Foundation\\Http\\Middleware\\ConvertEmptyStringsToNull->handle()
#27 C:\\xampp\\htdocs\\laravel-php3\\example-app\\vendor\\laravel\\framework\\src\\Illuminate\\Foundation\\Http\\Middleware\\TransformsRequest.php(21): Illuminate\\Pipeline\\Pipeline->Illuminate\\Pipeline\\{closure}()
#28 C:\\xampp\\htdocs\\laravel-php3\\example-app\\vendor\\laravel\\framework\\src\\Illuminate\\Foundation\\Http\\Middleware\\TrimStrings.php(51): Illuminate\\Foundation\\Http\\Middleware\\TransformsRequest->handle()
#29 C:\\xampp\\htdocs\\laravel-php3\\example-app\\vendor\\laravel\\framework\\src\\Illuminate\\Pipeline\\Pipeline.php(209): Illuminate\\Foundation\\Http\\Middleware\\TrimStrings->handle()
#30 C:\\xampp\\htdocs\\laravel-php3\\example-app\\vendor\\laravel\\framework\\src\\Illuminate\\Http\\Middleware\\ValidatePostSize.php(27): Illuminate\\Pipeline\\Pipeline->Illuminate\\Pipeline\\{closure}()
#31 C:\\xampp\\htdocs\\laravel-php3\\example-app\\vendor\\laravel\\framework\\src\\Illuminate\\Pipeline\\Pipeline.php(209): Illuminate\\Http\\Middleware\\ValidatePostSize->handle()
#32 C:\\xampp\\htdocs\\laravel-php3\\example-app\\vendor\\laravel\\framework\\src\\Illuminate\\Foundation\\Http\\Middleware\\PreventRequestsDuringMaintenance.php(110): Illuminate\\Pipeline\\Pipeline->Illuminate\\Pipeline\\{closure}()
#33 C:\\xampp\\htdocs\\laravel-php3\\example-app\\vendor\\laravel\\framework\\src\\Illuminate\\Pipeline\\Pipeline.php(209): Illuminate\\Foundation\\Http\\Middleware\\PreventRequestsDuringMaintenance->handle()
#34 C:\\xampp\\htdocs\\laravel-php3\\example-app\\vendor\\laravel\\framework\\src\\Illuminate\\Http\\Middleware\\HandleCors.php(49): Illuminate\\Pipeline\\Pipeline->Illuminate\\Pipeline\\{closure}()
#35 C:\\xampp\\htdocs\\laravel-php3\\example-app\\vendor\\laravel\\framework\\src\\Illuminate\\Pipeline\\Pipeline.php(209): Illuminate\\Http\\Middleware\\HandleCors->handle()
#36 C:\\xampp\\htdocs\\laravel-php3\\example-app\\vendor\\laravel\\framework\\src\\Illuminate\\Http\\Middleware\\TrustProxies.php(58): Illuminate\\Pipeline\\Pipeline->Illuminate\\Pipeline\\{closure}()
#37 C:\\xampp\\htdocs\\laravel-php3\\example-app\\vendor\\laravel\\framework\\src\\Illuminate\\Pipeline\\Pipeline.php(209): Illuminate\\Http\\Middleware\\TrustProxies->handle()
#38 C:\\xampp\\htdocs\\laravel-php3\\example-app\\vendor\\laravel\\framework\\src\\Illuminate\\Foundation\\Http\\Middleware\\InvokeDeferredCallbacks.php(22): Illuminate\\Pipeline\\Pipeline->Illuminate\\Pipeline\\{closure}()
#39 C:\\xampp\\htdocs\\laravel-php3\\example-app\\vendor\\laravel\\framework\\src\\Illuminate\\Pipeline\\Pipeline.php(209): Illuminate\\Foundation\\Http\\Middleware\\InvokeDeferredCallbacks->handle()
#40 C:\\xampp\\htdocs\\laravel-php3\\example-app\\vendor\\laravel\\framework\\src\\Illuminate\\Http\\Middleware\\ValidatePathEncoding.php(26): Illuminate\\Pipeline\\Pipeline->Illuminate\\Pipeline\\{closure}()
#41 C:\\xampp\\htdocs\\laravel-php3\\example-app\\vendor\\laravel\\framework\\src\\Illuminate\\Pipeline\\Pipeline.php(209): Illuminate\\Http\\Middleware\\ValidatePathEncoding->handle()
#42 C:\\xampp\\htdocs\\laravel-php3\\example-app\\vendor\\laravel\\framework\\src\\Illuminate\\Pipeline\\Pipeline.php(127): Illuminate\\Pipeline\\Pipeline->Illuminate\\Pipeline\\{closure}()
#43 C:\\xampp\\htdocs\\laravel-php3\\example-app\\vendor\\laravel\\framework\\src\\Illuminate\\Foundation\\Http\\Kernel.php(176): Illuminate\\Pipeline\\Pipeline->then()
#44 C:\\xampp\\htdocs\\laravel-php3\\example-app\\vendor\\laravel\\framework\\src\\Illuminate\\Foundation\\Http\\Kernel.php(145): Illuminate\\Foundation\\Http\\Kernel->sendRequestThroughRouter()
#45 C:\\xampp\\htdocs\\laravel-php3\\example-app\\vendor\\laravel\\framework\\src\\Illuminate\\Foundation\\Application.php(1220): Illuminate\\Foundation\\Http\\Kernel->handle()
#46 C:\\xampp\\htdocs\\laravel-php3\\example-app\\public\\index.php(20): Illuminate\\Foundation\\Application->handleRequest()
#47 C:\\xampp\\htdocs\\laravel-php3\\example-app\\vendor\\laravel\\framework\\src\\Illuminate\\Foundation\\resources\\server.php(23): require_once('...')
#48 {main}
"} 
[2025-04-10 01:11:38] local.ERROR: Call to undefined method App\Http\Controllers\CheckoutController::list() {"userId":1,"exception":"[object] (Error(code: 0): Call to undefined method App\\Http\\Controllers\\CheckoutController::list() at C:\\xampp\\htdocs\\laravel-php3\\example-app\\vendor\\laravel\\framework\\src\\Illuminate\\Routing\\ControllerDispatcher.php:47)
[stacktrace]
#0 C:\\xampp\\htdocs\\laravel-php3\\example-app\\vendor\\laravel\\framework\\src\\Illuminate\\Routing\\Route.php(266): Illuminate\\Routing\\ControllerDispatcher->dispatch()
#1 C:\\xampp\\htdocs\\laravel-php3\\example-app\\vendor\\laravel\\framework\\src\\Illuminate\\Routing\\Route.php(212): Illuminate\\Routing\\Route->runController()
#2 C:\\xampp\\htdocs\\laravel-php3\\example-app\\vendor\\laravel\\framework\\src\\Illuminate\\Routing\\Router.php(808): Illuminate\\Routing\\Route->run()
#3 C:\\xampp\\htdocs\\laravel-php3\\example-app\\vendor\\laravel\\framework\\src\\Illuminate\\Pipeline\\Pipeline.php(170): Illuminate\\Routing\\Router->Illuminate\\Routing\\{closure}()
#4 C:\\xampp\\htdocs\\laravel-php3\\example-app\\vendor\\laravel\\framework\\src\\Illuminate\\Routing\\Middleware\\SubstituteBindings.php(51): Illuminate\\Pipeline\\Pipeline->Illuminate\\Pipeline\\{closure}()
#5 C:\\xampp\\htdocs\\laravel-php3\\example-app\\vendor\\laravel\\framework\\src\\Illuminate\\Pipeline\\Pipeline.php(209): Illuminate\\Routing\\Middleware\\SubstituteBindings->handle()
#6 C:\\xampp\\htdocs\\laravel-php3\\example-app\\vendor\\laravel\\framework\\src\\Illuminate\\Auth\\Middleware\\Authenticate.php(64): Illuminate\\Pipeline\\Pipeline->Illuminate\\Pipeline\\{closure}()
#7 C:\\xampp\\htdocs\\laravel-php3\\example-app\\vendor\\laravel\\framework\\src\\Illuminate\\Pipeline\\Pipeline.php(209): Illuminate\\Auth\\Middleware\\Authenticate->handle()
#8 C:\\xampp\\htdocs\\laravel-php3\\example-app\\vendor\\laravel\\framework\\src\\Illuminate\\Foundation\\Http\\Middleware\\VerifyCsrfToken.php(88): Illuminate\\Pipeline\\Pipeline->Illuminate\\Pipeline\\{closure}()
#9 C:\\xampp\\htdocs\\laravel-php3\\example-app\\vendor\\laravel\\framework\\src\\Illuminate\\Pipeline\\Pipeline.php(209): Illuminate\\Foundation\\Http\\Middleware\\VerifyCsrfToken->handle()
#10 C:\\xampp\\htdocs\\laravel-php3\\example-app\\vendor\\laravel\\framework\\src\\Illuminate\\View\\Middleware\\ShareErrorsFromSession.php(49): Illuminate\\Pipeline\\Pipeline->Illuminate\\Pipeline\\{closure}()
#11 C:\\xampp\\htdocs\\laravel-php3\\example-app\\vendor\\laravel\\framework\\src\\Illuminate\\Pipeline\\Pipeline.php(209): Illuminate\\View\\Middleware\\ShareErrorsFromSession->handle()
#12 C:\\xampp\\htdocs\\laravel-php3\\example-app\\vendor\\laravel\\framework\\src\\Illuminate\\Session\\Middleware\\StartSession.php(121): Illuminate\\Pipeline\\Pipeline->Illuminate\\Pipeline\\{closure}()
#13 C:\\xampp\\htdocs\\laravel-php3\\example-app\\vendor\\laravel\\framework\\src\\Illuminate\\Session\\Middleware\\StartSession.php(64): Illuminate\\Session\\Middleware\\StartSession->handleStatefulRequest()
#14 C:\\xampp\\htdocs\\laravel-php3\\example-app\\vendor\\laravel\\framework\\src\\Illuminate\\Pipeline\\Pipeline.php(209): Illuminate\\Session\\Middleware\\StartSession->handle()
#15 C:\\xampp\\htdocs\\laravel-php3\\example-app\\vendor\\laravel\\framework\\src\\Illuminate\\Cookie\\Middleware\\AddQueuedCookiesToResponse.php(37): Illuminate\\Pipeline\\Pipeline->Illuminate\\Pipeline\\{closure}()
#16 C:\\xampp\\htdocs\\laravel-php3\\example-app\\vendor\\laravel\\framework\\src\\Illuminate\\Pipeline\\Pipeline.php(209): Illuminate\\Cookie\\Middleware\\AddQueuedCookiesToResponse->handle()
#17 C:\\xampp\\htdocs\\laravel-php3\\example-app\\vendor\\laravel\\framework\\src\\Illuminate\\Cookie\\Middleware\\EncryptCookies.php(75): Illuminate\\Pipeline\\Pipeline->Illuminate\\Pipeline\\{closure}()
#18 C:\\xampp\\htdocs\\laravel-php3\\example-app\\vendor\\laravel\\framework\\src\\Illuminate\\Pipeline\\Pipeline.php(209): Illuminate\\Cookie\\Middleware\\EncryptCookies->handle()
#19 C:\\xampp\\htdocs\\laravel-php3\\example-app\\vendor\\laravel\\framework\\src\\Illuminate\\Pipeline\\Pipeline.php(127): Illuminate\\Pipeline\\Pipeline->Illuminate\\Pipeline\\{closure}()
#20 C:\\xampp\\htdocs\\laravel-php3\\example-app\\vendor\\laravel\\framework\\src\\Illuminate\\Routing\\Router.php(807): Illuminate\\Pipeline\\Pipeline->then()
#21 C:\\xampp\\htdocs\\laravel-php3\\example-app\\vendor\\laravel\\framework\\src\\Illuminate\\Routing\\Router.php(786): Illuminate\\Routing\\Router->runRouteWithinStack()
#22 C:\\xampp\\htdocs\\laravel-php3\\example-app\\vendor\\laravel\\framework\\src\\Illuminate\\Routing\\Router.php(750): Illuminate\\Routing\\Router->runRoute()
#23 C:\\xampp\\htdocs\\laravel-php3\\example-app\\vendor\\laravel\\framework\\src\\Illuminate\\Routing\\Router.php(739): Illuminate\\Routing\\Router->dispatchToRoute()
#24 C:\\xampp\\htdocs\\laravel-php3\\example-app\\vendor\\laravel\\framework\\src\\Illuminate\\Foundation\\Http\\Kernel.php(201): Illuminate\\Routing\\Router->dispatch()
#25 C:\\xampp\\htdocs\\laravel-php3\\example-app\\vendor\\laravel\\framework\\src\\Illuminate\\Pipeline\\Pipeline.php(170): Illuminate\\Foundation\\Http\\Kernel->Illuminate\\Foundation\\Http\\{closure}()
#26 C:\\xampp\\htdocs\\laravel-php3\\example-app\\vendor\\laravel\\framework\\src\\Illuminate\\Foundation\\Http\\Middleware\\TransformsRequest.php(21): Illuminate\\Pipeline\\Pipeline->Illuminate\\Pipeline\\{closure}()
#27 C:\\xampp\\htdocs\\laravel-php3\\example-app\\vendor\\laravel\\framework\\src\\Illuminate\\Foundation\\Http\\Middleware\\ConvertEmptyStringsToNull.php(31): Illuminate\\Foundation\\Http\\Middleware\\TransformsRequest->handle()
#28 C:\\xampp\\htdocs\\laravel-php3\\example-app\\vendor\\laravel\\framework\\src\\Illuminate\\Pipeline\\Pipeline.php(209): Illuminate\\Foundation\\Http\\Middleware\\ConvertEmptyStringsToNull->handle()
#29 C:\\xampp\\htdocs\\laravel-php3\\example-app\\vendor\\laravel\\framework\\src\\Illuminate\\Foundation\\Http\\Middleware\\TransformsRequest.php(21): Illuminate\\Pipeline\\Pipeline->Illuminate\\Pipeline\\{closure}()
#30 C:\\xampp\\htdocs\\laravel-php3\\example-app\\vendor\\laravel\\framework\\src\\Illuminate\\Foundation\\Http\\Middleware\\TrimStrings.php(51): Illuminate\\Foundation\\Http\\Middleware\\TransformsRequest->handle()
#31 C:\\xampp\\htdocs\\laravel-php3\\example-app\\vendor\\laravel\\framework\\src\\Illuminate\\Pipeline\\Pipeline.php(209): Illuminate\\Foundation\\Http\\Middleware\\TrimStrings->handle()
#32 C:\\xampp\\htdocs\\laravel-php3\\example-app\\vendor\\laravel\\framework\\src\\Illuminate\\Http\\Middleware\\ValidatePostSize.php(27): Illuminate\\Pipeline\\Pipeline->Illuminate\\Pipeline\\{closure}()
#33 C:\\xampp\\htdocs\\laravel-php3\\example-app\\vendor\\laravel\\framework\\src\\Illuminate\\Pipeline\\Pipeline.php(209): Illuminate\\Http\\Middleware\\ValidatePostSize->handle()
#34 C:\\xampp\\htdocs\\laravel-php3\\example-app\\vendor\\laravel\\framework\\src\\Illuminate\\Foundation\\Http\\Middleware\\PreventRequestsDuringMaintenance.php(110): Illuminate\\Pipeline\\Pipeline->Illuminate\\Pipeline\\{closure}()
#35 C:\\xampp\\htdocs\\laravel-php3\\example-app\\vendor\\laravel\\framework\\src\\Illuminate\\Pipeline\\Pipeline.php(209): Illuminate\\Foundation\\Http\\Middleware\\PreventRequestsDuringMaintenance->handle()
#36 C:\\xampp\\htdocs\\laravel-php3\\example-app\\vendor\\laravel\\framework\\src\\Illuminate\\Http\\Middleware\\HandleCors.php(49): Illuminate\\Pipeline\\Pipeline->Illuminate\\Pipeline\\{closure}()
#37 C:\\xampp\\htdocs\\laravel-php3\\example-app\\vendor\\laravel\\framework\\src\\Illuminate\\Pipeline\\Pipeline.php(209): Illuminate\\Http\\Middleware\\HandleCors->handle()
#38 C:\\xampp\\htdocs\\laravel-php3\\example-app\\vendor\\laravel\\framework\\src\\Illuminate\\Http\\Middleware\\TrustProxies.php(58): Illuminate\\Pipeline\\Pipeline->Illuminate\\Pipeline\\{closure}()
#39 C:\\xampp\\htdocs\\laravel-php3\\example-app\\vendor\\laravel\\framework\\src\\Illuminate\\Pipeline\\Pipeline.php(209): Illuminate\\Http\\Middleware\\TrustProxies->handle()
#40 C:\\xampp\\htdocs\\laravel-php3\\example-app\\vendor\\laravel\\framework\\src\\Illuminate\\Foundation\\Http\\Middleware\\InvokeDeferredCallbacks.php(22): Illuminate\\Pipeline\\Pipeline->Illuminate\\Pipeline\\{closure}()
#41 C:\\xampp\\htdocs\\laravel-php3\\example-app\\vendor\\laravel\\framework\\src\\Illuminate\\Pipeline\\Pipeline.php(209): Illuminate\\Foundation\\Http\\Middleware\\InvokeDeferredCallbacks->handle()
#42 C:\\xampp\\htdocs\\laravel-php3\\example-app\\vendor\\laravel\\framework\\src\\Illuminate\\Http\\Middleware\\ValidatePathEncoding.php(26): Illuminate\\Pipeline\\Pipeline->Illuminate\\Pipeline\\{closure}()
#43 C:\\xampp\\htdocs\\laravel-php3\\example-app\\vendor\\laravel\\framework\\src\\Illuminate\\Pipeline\\Pipeline.php(209): Illuminate\\Http\\Middleware\\ValidatePathEncoding->handle()
#44 C:\\xampp\\htdocs\\laravel-php3\\example-app\\vendor\\laravel\\framework\\src\\Illuminate\\Pipeline\\Pipeline.php(127): Illuminate\\Pipeline\\Pipeline->Illuminate\\Pipeline\\{closure}()
#45 C:\\xampp\\htdocs\\laravel-php3\\example-app\\vendor\\laravel\\framework\\src\\Illuminate\\Foundation\\Http\\Kernel.php(176): Illuminate\\Pipeline\\Pipeline->then()
#46 C:\\xampp\\htdocs\\laravel-php3\\example-app\\vendor\\laravel\\framework\\src\\Illuminate\\Foundation\\Http\\Kernel.php(145): Illuminate\\Foundation\\Http\\Kernel->sendRequestThroughRouter()
#47 C:\\xampp\\htdocs\\laravel-php3\\example-app\\vendor\\laravel\\framework\\src\\Illuminate\\Foundation\\Application.php(1220): Illuminate\\Foundation\\Http\\Kernel->handle()
#48 C:\\xampp\\htdocs\\laravel-php3\\example-app\\public\\index.php(20): Illuminate\\Foundation\\Application->handleRequest()
#49 C:\\xampp\\htdocs\\laravel-php3\\example-app\\vendor\\laravel\\framework\\src\\Illuminate\\Foundation\\resources\\server.php(23): require_once('...')
#50 {main}
"} 
[2025-04-10 01:15:53] local.ERROR: Target class [OrderController] does not exist. {"userId":1,"exception":"[object] (Illuminate\\Contracts\\Container\\BindingResolutionException(code: 0): Target class [OrderController] does not exist. at C:\\xampp\\htdocs\\laravel-php3\\example-app\\vendor\\laravel\\framework\\src\\Illuminate\\Container\\Container.php:1019)
[stacktrace]
#0 C:\\xampp\\htdocs\\laravel-php3\\example-app\\vendor\\laravel\\framework\\src\\Illuminate\\Container\\Container.php(890): Illuminate\\Container\\Container->build()
#1 C:\\xampp\\htdocs\\laravel-php3\\example-app\\vendor\\laravel\\framework\\src\\Illuminate\\Foundation\\Application.php(1078): Illuminate\\Container\\Container->resolve()
#2 C:\\xampp\\htdocs\\laravel-php3\\example-app\\vendor\\laravel\\framework\\src\\Illuminate\\Container\\Container.php(821): Illuminate\\Foundation\\Application->resolve()
#3 C:\\xampp\\htdocs\\laravel-php3\\example-app\\vendor\\laravel\\framework\\src\\Illuminate\\Foundation\\Application.php(1058): Illuminate\\Container\\Container->make()
#4 C:\\xampp\\htdocs\\laravel-php3\\example-app\\vendor\\laravel\\framework\\src\\Illuminate\\Routing\\Route.php(285): Illuminate\\Foundation\\Application->make()
#5 C:\\xampp\\htdocs\\laravel-php3\\example-app\\vendor\\laravel\\framework\\src\\Illuminate\\Routing\\Route.php(267): Illuminate\\Routing\\Route->getController()
#6 C:\\xampp\\htdocs\\laravel-php3\\example-app\\vendor\\laravel\\framework\\src\\Illuminate\\Routing\\Route.php(212): Illuminate\\Routing\\Route->runController()
#7 C:\\xampp\\htdocs\\laravel-php3\\example-app\\vendor\\laravel\\framework\\src\\Illuminate\\Routing\\Router.php(808): Illuminate\\Routing\\Route->run()
#8 C:\\xampp\\htdocs\\laravel-php3\\example-app\\vendor\\laravel\\framework\\src\\Illuminate\\Pipeline\\Pipeline.php(170): Illuminate\\Routing\\Router->Illuminate\\Routing\\{closure}()
#9 C:\\xampp\\htdocs\\laravel-php3\\example-app\\vendor\\laravel\\framework\\src\\Illuminate\\Routing\\Middleware\\SubstituteBindings.php(51): Illuminate\\Pipeline\\Pipeline->Illuminate\\Pipeline\\{closure}()
#10 C:\\xampp\\htdocs\\laravel-php3\\example-app\\vendor\\laravel\\framework\\src\\Illuminate\\Pipeline\\Pipeline.php(209): Illuminate\\Routing\\Middleware\\SubstituteBindings->handle()
#11 C:\\xampp\\htdocs\\laravel-php3\\example-app\\vendor\\laravel\\framework\\src\\Illuminate\\Auth\\Middleware\\Authenticate.php(64): Illuminate\\Pipeline\\Pipeline->Illuminate\\Pipeline\\{closure}()
#12 C:\\xampp\\htdocs\\laravel-php3\\example-app\\vendor\\laravel\\framework\\src\\Illuminate\\Pipeline\\Pipeline.php(209): Illuminate\\Auth\\Middleware\\Authenticate->handle()
#13 C:\\xampp\\htdocs\\laravel-php3\\example-app\\vendor\\laravel\\framework\\src\\Illuminate\\Foundation\\Http\\Middleware\\VerifyCsrfToken.php(88): Illuminate\\Pipeline\\Pipeline->Illuminate\\Pipeline\\{closure}()
#14 C:\\xampp\\htdocs\\laravel-php3\\example-app\\vendor\\laravel\\framework\\src\\Illuminate\\Pipeline\\Pipeline.php(209): Illuminate\\Foundation\\Http\\Middleware\\VerifyCsrfToken->handle()
#15 C:\\xampp\\htdocs\\laravel-php3\\example-app\\vendor\\laravel\\framework\\src\\Illuminate\\View\\Middleware\\ShareErrorsFromSession.php(49): Illuminate\\Pipeline\\Pipeline->Illuminate\\Pipeline\\{closure}()
#16 C:\\xampp\\htdocs\\laravel-php3\\example-app\\vendor\\laravel\\framework\\src\\Illuminate\\Pipeline\\Pipeline.php(209): Illuminate\\View\\Middleware\\ShareErrorsFromSession->handle()
#17 C:\\xampp\\htdocs\\laravel-php3\\example-app\\vendor\\laravel\\framework\\src\\Illuminate\\Session\\Middleware\\StartSession.php(121): Illuminate\\Pipeline\\Pipeline->Illuminate\\Pipeline\\{closure}()
#18 C:\\xampp\\htdocs\\laravel-php3\\example-app\\vendor\\laravel\\framework\\src\\Illuminate\\Session\\Middleware\\StartSession.php(64): Illuminate\\Session\\Middleware\\StartSession->handleStatefulRequest()
#19 C:\\xampp\\htdocs\\laravel-php3\\example-app\\vendor\\laravel\\framework\\src\\Illuminate\\Pipeline\\Pipeline.php(209): Illuminate\\Session\\Middleware\\StartSession->handle()
#20 C:\\xampp\\htdocs\\laravel-php3\\example-app\\vendor\\laravel\\framework\\src\\Illuminate\\Cookie\\Middleware\\AddQueuedCookiesToResponse.php(37): Illuminate\\Pipeline\\Pipeline->Illuminate\\Pipeline\\{closure}()
#21 C:\\xampp\\htdocs\\laravel-php3\\example-app\\vendor\\laravel\\framework\\src\\Illuminate\\Pipeline\\Pipeline.php(209): Illuminate\\Cookie\\Middleware\\AddQueuedCookiesToResponse->handle()
#22 C:\\xampp\\htdocs\\laravel-php3\\example-app\\vendor\\laravel\\framework\\src\\Illuminate\\Cookie\\Middleware\\EncryptCookies.php(75): Illuminate\\Pipeline\\Pipeline->Illuminate\\Pipeline\\{closure}()
#23 C:\\xampp\\htdocs\\laravel-php3\\example-app\\vendor\\laravel\\framework\\src\\Illuminate\\Pipeline\\Pipeline.php(209): Illuminate\\Cookie\\Middleware\\EncryptCookies->handle()
#24 C:\\xampp\\htdocs\\laravel-php3\\example-app\\vendor\\laravel\\framework\\src\\Illuminate\\Pipeline\\Pipeline.php(127): Illuminate\\Pipeline\\Pipeline->Illuminate\\Pipeline\\{closure}()
#25 C:\\xampp\\htdocs\\laravel-php3\\example-app\\vendor\\laravel\\framework\\src\\Illuminate\\Routing\\Router.php(807): Illuminate\\Pipeline\\Pipeline->then()
#26 C:\\xampp\\htdocs\\laravel-php3\\example-app\\vendor\\laravel\\framework\\src\\Illuminate\\Routing\\Router.php(786): Illuminate\\Routing\\Router->runRouteWithinStack()
#27 C:\\xampp\\htdocs\\laravel-php3\\example-app\\vendor\\laravel\\framework\\src\\Illuminate\\Routing\\Router.php(750): Illuminate\\Routing\\Router->runRoute()
#28 C:\\xampp\\htdocs\\laravel-php3\\example-app\\vendor\\laravel\\framework\\src\\Illuminate\\Routing\\Router.php(739): Illuminate\\Routing\\Router->dispatchToRoute()
#29 C:\\xampp\\htdocs\\laravel-php3\\example-app\\vendor\\laravel\\framework\\src\\Illuminate\\Foundation\\Http\\Kernel.php(201): Illuminate\\Routing\\Router->dispatch()
#30 C:\\xampp\\htdocs\\laravel-php3\\example-app\\vendor\\laravel\\framework\\src\\Illuminate\\Pipeline\\Pipeline.php(170): Illuminate\\Foundation\\Http\\Kernel->Illuminate\\Foundation\\Http\\{closure}()
#31 C:\\xampp\\htdocs\\laravel-php3\\example-app\\vendor\\laravel\\framework\\src\\Illuminate\\Foundation\\Http\\Middleware\\TransformsRequest.php(21): Illuminate\\Pipeline\\Pipeline->Illuminate\\Pipeline\\{closure}()
#32 C:\\xampp\\htdocs\\laravel-php3\\example-app\\vendor\\laravel\\framework\\src\\Illuminate\\Foundation\\Http\\Middleware\\ConvertEmptyStringsToNull.php(31): Illuminate\\Foundation\\Http\\Middleware\\TransformsRequest->handle()
#33 C:\\xampp\\htdocs\\laravel-php3\\example-app\\vendor\\laravel\\framework\\src\\Illuminate\\Pipeline\\Pipeline.php(209): Illuminate\\Foundation\\Http\\Middleware\\ConvertEmptyStringsToNull->handle()
#34 C:\\xampp\\htdocs\\laravel-php3\\example-app\\vendor\\laravel\\framework\\src\\Illuminate\\Foundation\\Http\\Middleware\\TransformsRequest.php(21): Illuminate\\Pipeline\\Pipeline->Illuminate\\Pipeline\\{closure}()
#35 C:\\xampp\\htdocs\\laravel-php3\\example-app\\vendor\\laravel\\framework\\src\\Illuminate\\Foundation\\Http\\Middleware\\TrimStrings.php(51): Illuminate\\Foundation\\Http\\Middleware\\TransformsRequest->handle()
#36 C:\\xampp\\htdocs\\laravel-php3\\example-app\\vendor\\laravel\\framework\\src\\Illuminate\\Pipeline\\Pipeline.php(209): Illuminate\\Foundation\\Http\\Middleware\\TrimStrings->handle()
#37 C:\\xampp\\htdocs\\laravel-php3\\example-app\\vendor\\laravel\\framework\\src\\Illuminate\\Http\\Middleware\\ValidatePostSize.php(27): Illuminate\\Pipeline\\Pipeline->Illuminate\\Pipeline\\{closure}()
#38 C:\\xampp\\htdocs\\laravel-php3\\example-app\\vendor\\laravel\\framework\\src\\Illuminate\\Pipeline\\Pipeline.php(209): Illuminate\\Http\\Middleware\\ValidatePostSize->handle()
#39 C:\\xampp\\htdocs\\laravel-php3\\example-app\\vendor\\laravel\\framework\\src\\Illuminate\\Foundation\\Http\\Middleware\\PreventRequestsDuringMaintenance.php(110): Illuminate\\Pipeline\\Pipeline->Illuminate\\Pipeline\\{closure}()
#40 C:\\xampp\\htdocs\\laravel-php3\\example-app\\vendor\\laravel\\framework\\src\\Illuminate\\Pipeline\\Pipeline.php(209): Illuminate\\Foundation\\Http\\Middleware\\PreventRequestsDuringMaintenance->handle()
#41 C:\\xampp\\htdocs\\laravel-php3\\example-app\\vendor\\laravel\\framework\\src\\Illuminate\\Http\\Middleware\\HandleCors.php(49): Illuminate\\Pipeline\\Pipeline->Illuminate\\Pipeline\\{closure}()
#42 C:\\xampp\\htdocs\\laravel-php3\\example-app\\vendor\\laravel\\framework\\src\\Illuminate\\Pipeline\\Pipeline.php(209): Illuminate\\Http\\Middleware\\HandleCors->handle()
#43 C:\\xampp\\htdocs\\laravel-php3\\example-app\\vendor\\laravel\\framework\\src\\Illuminate\\Http\\Middleware\\TrustProxies.php(58): Illuminate\\Pipeline\\Pipeline->Illuminate\\Pipeline\\{closure}()
#44 C:\\xampp\\htdocs\\laravel-php3\\example-app\\vendor\\laravel\\framework\\src\\Illuminate\\Pipeline\\Pipeline.php(209): Illuminate\\Http\\Middleware\\TrustProxies->handle()
#45 C:\\xampp\\htdocs\\laravel-php3\\example-app\\vendor\\laravel\\framework\\src\\Illuminate\\Foundation\\Http\\Middleware\\InvokeDeferredCallbacks.php(22): Illuminate\\Pipeline\\Pipeline->Illuminate\\Pipeline\\{closure}()
#46 C:\\xampp\\htdocs\\laravel-php3\\example-app\\vendor\\laravel\\framework\\src\\Illuminate\\Pipeline\\Pipeline.php(209): Illuminate\\Foundation\\Http\\Middleware\\InvokeDeferredCallbacks->handle()
#47 C:\\xampp\\htdocs\\laravel-php3\\example-app\\vendor\\laravel\\framework\\src\\Illuminate\\Http\\Middleware\\ValidatePathEncoding.php(26): Illuminate\\Pipeline\\Pipeline->Illuminate\\Pipeline\\{closure}()
#48 C:\\xampp\\htdocs\\laravel-php3\\example-app\\vendor\\laravel\\framework\\src\\Illuminate\\Pipeline\\Pipeline.php(209): Illuminate\\Http\\Middleware\\ValidatePathEncoding->handle()
#49 C:\\xampp\\htdocs\\laravel-php3\\example-app\\vendor\\laravel\\framework\\src\\Illuminate\\Pipeline\\Pipeline.php(127): Illuminate\\Pipeline\\Pipeline->Illuminate\\Pipeline\\{closure}()
#50 C:\\xampp\\htdocs\\laravel-php3\\example-app\\vendor\\laravel\\framework\\src\\Illuminate\\Foundation\\Http\\Kernel.php(176): Illuminate\\Pipeline\\Pipeline->then()
#51 C:\\xampp\\htdocs\\laravel-php3\\example-app\\vendor\\laravel\\framework\\src\\Illuminate\\Foundation\\Http\\Kernel.php(145): Illuminate\\Foundation\\Http\\Kernel->sendRequestThroughRouter()
#52 C:\\xampp\\htdocs\\laravel-php3\\example-app\\vendor\\laravel\\framework\\src\\Illuminate\\Foundation\\Application.php(1220): Illuminate\\Foundation\\Http\\Kernel->handle()
#53 C:\\xampp\\htdocs\\laravel-php3\\example-app\\public\\index.php(20): Illuminate\\Foundation\\Application->handleRequest()
#54 C:\\xampp\\htdocs\\laravel-php3\\example-app\\vendor\\laravel\\framework\\src\\Illuminate\\Foundation\\resources\\server.php(23): require_once('...')
#55 {main}

[previous exception] [object] (ReflectionException(code: -1): Class \"OrderController\" does not exist at C:\\xampp\\htdocs\\laravel-php3\\example-app\\vendor\\laravel\\framework\\src\\Illuminate\\Container\\Container.php:1017)
[stacktrace]
#0 C:\\xampp\\htdocs\\laravel-php3\\example-app\\vendor\\laravel\\framework\\src\\Illuminate\\Container\\Container.php(1017): ReflectionClass->__construct()
#1 C:\\xampp\\htdocs\\laravel-php3\\example-app\\vendor\\laravel\\framework\\src\\Illuminate\\Container\\Container.php(890): Illuminate\\Container\\Container->build()
#2 C:\\xampp\\htdocs\\laravel-php3\\example-app\\vendor\\laravel\\framework\\src\\Illuminate\\Foundation\\Application.php(1078): Illuminate\\Container\\Container->resolve()
#3 C:\\xampp\\htdocs\\laravel-php3\\example-app\\vendor\\laravel\\framework\\src\\Illuminate\\Container\\Container.php(821): Illuminate\\Foundation\\Application->resolve()
#4 C:\\xampp\\htdocs\\laravel-php3\\example-app\\vendor\\laravel\\framework\\src\\Illuminate\\Foundation\\Application.php(1058): Illuminate\\Container\\Container->make()
#5 C:\\xampp\\htdocs\\laravel-php3\\example-app\\vendor\\laravel\\framework\\src\\Illuminate\\Routing\\Route.php(285): Illuminate\\Foundation\\Application->make()
#6 C:\\xampp\\htdocs\\laravel-php3\\example-app\\vendor\\laravel\\framework\\src\\Illuminate\\Routing\\Route.php(267): Illuminate\\Routing\\Route->getController()
#7 C:\\xampp\\htdocs\\laravel-php3\\example-app\\vendor\\laravel\\framework\\src\\Illuminate\\Routing\\Route.php(212): Illuminate\\Routing\\Route->runController()
#8 C:\\xampp\\htdocs\\laravel-php3\\example-app\\vendor\\laravel\\framework\\src\\Illuminate\\Routing\\Router.php(808): Illuminate\\Routing\\Route->run()
#9 C:\\xampp\\htdocs\\laravel-php3\\example-app\\vendor\\laravel\\framework\\src\\Illuminate\\Pipeline\\Pipeline.php(170): Illuminate\\Routing\\Router->Illuminate\\Routing\\{closure}()
#10 C:\\xampp\\htdocs\\laravel-php3\\example-app\\vendor\\laravel\\framework\\src\\Illuminate\\Routing\\Middleware\\SubstituteBindings.php(51): Illuminate\\Pipeline\\Pipeline->Illuminate\\Pipeline\\{closure}()
#11 C:\\xampp\\htdocs\\laravel-php3\\example-app\\vendor\\laravel\\framework\\src\\Illuminate\\Pipeline\\Pipeline.php(209): Illuminate\\Routing\\Middleware\\SubstituteBindings->handle()
#12 C:\\xampp\\htdocs\\laravel-php3\\example-app\\vendor\\laravel\\framework\\src\\Illuminate\\Auth\\Middleware\\Authenticate.php(64): Illuminate\\Pipeline\\Pipeline->Illuminate\\Pipeline\\{closure}()
#13 C:\\xampp\\htdocs\\laravel-php3\\example-app\\vendor\\laravel\\framework\\src\\Illuminate\\Pipeline\\Pipeline.php(209): Illuminate\\Auth\\Middleware\\Authenticate->handle()
#14 C:\\xampp\\htdocs\\laravel-php3\\example-app\\vendor\\laravel\\framework\\src\\Illuminate\\Foundation\\Http\\Middleware\\VerifyCsrfToken.php(88): Illuminate\\Pipeline\\Pipeline->Illuminate\\Pipeline\\{closure}()
#15 C:\\xampp\\htdocs\\laravel-php3\\example-app\\vendor\\laravel\\framework\\src\\Illuminate\\Pipeline\\Pipeline.php(209): Illuminate\\Foundation\\Http\\Middleware\\VerifyCsrfToken->handle()
#16 C:\\xampp\\htdocs\\laravel-php3\\example-app\\vendor\\laravel\\framework\\src\\Illuminate\\View\\Middleware\\ShareErrorsFromSession.php(49): Illuminate\\Pipeline\\Pipeline->Illuminate\\Pipeline\\{closure}()
#17 C:\\xampp\\htdocs\\laravel-php3\\example-app\\vendor\\laravel\\framework\\src\\Illuminate\\Pipeline\\Pipeline.php(209): Illuminate\\View\\Middleware\\ShareErrorsFromSession->handle()
#18 C:\\xampp\\htdocs\\laravel-php3\\example-app\\vendor\\laravel\\framework\\src\\Illuminate\\Session\\Middleware\\StartSession.php(121): Illuminate\\Pipeline\\Pipeline->Illuminate\\Pipeline\\{closure}()
#19 C:\\xampp\\htdocs\\laravel-php3\\example-app\\vendor\\laravel\\framework\\src\\Illuminate\\Session\\Middleware\\StartSession.php(64): Illuminate\\Session\\Middleware\\StartSession->handleStatefulRequest()
#20 C:\\xampp\\htdocs\\laravel-php3\\example-app\\vendor\\laravel\\framework\\src\\Illuminate\\Pipeline\\Pipeline.php(209): Illuminate\\Session\\Middleware\\StartSession->handle()
#21 C:\\xampp\\htdocs\\laravel-php3\\example-app\\vendor\\laravel\\framework\\src\\Illuminate\\Cookie\\Middleware\\AddQueuedCookiesToResponse.php(37): Illuminate\\Pipeline\\Pipeline->Illuminate\\Pipeline\\{closure}()
#22 C:\\xampp\\htdocs\\laravel-php3\\example-app\\vendor\\laravel\\framework\\src\\Illuminate\\Pipeline\\Pipeline.php(209): Illuminate\\Cookie\\Middleware\\AddQueuedCookiesToResponse->handle()
#23 C:\\xampp\\htdocs\\laravel-php3\\example-app\\vendor\\laravel\\framework\\src\\Illuminate\\Cookie\\Middleware\\EncryptCookies.php(75): Illuminate\\Pipeline\\Pipeline->Illuminate\\Pipeline\\{closure}()
#24 C:\\xampp\\htdocs\\laravel-php3\\example-app\\vendor\\laravel\\framework\\src\\Illuminate\\Pipeline\\Pipeline.php(209): Illuminate\\Cookie\\Middleware\\EncryptCookies->handle()
#25 C:\\xampp\\htdocs\\laravel-php3\\example-app\\vendor\\laravel\\framework\\src\\Illuminate\\Pipeline\\Pipeline.php(127): Illuminate\\Pipeline\\Pipeline->Illuminate\\Pipeline\\{closure}()
#26 C:\\xampp\\htdocs\\laravel-php3\\example-app\\vendor\\laravel\\framework\\src\\Illuminate\\Routing\\Router.php(807): Illuminate\\Pipeline\\Pipeline->then()
#27 C:\\xampp\\htdocs\\laravel-php3\\example-app\\vendor\\laravel\\framework\\src\\Illuminate\\Routing\\Router.php(786): Illuminate\\Routing\\Router->runRouteWithinStack()
#28 C:\\xampp\\htdocs\\laravel-php3\\example-app\\vendor\\laravel\\framework\\src\\Illuminate\\Routing\\Router.php(750): Illuminate\\Routing\\Router->runRoute()
#29 C:\\xampp\\htdocs\\laravel-php3\\example-app\\vendor\\laravel\\framework\\src\\Illuminate\\Routing\\Router.php(739): Illuminate\\Routing\\Router->dispatchToRoute()
#30 C:\\xampp\\htdocs\\laravel-php3\\example-app\\vendor\\laravel\\framework\\src\\Illuminate\\Foundation\\Http\\Kernel.php(201): Illuminate\\Routing\\Router->dispatch()
#31 C:\\xampp\\htdocs\\laravel-php3\\example-app\\vendor\\laravel\\framework\\src\\Illuminate\\Pipeline\\Pipeline.php(170): Illuminate\\Foundation\\Http\\Kernel->Illuminate\\Foundation\\Http\\{closure}()
#32 C:\\xampp\\htdocs\\laravel-php3\\example-app\\vendor\\laravel\\framework\\src\\Illuminate\\Foundation\\Http\\Middleware\\TransformsRequest.php(21): Illuminate\\Pipeline\\Pipeline->Illuminate\\Pipeline\\{closure}()
#33 C:\\xampp\\htdocs\\laravel-php3\\example-app\\vendor\\laravel\\framework\\src\\Illuminate\\Foundation\\Http\\Middleware\\ConvertEmptyStringsToNull.php(31): Illuminate\\Foundation\\Http\\Middleware\\TransformsRequest->handle()
#34 C:\\xampp\\htdocs\\laravel-php3\\example-app\\vendor\\laravel\\framework\\src\\Illuminate\\Pipeline\\Pipeline.php(209): Illuminate\\Foundation\\Http\\Middleware\\ConvertEmptyStringsToNull->handle()
#35 C:\\xampp\\htdocs\\laravel-php3\\example-app\\vendor\\laravel\\framework\\src\\Illuminate\\Foundation\\Http\\Middleware\\TransformsRequest.php(21): Illuminate\\Pipeline\\Pipeline->Illuminate\\Pipeline\\{closure}()
#36 C:\\xampp\\htdocs\\laravel-php3\\example-app\\vendor\\laravel\\framework\\src\\Illuminate\\Foundation\\Http\\Middleware\\TrimStrings.php(51): Illuminate\\Foundation\\Http\\Middleware\\TransformsRequest->handle()
#37 C:\\xampp\\htdocs\\laravel-php3\\example-app\\vendor\\laravel\\framework\\src\\Illuminate\\Pipeline\\Pipeline.php(209): Illuminate\\Foundation\\Http\\Middleware\\TrimStrings->handle()
#38 C:\\xampp\\htdocs\\laravel-php3\\example-app\\vendor\\laravel\\framework\\src\\Illuminate\\Http\\Middleware\\ValidatePostSize.php(27): Illuminate\\Pipeline\\Pipeline->Illuminate\\Pipeline\\{closure}()
#39 C:\\xampp\\htdocs\\laravel-php3\\example-app\\vendor\\laravel\\framework\\src\\Illuminate\\Pipeline\\Pipeline.php(209): Illuminate\\Http\\Middleware\\ValidatePostSize->handle()
#40 C:\\xampp\\htdocs\\laravel-php3\\example-app\\vendor\\laravel\\framework\\src\\Illuminate\\Foundation\\Http\\Middleware\\PreventRequestsDuringMaintenance.php(110): Illuminate\\Pipeline\\Pipeline->Illuminate\\Pipeline\\{closure}()
#41 C:\\xampp\\htdocs\\laravel-php3\\example-app\\vendor\\laravel\\framework\\src\\Illuminate\\Pipeline\\Pipeline.php(209): Illuminate\\Foundation\\Http\\Middleware\\PreventRequestsDuringMaintenance->handle()
#42 C:\\xampp\\htdocs\\laravel-php3\\example-app\\vendor\\laravel\\framework\\src\\Illuminate\\Http\\Middleware\\HandleCors.php(49): Illuminate\\Pipeline\\Pipeline->Illuminate\\Pipeline\\{closure}()
#43 C:\\xampp\\htdocs\\laravel-php3\\example-app\\vendor\\laravel\\framework\\src\\Illuminate\\Pipeline\\Pipeline.php(209): Illuminate\\Http\\Middleware\\HandleCors->handle()
#44 C:\\xampp\\htdocs\\laravel-php3\\example-app\\vendor\\laravel\\framework\\src\\Illuminate\\Http\\Middleware\\TrustProxies.php(58): Illuminate\\Pipeline\\Pipeline->Illuminate\\Pipeline\\{closure}()
#45 C:\\xampp\\htdocs\\laravel-php3\\example-app\\vendor\\laravel\\framework\\src\\Illuminate\\Pipeline\\Pipeline.php(209): Illuminate\\Http\\Middleware\\TrustProxies->handle()
#46 C:\\xampp\\htdocs\\laravel-php3\\example-app\\vendor\\laravel\\framework\\src\\Illuminate\\Foundation\\Http\\Middleware\\InvokeDeferredCallbacks.php(22): Illuminate\\Pipeline\\Pipeline->Illuminate\\Pipeline\\{closure}()
#47 C:\\xampp\\htdocs\\laravel-php3\\example-app\\vendor\\laravel\\framework\\src\\Illuminate\\Pipeline\\Pipeline.php(209): Illuminate\\Foundation\\Http\\Middleware\\InvokeDeferredCallbacks->handle()
#48 C:\\xampp\\htdocs\\laravel-php3\\example-app\\vendor\\laravel\\framework\\src\\Illuminate\\Http\\Middleware\\ValidatePathEncoding.php(26): Illuminate\\Pipeline\\Pipeline->Illuminate\\Pipeline\\{closure}()
#49 C:\\xampp\\htdocs\\laravel-php3\\example-app\\vendor\\laravel\\framework\\src\\Illuminate\\Pipeline\\Pipeline.php(209): Illuminate\\Http\\Middleware\\ValidatePathEncoding->handle()
#50 C:\\xampp\\htdocs\\laravel-php3\\example-app\\vendor\\laravel\\framework\\src\\Illuminate\\Pipeline\\Pipeline.php(127): Illuminate\\Pipeline\\Pipeline->Illuminate\\Pipeline\\{closure}()
#51 C:\\xampp\\htdocs\\laravel-php3\\example-app\\vendor\\laravel\\framework\\src\\Illuminate\\Foundation\\Http\\Kernel.php(176): Illuminate\\Pipeline\\Pipeline->then()
#52 C:\\xampp\\htdocs\\laravel-php3\\example-app\\vendor\\laravel\\framework\\src\\Illuminate\\Foundation\\Http\\Kernel.php(145): Illuminate\\Foundation\\Http\\Kernel->sendRequestThroughRouter()
#53 C:\\xampp\\htdocs\\laravel-php3\\example-app\\vendor\\laravel\\framework\\src\\Illuminate\\Foundation\\Application.php(1220): Illuminate\\Foundation\\Http\\Kernel->handle()
#54 C:\\xampp\\htdocs\\laravel-php3\\example-app\\public\\index.php(20): Illuminate\\Foundation\\Application->handleRequest()
#55 C:\\xampp\\htdocs\\laravel-php3\\example-app\\vendor\\laravel\\framework\\src\\Illuminate\\Foundation\\resources\\server.php(23): require_once('...')
#56 {main}
"} 
[2025-04-10 01:16:19] local.INFO: Addresses: {"addresses":{"Illuminate\\Database\\Eloquent\\Collection":[]}} 
[2025-04-10 01:31:19] local.INFO: Checkout request: {"_token":"bSLg50dvjsPA9efCeddu08Hmc3LGAJPMuWLmFiZf","shipping_name":"vuche","shipping_address":"sds","shipping_phone":"0964417609","note":"sds","payment_method":"cod"} 
[2025-04-10 01:37:43] local.ERROR: Target class [OrderController] does not exist. {"userId":1,"exception":"[object] (Illuminate\\Contracts\\Container\\BindingResolutionException(code: 0): Target class [OrderController] does not exist. at C:\\xampp\\htdocs\\laravel-php3\\example-app\\vendor\\laravel\\framework\\src\\Illuminate\\Container\\Container.php:1019)
[stacktrace]
#0 C:\\xampp\\htdocs\\laravel-php3\\example-app\\vendor\\laravel\\framework\\src\\Illuminate\\Container\\Container.php(890): Illuminate\\Container\\Container->build()
#1 C:\\xampp\\htdocs\\laravel-php3\\example-app\\vendor\\laravel\\framework\\src\\Illuminate\\Foundation\\Application.php(1078): Illuminate\\Container\\Container->resolve()
#2 C:\\xampp\\htdocs\\laravel-php3\\example-app\\vendor\\laravel\\framework\\src\\Illuminate\\Container\\Container.php(821): Illuminate\\Foundation\\Application->resolve()
#3 C:\\xampp\\htdocs\\laravel-php3\\example-app\\vendor\\laravel\\framework\\src\\Illuminate\\Foundation\\Application.php(1058): Illuminate\\Container\\Container->make()
#4 C:\\xampp\\htdocs\\laravel-php3\\example-app\\vendor\\laravel\\framework\\src\\Illuminate\\Routing\\Route.php(285): Illuminate\\Foundation\\Application->make()
#5 C:\\xampp\\htdocs\\laravel-php3\\example-app\\vendor\\laravel\\framework\\src\\Illuminate\\Routing\\Route.php(267): Illuminate\\Routing\\Route->getController()
#6 C:\\xampp\\htdocs\\laravel-php3\\example-app\\vendor\\laravel\\framework\\src\\Illuminate\\Routing\\Route.php(212): Illuminate\\Routing\\Route->runController()
#7 C:\\xampp\\htdocs\\laravel-php3\\example-app\\vendor\\laravel\\framework\\src\\Illuminate\\Routing\\Router.php(808): Illuminate\\Routing\\Route->run()
#8 C:\\xampp\\htdocs\\laravel-php3\\example-app\\vendor\\laravel\\framework\\src\\Illuminate\\Pipeline\\Pipeline.php(170): Illuminate\\Routing\\Router->Illuminate\\Routing\\{closure}()
#9 C:\\xampp\\htdocs\\laravel-php3\\example-app\\vendor\\laravel\\framework\\src\\Illuminate\\Routing\\Middleware\\SubstituteBindings.php(51): Illuminate\\Pipeline\\Pipeline->Illuminate\\Pipeline\\{closure}()
#10 C:\\xampp\\htdocs\\laravel-php3\\example-app\\vendor\\laravel\\framework\\src\\Illuminate\\Pipeline\\Pipeline.php(209): Illuminate\\Routing\\Middleware\\SubstituteBindings->handle()
#11 C:\\xampp\\htdocs\\laravel-php3\\example-app\\vendor\\laravel\\framework\\src\\Illuminate\\Auth\\Middleware\\Authenticate.php(64): Illuminate\\Pipeline\\Pipeline->Illuminate\\Pipeline\\{closure}()
#12 C:\\xampp\\htdocs\\laravel-php3\\example-app\\vendor\\laravel\\framework\\src\\Illuminate\\Pipeline\\Pipeline.php(209): Illuminate\\Auth\\Middleware\\Authenticate->handle()
#13 C:\\xampp\\htdocs\\laravel-php3\\example-app\\vendor\\laravel\\framework\\src\\Illuminate\\Foundation\\Http\\Middleware\\VerifyCsrfToken.php(88): Illuminate\\Pipeline\\Pipeline->Illuminate\\Pipeline\\{closure}()
#14 C:\\xampp\\htdocs\\laravel-php3\\example-app\\vendor\\laravel\\framework\\src\\Illuminate\\Pipeline\\Pipeline.php(209): Illuminate\\Foundation\\Http\\Middleware\\VerifyCsrfToken->handle()
#15 C:\\xampp\\htdocs\\laravel-php3\\example-app\\vendor\\laravel\\framework\\src\\Illuminate\\View\\Middleware\\ShareErrorsFromSession.php(49): Illuminate\\Pipeline\\Pipeline->Illuminate\\Pipeline\\{closure}()
#16 C:\\xampp\\htdocs\\laravel-php3\\example-app\\vendor\\laravel\\framework\\src\\Illuminate\\Pipeline\\Pipeline.php(209): Illuminate\\View\\Middleware\\ShareErrorsFromSession->handle()
#17 C:\\xampp\\htdocs\\laravel-php3\\example-app\\vendor\\laravel\\framework\\src\\Illuminate\\Session\\Middleware\\StartSession.php(121): Illuminate\\Pipeline\\Pipeline->Illuminate\\Pipeline\\{closure}()
#18 C:\\xampp\\htdocs\\laravel-php3\\example-app\\vendor\\laravel\\framework\\src\\Illuminate\\Session\\Middleware\\StartSession.php(64): Illuminate\\Session\\Middleware\\StartSession->handleStatefulRequest()
#19 C:\\xampp\\htdocs\\laravel-php3\\example-app\\vendor\\laravel\\framework\\src\\Illuminate\\Pipeline\\Pipeline.php(209): Illuminate\\Session\\Middleware\\StartSession->handle()
#20 C:\\xampp\\htdocs\\laravel-php3\\example-app\\vendor\\laravel\\framework\\src\\Illuminate\\Cookie\\Middleware\\AddQueuedCookiesToResponse.php(37): Illuminate\\Pipeline\\Pipeline->Illuminate\\Pipeline\\{closure}()
#21 C:\\xampp\\htdocs\\laravel-php3\\example-app\\vendor\\laravel\\framework\\src\\Illuminate\\Pipeline\\Pipeline.php(209): Illuminate\\Cookie\\Middleware\\AddQueuedCookiesToResponse->handle()
#22 C:\\xampp\\htdocs\\laravel-php3\\example-app\\vendor\\laravel\\framework\\src\\Illuminate\\Cookie\\Middleware\\EncryptCookies.php(75): Illuminate\\Pipeline\\Pipeline->Illuminate\\Pipeline\\{closure}()
#23 C:\\xampp\\htdocs\\laravel-php3\\example-app\\vendor\\laravel\\framework\\src\\Illuminate\\Pipeline\\Pipeline.php(209): Illuminate\\Cookie\\Middleware\\EncryptCookies->handle()
#24 C:\\xampp\\htdocs\\laravel-php3\\example-app\\vendor\\laravel\\framework\\src\\Illuminate\\Pipeline\\Pipeline.php(127): Illuminate\\Pipeline\\Pipeline->Illuminate\\Pipeline\\{closure}()
#25 C:\\xampp\\htdocs\\laravel-php3\\example-app\\vendor\\laravel\\framework\\src\\Illuminate\\Routing\\Router.php(807): Illuminate\\Pipeline\\Pipeline->then()
#26 C:\\xampp\\htdocs\\laravel-php3\\example-app\\vendor\\laravel\\framework\\src\\Illuminate\\Routing\\Router.php(786): Illuminate\\Routing\\Router->runRouteWithinStack()
#27 C:\\xampp\\htdocs\\laravel-php3\\example-app\\vendor\\laravel\\framework\\src\\Illuminate\\Routing\\Router.php(750): Illuminate\\Routing\\Router->runRoute()
#28 C:\\xampp\\htdocs\\laravel-php3\\example-app\\vendor\\laravel\\framework\\src\\Illuminate\\Routing\\Router.php(739): Illuminate\\Routing\\Router->dispatchToRoute()
#29 C:\\xampp\\htdocs\\laravel-php3\\example-app\\vendor\\laravel\\framework\\src\\Illuminate\\Foundation\\Http\\Kernel.php(201): Illuminate\\Routing\\Router->dispatch()
#30 C:\\xampp\\htdocs\\laravel-php3\\example-app\\vendor\\laravel\\framework\\src\\Illuminate\\Pipeline\\Pipeline.php(170): Illuminate\\Foundation\\Http\\Kernel->Illuminate\\Foundation\\Http\\{closure}()
#31 C:\\xampp\\htdocs\\laravel-php3\\example-app\\vendor\\laravel\\framework\\src\\Illuminate\\Foundation\\Http\\Middleware\\TransformsRequest.php(21): Illuminate\\Pipeline\\Pipeline->Illuminate\\Pipeline\\{closure}()
#32 C:\\xampp\\htdocs\\laravel-php3\\example-app\\vendor\\laravel\\framework\\src\\Illuminate\\Foundation\\Http\\Middleware\\ConvertEmptyStringsToNull.php(31): Illuminate\\Foundation\\Http\\Middleware\\TransformsRequest->handle()
#33 C:\\xampp\\htdocs\\laravel-php3\\example-app\\vendor\\laravel\\framework\\src\\Illuminate\\Pipeline\\Pipeline.php(209): Illuminate\\Foundation\\Http\\Middleware\\ConvertEmptyStringsToNull->handle()
#34 C:\\xampp\\htdocs\\laravel-php3\\example-app\\vendor\\laravel\\framework\\src\\Illuminate\\Foundation\\Http\\Middleware\\TransformsRequest.php(21): Illuminate\\Pipeline\\Pipeline->Illuminate\\Pipeline\\{closure}()
#35 C:\\xampp\\htdocs\\laravel-php3\\example-app\\vendor\\laravel\\framework\\src\\Illuminate\\Foundation\\Http\\Middleware\\TrimStrings.php(51): Illuminate\\Foundation\\Http\\Middleware\\TransformsRequest->handle()
#36 C:\\xampp\\htdocs\\laravel-php3\\example-app\\vendor\\laravel\\framework\\src\\Illuminate\\Pipeline\\Pipeline.php(209): Illuminate\\Foundation\\Http\\Middleware\\TrimStrings->handle()
#37 C:\\xampp\\htdocs\\laravel-php3\\example-app\\vendor\\laravel\\framework\\src\\Illuminate\\Http\\Middleware\\ValidatePostSize.php(27): Illuminate\\Pipeline\\Pipeline->Illuminate\\Pipeline\\{closure}()
#38 C:\\xampp\\htdocs\\laravel-php3\\example-app\\vendor\\laravel\\framework\\src\\Illuminate\\Pipeline\\Pipeline.php(209): Illuminate\\Http\\Middleware\\ValidatePostSize->handle()
#39 C:\\xampp\\htdocs\\laravel-php3\\example-app\\vendor\\laravel\\framework\\src\\Illuminate\\Foundation\\Http\\Middleware\\PreventRequestsDuringMaintenance.php(110): Illuminate\\Pipeline\\Pipeline->Illuminate\\Pipeline\\{closure}()
#40 C:\\xampp\\htdocs\\laravel-php3\\example-app\\vendor\\laravel\\framework\\src\\Illuminate\\Pipeline\\Pipeline.php(209): Illuminate\\Foundation\\Http\\Middleware\\PreventRequestsDuringMaintenance->handle()
#41 C:\\xampp\\htdocs\\laravel-php3\\example-app\\vendor\\laravel\\framework\\src\\Illuminate\\Http\\Middleware\\HandleCors.php(49): Illuminate\\Pipeline\\Pipeline->Illuminate\\Pipeline\\{closure}()
#42 C:\\xampp\\htdocs\\laravel-php3\\example-app\\vendor\\laravel\\framework\\src\\Illuminate\\Pipeline\\Pipeline.php(209): Illuminate\\Http\\Middleware\\HandleCors->handle()
#43 C:\\xampp\\htdocs\\laravel-php3\\example-app\\vendor\\laravel\\framework\\src\\Illuminate\\Http\\Middleware\\TrustProxies.php(58): Illuminate\\Pipeline\\Pipeline->Illuminate\\Pipeline\\{closure}()
#44 C:\\xampp\\htdocs\\laravel-php3\\example-app\\vendor\\laravel\\framework\\src\\Illuminate\\Pipeline\\Pipeline.php(209): Illuminate\\Http\\Middleware\\TrustProxies->handle()
#45 C:\\xampp\\htdocs\\laravel-php3\\example-app\\vendor\\laravel\\framework\\src\\Illuminate\\Foundation\\Http\\Middleware\\InvokeDeferredCallbacks.php(22): Illuminate\\Pipeline\\Pipeline->Illuminate\\Pipeline\\{closure}()
#46 C:\\xampp\\htdocs\\laravel-php3\\example-app\\vendor\\laravel\\framework\\src\\Illuminate\\Pipeline\\Pipeline.php(209): Illuminate\\Foundation\\Http\\Middleware\\InvokeDeferredCallbacks->handle()
#47 C:\\xampp\\htdocs\\laravel-php3\\example-app\\vendor\\laravel\\framework\\src\\Illuminate\\Http\\Middleware\\ValidatePathEncoding.php(26): Illuminate\\Pipeline\\Pipeline->Illuminate\\Pipeline\\{closure}()
#48 C:\\xampp\\htdocs\\laravel-php3\\example-app\\vendor\\laravel\\framework\\src\\Illuminate\\Pipeline\\Pipeline.php(209): Illuminate\\Http\\Middleware\\ValidatePathEncoding->handle()
#49 C:\\xampp\\htdocs\\laravel-php3\\example-app\\vendor\\laravel\\framework\\src\\Illuminate\\Pipeline\\Pipeline.php(127): Illuminate\\Pipeline\\Pipeline->Illuminate\\Pipeline\\{closure}()
#50 C:\\xampp\\htdocs\\laravel-php3\\example-app\\vendor\\laravel\\framework\\src\\Illuminate\\Foundation\\Http\\Kernel.php(176): Illuminate\\Pipeline\\Pipeline->then()
#51 C:\\xampp\\htdocs\\laravel-php3\\example-app\\vendor\\laravel\\framework\\src\\Illuminate\\Foundation\\Http\\Kernel.php(145): Illuminate\\Foundation\\Http\\Kernel->sendRequestThroughRouter()
#52 C:\\xampp\\htdocs\\laravel-php3\\example-app\\vendor\\laravel\\framework\\src\\Illuminate\\Foundation\\Application.php(1220): Illuminate\\Foundation\\Http\\Kernel->handle()
#53 C:\\xampp\\htdocs\\laravel-php3\\example-app\\public\\index.php(20): Illuminate\\Foundation\\Application->handleRequest()
#54 C:\\xampp\\htdocs\\laravel-php3\\example-app\\vendor\\laravel\\framework\\src\\Illuminate\\Foundation\\resources\\server.php(23): require_once('...')
#55 {main}

[previous exception] [object] (ReflectionException(code: -1): Class \"OrderController\" does not exist at C:\\xampp\\htdocs\\laravel-php3\\example-app\\vendor\\laravel\\framework\\src\\Illuminate\\Container\\Container.php:1017)
[stacktrace]
#0 C:\\xampp\\htdocs\\laravel-php3\\example-app\\vendor\\laravel\\framework\\src\\Illuminate\\Container\\Container.php(1017): ReflectionClass->__construct()
#1 C:\\xampp\\htdocs\\laravel-php3\\example-app\\vendor\\laravel\\framework\\src\\Illuminate\\Container\\Container.php(890): Illuminate\\Container\\Container->build()
#2 C:\\xampp\\htdocs\\laravel-php3\\example-app\\vendor\\laravel\\framework\\src\\Illuminate\\Foundation\\Application.php(1078): Illuminate\\Container\\Container->resolve()
#3 C:\\xampp\\htdocs\\laravel-php3\\example-app\\vendor\\laravel\\framework\\src\\Illuminate\\Container\\Container.php(821): Illuminate\\Foundation\\Application->resolve()
#4 C:\\xampp\\htdocs\\laravel-php3\\example-app\\vendor\\laravel\\framework\\src\\Illuminate\\Foundation\\Application.php(1058): Illuminate\\Container\\Container->make()
#5 C:\\xampp\\htdocs\\laravel-php3\\example-app\\vendor\\laravel\\framework\\src\\Illuminate\\Routing\\Route.php(285): Illuminate\\Foundation\\Application->make()
#6 C:\\xampp\\htdocs\\laravel-php3\\example-app\\vendor\\laravel\\framework\\src\\Illuminate\\Routing\\Route.php(267): Illuminate\\Routing\\Route->getController()
#7 C:\\xampp\\htdocs\\laravel-php3\\example-app\\vendor\\laravel\\framework\\src\\Illuminate\\Routing\\Route.php(212): Illuminate\\Routing\\Route->runController()
#8 C:\\xampp\\htdocs\\laravel-php3\\example-app\\vendor\\laravel\\framework\\src\\Illuminate\\Routing\\Router.php(808): Illuminate\\Routing\\Route->run()
#9 C:\\xampp\\htdocs\\laravel-php3\\example-app\\vendor\\laravel\\framework\\src\\Illuminate\\Pipeline\\Pipeline.php(170): Illuminate\\Routing\\Router->Illuminate\\Routing\\{closure}()
#10 C:\\xampp\\htdocs\\laravel-php3\\example-app\\vendor\\laravel\\framework\\src\\Illuminate\\Routing\\Middleware\\SubstituteBindings.php(51): Illuminate\\Pipeline\\Pipeline->Illuminate\\Pipeline\\{closure}()
#11 C:\\xampp\\htdocs\\laravel-php3\\example-app\\vendor\\laravel\\framework\\src\\Illuminate\\Pipeline\\Pipeline.php(209): Illuminate\\Routing\\Middleware\\SubstituteBindings->handle()
#12 C:\\xampp\\htdocs\\laravel-php3\\example-app\\vendor\\laravel\\framework\\src\\Illuminate\\Auth\\Middleware\\Authenticate.php(64): Illuminate\\Pipeline\\Pipeline->Illuminate\\Pipeline\\{closure}()
#13 C:\\xampp\\htdocs\\laravel-php3\\example-app\\vendor\\laravel\\framework\\src\\Illuminate\\Pipeline\\Pipeline.php(209): Illuminate\\Auth\\Middleware\\Authenticate->handle()
#14 C:\\xampp\\htdocs\\laravel-php3\\example-app\\vendor\\laravel\\framework\\src\\Illuminate\\Foundation\\Http\\Middleware\\VerifyCsrfToken.php(88): Illuminate\\Pipeline\\Pipeline->Illuminate\\Pipeline\\{closure}()
#15 C:\\xampp\\htdocs\\laravel-php3\\example-app\\vendor\\laravel\\framework\\src\\Illuminate\\Pipeline\\Pipeline.php(209): Illuminate\\Foundation\\Http\\Middleware\\VerifyCsrfToken->handle()
#16 C:\\xampp\\htdocs\\laravel-php3\\example-app\\vendor\\laravel\\framework\\src\\Illuminate\\View\\Middleware\\ShareErrorsFromSession.php(49): Illuminate\\Pipeline\\Pipeline->Illuminate\\Pipeline\\{closure}()
#17 C:\\xampp\\htdocs\\laravel-php3\\example-app\\vendor\\laravel\\framework\\src\\Illuminate\\Pipeline\\Pipeline.php(209): Illuminate\\View\\Middleware\\ShareErrorsFromSession->handle()
#18 C:\\xampp\\htdocs\\laravel-php3\\example-app\\vendor\\laravel\\framework\\src\\Illuminate\\Session\\Middleware\\StartSession.php(121): Illuminate\\Pipeline\\Pipeline->Illuminate\\Pipeline\\{closure}()
#19 C:\\xampp\\htdocs\\laravel-php3\\example-app\\vendor\\laravel\\framework\\src\\Illuminate\\Session\\Middleware\\StartSession.php(64): Illuminate\\Session\\Middleware\\StartSession->handleStatefulRequest()
#20 C:\\xampp\\htdocs\\laravel-php3\\example-app\\vendor\\laravel\\framework\\src\\Illuminate\\Pipeline\\Pipeline.php(209): Illuminate\\Session\\Middleware\\StartSession->handle()
#21 C:\\xampp\\htdocs\\laravel-php3\\example-app\\vendor\\laravel\\framework\\src\\Illuminate\\Cookie\\Middleware\\AddQueuedCookiesToResponse.php(37): Illuminate\\Pipeline\\Pipeline->Illuminate\\Pipeline\\{closure}()
#22 C:\\xampp\\htdocs\\laravel-php3\\example-app\\vendor\\laravel\\framework\\src\\Illuminate\\Pipeline\\Pipeline.php(209): Illuminate\\Cookie\\Middleware\\AddQueuedCookiesToResponse->handle()
#23 C:\\xampp\\htdocs\\laravel-php3\\example-app\\vendor\\laravel\\framework\\src\\Illuminate\\Cookie\\Middleware\\EncryptCookies.php(75): Illuminate\\Pipeline\\Pipeline->Illuminate\\Pipeline\\{closure}()
#24 C:\\xampp\\htdocs\\laravel-php3\\example-app\\vendor\\laravel\\framework\\src\\Illuminate\\Pipeline\\Pipeline.php(209): Illuminate\\Cookie\\Middleware\\EncryptCookies->handle()
#25 C:\\xampp\\htdocs\\laravel-php3\\example-app\\vendor\\laravel\\framework\\src\\Illuminate\\Pipeline\\Pipeline.php(127): Illuminate\\Pipeline\\Pipeline->Illuminate\\Pipeline\\{closure}()
#26 C:\\xampp\\htdocs\\laravel-php3\\example-app\\vendor\\laravel\\framework\\src\\Illuminate\\Routing\\Router.php(807): Illuminate\\Pipeline\\Pipeline->then()
#27 C:\\xampp\\htdocs\\laravel-php3\\example-app\\vendor\\laravel\\framework\\src\\Illuminate\\Routing\\Router.php(786): Illuminate\\Routing\\Router->runRouteWithinStack()
#28 C:\\xampp\\htdocs\\laravel-php3\\example-app\\vendor\\laravel\\framework\\src\\Illuminate\\Routing\\Router.php(750): Illuminate\\Routing\\Router->runRoute()
#29 C:\\xampp\\htdocs\\laravel-php3\\example-app\\vendor\\laravel\\framework\\src\\Illuminate\\Routing\\Router.php(739): Illuminate\\Routing\\Router->dispatchToRoute()
#30 C:\\xampp\\htdocs\\laravel-php3\\example-app\\vendor\\laravel\\framework\\src\\Illuminate\\Foundation\\Http\\Kernel.php(201): Illuminate\\Routing\\Router->dispatch()
#31 C:\\xampp\\htdocs\\laravel-php3\\example-app\\vendor\\laravel\\framework\\src\\Illuminate\\Pipeline\\Pipeline.php(170): Illuminate\\Foundation\\Http\\Kernel->Illuminate\\Foundation\\Http\\{closure}()
#32 C:\\xampp\\htdocs\\laravel-php3\\example-app\\vendor\\laravel\\framework\\src\\Illuminate\\Foundation\\Http\\Middleware\\TransformsRequest.php(21): Illuminate\\Pipeline\\Pipeline->Illuminate\\Pipeline\\{closure}()
#33 C:\\xampp\\htdocs\\laravel-php3\\example-app\\vendor\\laravel\\framework\\src\\Illuminate\\Foundation\\Http\\Middleware\\ConvertEmptyStringsToNull.php(31): Illuminate\\Foundation\\Http\\Middleware\\TransformsRequest->handle()
#34 C:\\xampp\\htdocs\\laravel-php3\\example-app\\vendor\\laravel\\framework\\src\\Illuminate\\Pipeline\\Pipeline.php(209): Illuminate\\Foundation\\Http\\Middleware\\ConvertEmptyStringsToNull->handle()
#35 C:\\xampp\\htdocs\\laravel-php3\\example-app\\vendor\\laravel\\framework\\src\\Illuminate\\Foundation\\Http\\Middleware\\TransformsRequest.php(21): Illuminate\\Pipeline\\Pipeline->Illuminate\\Pipeline\\{closure}()
#36 C:\\xampp\\htdocs\\laravel-php3\\example-app\\vendor\\laravel\\framework\\src\\Illuminate\\Foundation\\Http\\Middleware\\TrimStrings.php(51): Illuminate\\Foundation\\Http\\Middleware\\TransformsRequest->handle()
#37 C:\\xampp\\htdocs\\laravel-php3\\example-app\\vendor\\laravel\\framework\\src\\Illuminate\\Pipeline\\Pipeline.php(209): Illuminate\\Foundation\\Http\\Middleware\\TrimStrings->handle()
#38 C:\\xampp\\htdocs\\laravel-php3\\example-app\\vendor\\laravel\\framework\\src\\Illuminate\\Http\\Middleware\\ValidatePostSize.php(27): Illuminate\\Pipeline\\Pipeline->Illuminate\\Pipeline\\{closure}()
#39 C:\\xampp\\htdocs\\laravel-php3\\example-app\\vendor\\laravel\\framework\\src\\Illuminate\\Pipeline\\Pipeline.php(209): Illuminate\\Http\\Middleware\\ValidatePostSize->handle()
#40 C:\\xampp\\htdocs\\laravel-php3\\example-app\\vendor\\laravel\\framework\\src\\Illuminate\\Foundation\\Http\\Middleware\\PreventRequestsDuringMaintenance.php(110): Illuminate\\Pipeline\\Pipeline->Illuminate\\Pipeline\\{closure}()
#41 C:\\xampp\\htdocs\\laravel-php3\\example-app\\vendor\\laravel\\framework\\src\\Illuminate\\Pipeline\\Pipeline.php(209): Illuminate\\Foundation\\Http\\Middleware\\PreventRequestsDuringMaintenance->handle()
#42 C:\\xampp\\htdocs\\laravel-php3\\example-app\\vendor\\laravel\\framework\\src\\Illuminate\\Http\\Middleware\\HandleCors.php(49): Illuminate\\Pipeline\\Pipeline->Illuminate\\Pipeline\\{closure}()
#43 C:\\xampp\\htdocs\\laravel-php3\\example-app\\vendor\\laravel\\framework\\src\\Illuminate\\Pipeline\\Pipeline.php(209): Illuminate\\Http\\Middleware\\HandleCors->handle()
#44 C:\\xampp\\htdocs\\laravel-php3\\example-app\\vendor\\laravel\\framework\\src\\Illuminate\\Http\\Middleware\\TrustProxies.php(58): Illuminate\\Pipeline\\Pipeline->Illuminate\\Pipeline\\{closure}()
#45 C:\\xampp\\htdocs\\laravel-php3\\example-app\\vendor\\laravel\\framework\\src\\Illuminate\\Pipeline\\Pipeline.php(209): Illuminate\\Http\\Middleware\\TrustProxies->handle()
#46 C:\\xampp\\htdocs\\laravel-php3\\example-app\\vendor\\laravel\\framework\\src\\Illuminate\\Foundation\\Http\\Middleware\\InvokeDeferredCallbacks.php(22): Illuminate\\Pipeline\\Pipeline->Illuminate\\Pipeline\\{closure}()
#47 C:\\xampp\\htdocs\\laravel-php3\\example-app\\vendor\\laravel\\framework\\src\\Illuminate\\Pipeline\\Pipeline.php(209): Illuminate\\Foundation\\Http\\Middleware\\InvokeDeferredCallbacks->handle()
#48 C:\\xampp\\htdocs\\laravel-php3\\example-app\\vendor\\laravel\\framework\\src\\Illuminate\\Http\\Middleware\\ValidatePathEncoding.php(26): Illuminate\\Pipeline\\Pipeline->Illuminate\\Pipeline\\{closure}()
#49 C:\\xampp\\htdocs\\laravel-php3\\example-app\\vendor\\laravel\\framework\\src\\Illuminate\\Pipeline\\Pipeline.php(209): Illuminate\\Http\\Middleware\\ValidatePathEncoding->handle()
#50 C:\\xampp\\htdocs\\laravel-php3\\example-app\\vendor\\laravel\\framework\\src\\Illuminate\\Pipeline\\Pipeline.php(127): Illuminate\\Pipeline\\Pipeline->Illuminate\\Pipeline\\{closure}()
#51 C:\\xampp\\htdocs\\laravel-php3\\example-app\\vendor\\laravel\\framework\\src\\Illuminate\\Foundation\\Http\\Kernel.php(176): Illuminate\\Pipeline\\Pipeline->then()
#52 C:\\xampp\\htdocs\\laravel-php3\\example-app\\vendor\\laravel\\framework\\src\\Illuminate\\Foundation\\Http\\Kernel.php(145): Illuminate\\Foundation\\Http\\Kernel->sendRequestThroughRouter()
#53 C:\\xampp\\htdocs\\laravel-php3\\example-app\\vendor\\laravel\\framework\\src\\Illuminate\\Foundation\\Application.php(1220): Illuminate\\Foundation\\Http\\Kernel->handle()
#54 C:\\xampp\\htdocs\\laravel-php3\\example-app\\public\\index.php(20): Illuminate\\Foundation\\Application->handleRequest()
#55 C:\\xampp\\htdocs\\laravel-php3\\example-app\\vendor\\laravel\\framework\\src\\Illuminate\\Foundation\\resources\\server.php(23): require_once('...')
#56 {main}
"} 
[2025-04-10 01:40:16] local.ERROR: Call to undefined method App\Http\Controllers\CheckoutController::list() {"userId":1,"exception":"[object] (Error(code: 0): Call to undefined method App\\Http\\Controllers\\CheckoutController::list() at C:\\xampp\\htdocs\\laravel-php3\\example-app\\vendor\\laravel\\framework\\src\\Illuminate\\Routing\\ControllerDispatcher.php:47)
[stacktrace]
#0 C:\\xampp\\htdocs\\laravel-php3\\example-app\\vendor\\laravel\\framework\\src\\Illuminate\\Routing\\Route.php(266): Illuminate\\Routing\\ControllerDispatcher->dispatch()
#1 C:\\xampp\\htdocs\\laravel-php3\\example-app\\vendor\\laravel\\framework\\src\\Illuminate\\Routing\\Route.php(212): Illuminate\\Routing\\Route->runController()
#2 C:\\xampp\\htdocs\\laravel-php3\\example-app\\vendor\\laravel\\framework\\src\\Illuminate\\Routing\\Router.php(808): Illuminate\\Routing\\Route->run()
#3 C:\\xampp\\htdocs\\laravel-php3\\example-app\\vendor\\laravel\\framework\\src\\Illuminate\\Pipeline\\Pipeline.php(170): Illuminate\\Routing\\Router->Illuminate\\Routing\\{closure}()
#4 C:\\xampp\\htdocs\\laravel-php3\\example-app\\vendor\\laravel\\framework\\src\\Illuminate\\Routing\\Middleware\\SubstituteBindings.php(51): Illuminate\\Pipeline\\Pipeline->Illuminate\\Pipeline\\{closure}()
#5 C:\\xampp\\htdocs\\laravel-php3\\example-app\\vendor\\laravel\\framework\\src\\Illuminate\\Pipeline\\Pipeline.php(209): Illuminate\\Routing\\Middleware\\SubstituteBindings->handle()
#6 C:\\xampp\\htdocs\\laravel-php3\\example-app\\vendor\\laravel\\framework\\src\\Illuminate\\Auth\\Middleware\\Authenticate.php(64): Illuminate\\Pipeline\\Pipeline->Illuminate\\Pipeline\\{closure}()
#7 C:\\xampp\\htdocs\\laravel-php3\\example-app\\vendor\\laravel\\framework\\src\\Illuminate\\Pipeline\\Pipeline.php(209): Illuminate\\Auth\\Middleware\\Authenticate->handle()
#8 C:\\xampp\\htdocs\\laravel-php3\\example-app\\vendor\\laravel\\framework\\src\\Illuminate\\Foundation\\Http\\Middleware\\VerifyCsrfToken.php(88): Illuminate\\Pipeline\\Pipeline->Illuminate\\Pipeline\\{closure}()
#9 C:\\xampp\\htdocs\\laravel-php3\\example-app\\vendor\\laravel\\framework\\src\\Illuminate\\Pipeline\\Pipeline.php(209): Illuminate\\Foundation\\Http\\Middleware\\VerifyCsrfToken->handle()
#10 C:\\xampp\\htdocs\\laravel-php3\\example-app\\vendor\\laravel\\framework\\src\\Illuminate\\View\\Middleware\\ShareErrorsFromSession.php(49): Illuminate\\Pipeline\\Pipeline->Illuminate\\Pipeline\\{closure}()
#11 C:\\xampp\\htdocs\\laravel-php3\\example-app\\vendor\\laravel\\framework\\src\\Illuminate\\Pipeline\\Pipeline.php(209): Illuminate\\View\\Middleware\\ShareErrorsFromSession->handle()
#12 C:\\xampp\\htdocs\\laravel-php3\\example-app\\vendor\\laravel\\framework\\src\\Illuminate\\Session\\Middleware\\StartSession.php(121): Illuminate\\Pipeline\\Pipeline->Illuminate\\Pipeline\\{closure}()
#13 C:\\xampp\\htdocs\\laravel-php3\\example-app\\vendor\\laravel\\framework\\src\\Illuminate\\Session\\Middleware\\StartSession.php(64): Illuminate\\Session\\Middleware\\StartSession->handleStatefulRequest()
#14 C:\\xampp\\htdocs\\laravel-php3\\example-app\\vendor\\laravel\\framework\\src\\Illuminate\\Pipeline\\Pipeline.php(209): Illuminate\\Session\\Middleware\\StartSession->handle()
#15 C:\\xampp\\htdocs\\laravel-php3\\example-app\\vendor\\laravel\\framework\\src\\Illuminate\\Cookie\\Middleware\\AddQueuedCookiesToResponse.php(37): Illuminate\\Pipeline\\Pipeline->Illuminate\\Pipeline\\{closure}()
#16 C:\\xampp\\htdocs\\laravel-php3\\example-app\\vendor\\laravel\\framework\\src\\Illuminate\\Pipeline\\Pipeline.php(209): Illuminate\\Cookie\\Middleware\\AddQueuedCookiesToResponse->handle()
#17 C:\\xampp\\htdocs\\laravel-php3\\example-app\\vendor\\laravel\\framework\\src\\Illuminate\\Cookie\\Middleware\\EncryptCookies.php(75): Illuminate\\Pipeline\\Pipeline->Illuminate\\Pipeline\\{closure}()
#18 C:\\xampp\\htdocs\\laravel-php3\\example-app\\vendor\\laravel\\framework\\src\\Illuminate\\Pipeline\\Pipeline.php(209): Illuminate\\Cookie\\Middleware\\EncryptCookies->handle()
#19 C:\\xampp\\htdocs\\laravel-php3\\example-app\\vendor\\laravel\\framework\\src\\Illuminate\\Pipeline\\Pipeline.php(127): Illuminate\\Pipeline\\Pipeline->Illuminate\\Pipeline\\{closure}()
#20 C:\\xampp\\htdocs\\laravel-php3\\example-app\\vendor\\laravel\\framework\\src\\Illuminate\\Routing\\Router.php(807): Illuminate\\Pipeline\\Pipeline->then()
#21 C:\\xampp\\htdocs\\laravel-php3\\example-app\\vendor\\laravel\\framework\\src\\Illuminate\\Routing\\Router.php(786): Illuminate\\Routing\\Router->runRouteWithinStack()
#22 C:\\xampp\\htdocs\\laravel-php3\\example-app\\vendor\\laravel\\framework\\src\\Illuminate\\Routing\\Router.php(750): Illuminate\\Routing\\Router->runRoute()
#23 C:\\xampp\\htdocs\\laravel-php3\\example-app\\vendor\\laravel\\framework\\src\\Illuminate\\Routing\\Router.php(739): Illuminate\\Routing\\Router->dispatchToRoute()
#24 C:\\xampp\\htdocs\\laravel-php3\\example-app\\vendor\\laravel\\framework\\src\\Illuminate\\Foundation\\Http\\Kernel.php(201): Illuminate\\Routing\\Router->dispatch()
#25 C:\\xampp\\htdocs\\laravel-php3\\example-app\\vendor\\laravel\\framework\\src\\Illuminate\\Pipeline\\Pipeline.php(170): Illuminate\\Foundation\\Http\\Kernel->Illuminate\\Foundation\\Http\\{closure}()
#26 C:\\xampp\\htdocs\\laravel-php3\\example-app\\vendor\\laravel\\framework\\src\\Illuminate\\Foundation\\Http\\Middleware\\TransformsRequest.php(21): Illuminate\\Pipeline\\Pipeline->Illuminate\\Pipeline\\{closure}()
#27 C:\\xampp\\htdocs\\laravel-php3\\example-app\\vendor\\laravel\\framework\\src\\Illuminate\\Foundation\\Http\\Middleware\\ConvertEmptyStringsToNull.php(31): Illuminate\\Foundation\\Http\\Middleware\\TransformsRequest->handle()
#28 C:\\xampp\\htdocs\\laravel-php3\\example-app\\vendor\\laravel\\framework\\src\\Illuminate\\Pipeline\\Pipeline.php(209): Illuminate\\Foundation\\Http\\Middleware\\ConvertEmptyStringsToNull->handle()
#29 C:\\xampp\\htdocs\\laravel-php3\\example-app\\vendor\\laravel\\framework\\src\\Illuminate\\Foundation\\Http\\Middleware\\TransformsRequest.php(21): Illuminate\\Pipeline\\Pipeline->Illuminate\\Pipeline\\{closure}()
#30 C:\\xampp\\htdocs\\laravel-php3\\example-app\\vendor\\laravel\\framework\\src\\Illuminate\\Foundation\\Http\\Middleware\\TrimStrings.php(51): Illuminate\\Foundation\\Http\\Middleware\\TransformsRequest->handle()
#31 C:\\xampp\\htdocs\\laravel-php3\\example-app\\vendor\\laravel\\framework\\src\\Illuminate\\Pipeline\\Pipeline.php(209): Illuminate\\Foundation\\Http\\Middleware\\TrimStrings->handle()
#32 C:\\xampp\\htdocs\\laravel-php3\\example-app\\vendor\\laravel\\framework\\src\\Illuminate\\Http\\Middleware\\ValidatePostSize.php(27): Illuminate\\Pipeline\\Pipeline->Illuminate\\Pipeline\\{closure}()
#33 C:\\xampp\\htdocs\\laravel-php3\\example-app\\vendor\\laravel\\framework\\src\\Illuminate\\Pipeline\\Pipeline.php(209): Illuminate\\Http\\Middleware\\ValidatePostSize->handle()
#34 C:\\xampp\\htdocs\\laravel-php3\\example-app\\vendor\\laravel\\framework\\src\\Illuminate\\Foundation\\Http\\Middleware\\PreventRequestsDuringMaintenance.php(110): Illuminate\\Pipeline\\Pipeline->Illuminate\\Pipeline\\{closure}()
#35 C:\\xampp\\htdocs\\laravel-php3\\example-app\\vendor\\laravel\\framework\\src\\Illuminate\\Pipeline\\Pipeline.php(209): Illuminate\\Foundation\\Http\\Middleware\\PreventRequestsDuringMaintenance->handle()
#36 C:\\xampp\\htdocs\\laravel-php3\\example-app\\vendor\\laravel\\framework\\src\\Illuminate\\Http\\Middleware\\HandleCors.php(49): Illuminate\\Pipeline\\Pipeline->Illuminate\\Pipeline\\{closure}()
#37 C:\\xampp\\htdocs\\laravel-php3\\example-app\\vendor\\laravel\\framework\\src\\Illuminate\\Pipeline\\Pipeline.php(209): Illuminate\\Http\\Middleware\\HandleCors->handle()
#38 C:\\xampp\\htdocs\\laravel-php3\\example-app\\vendor\\laravel\\framework\\src\\Illuminate\\Http\\Middleware\\TrustProxies.php(58): Illuminate\\Pipeline\\Pipeline->Illuminate\\Pipeline\\{closure}()
#39 C:\\xampp\\htdocs\\laravel-php3\\example-app\\vendor\\laravel\\framework\\src\\Illuminate\\Pipeline\\Pipeline.php(209): Illuminate\\Http\\Middleware\\TrustProxies->handle()
#40 C:\\xampp\\htdocs\\laravel-php3\\example-app\\vendor\\laravel\\framework\\src\\Illuminate\\Foundation\\Http\\Middleware\\InvokeDeferredCallbacks.php(22): Illuminate\\Pipeline\\Pipeline->Illuminate\\Pipeline\\{closure}()
#41 C:\\xampp\\htdocs\\laravel-php3\\example-app\\vendor\\laravel\\framework\\src\\Illuminate\\Pipeline\\Pipeline.php(209): Illuminate\\Foundation\\Http\\Middleware\\InvokeDeferredCallbacks->handle()
#42 C:\\xampp\\htdocs\\laravel-php3\\example-app\\vendor\\laravel\\framework\\src\\Illuminate\\Http\\Middleware\\ValidatePathEncoding.php(26): Illuminate\\Pipeline\\Pipeline->Illuminate\\Pipeline\\{closure}()
#43 C:\\xampp\\htdocs\\laravel-php3\\example-app\\vendor\\laravel\\framework\\src\\Illuminate\\Pipeline\\Pipeline.php(209): Illuminate\\Http\\Middleware\\ValidatePathEncoding->handle()
#44 C:\\xampp\\htdocs\\laravel-php3\\example-app\\vendor\\laravel\\framework\\src\\Illuminate\\Pipeline\\Pipeline.php(127): Illuminate\\Pipeline\\Pipeline->Illuminate\\Pipeline\\{closure}()
#45 C:\\xampp\\htdocs\\laravel-php3\\example-app\\vendor\\laravel\\framework\\src\\Illuminate\\Foundation\\Http\\Kernel.php(176): Illuminate\\Pipeline\\Pipeline->then()
#46 C:\\xampp\\htdocs\\laravel-php3\\example-app\\vendor\\laravel\\framework\\src\\Illuminate\\Foundation\\Http\\Kernel.php(145): Illuminate\\Foundation\\Http\\Kernel->sendRequestThroughRouter()
#47 C:\\xampp\\htdocs\\laravel-php3\\example-app\\vendor\\laravel\\framework\\src\\Illuminate\\Foundation\\Application.php(1220): Illuminate\\Foundation\\Http\\Kernel->handle()
#48 C:\\xampp\\htdocs\\laravel-php3\\example-app\\public\\index.php(20): Illuminate\\Foundation\\Application->handleRequest()
#49 C:\\xampp\\htdocs\\laravel-php3\\example-app\\vendor\\laravel\\framework\\src\\Illuminate\\Foundation\\resources\\server.php(23): require_once('...')
#50 {main}
"} 
[2025-04-10 01:41:04] local.ERROR: Call to undefined method App\Http\Controllers\CheckoutController::adminIndex() {"userId":1,"exception":"[object] (Error(code: 0): Call to undefined method App\\Http\\Controllers\\CheckoutController::adminIndex() at C:\\xampp\\htdocs\\laravel-php3\\example-app\\vendor\\laravel\\framework\\src\\Illuminate\\Routing\\ControllerDispatcher.php:47)
[stacktrace]
#0 C:\\xampp\\htdocs\\laravel-php3\\example-app\\vendor\\laravel\\framework\\src\\Illuminate\\Routing\\Route.php(266): Illuminate\\Routing\\ControllerDispatcher->dispatch()
#1 C:\\xampp\\htdocs\\laravel-php3\\example-app\\vendor\\laravel\\framework\\src\\Illuminate\\Routing\\Route.php(212): Illuminate\\Routing\\Route->runController()
#2 C:\\xampp\\htdocs\\laravel-php3\\example-app\\vendor\\laravel\\framework\\src\\Illuminate\\Routing\\Router.php(808): Illuminate\\Routing\\Route->run()
#3 C:\\xampp\\htdocs\\laravel-php3\\example-app\\vendor\\laravel\\framework\\src\\Illuminate\\Pipeline\\Pipeline.php(170): Illuminate\\Routing\\Router->Illuminate\\Routing\\{closure}()
#4 C:\\xampp\\htdocs\\laravel-php3\\example-app\\vendor\\laravel\\framework\\src\\Illuminate\\Routing\\Middleware\\SubstituteBindings.php(51): Illuminate\\Pipeline\\Pipeline->Illuminate\\Pipeline\\{closure}()
#5 C:\\xampp\\htdocs\\laravel-php3\\example-app\\vendor\\laravel\\framework\\src\\Illuminate\\Pipeline\\Pipeline.php(209): Illuminate\\Routing\\Middleware\\SubstituteBindings->handle()
#6 C:\\xampp\\htdocs\\laravel-php3\\example-app\\vendor\\laravel\\framework\\src\\Illuminate\\Foundation\\Http\\Middleware\\VerifyCsrfToken.php(88): Illuminate\\Pipeline\\Pipeline->Illuminate\\Pipeline\\{closure}()
#7 C:\\xampp\\htdocs\\laravel-php3\\example-app\\vendor\\laravel\\framework\\src\\Illuminate\\Pipeline\\Pipeline.php(209): Illuminate\\Foundation\\Http\\Middleware\\VerifyCsrfToken->handle()
#8 C:\\xampp\\htdocs\\laravel-php3\\example-app\\vendor\\laravel\\framework\\src\\Illuminate\\View\\Middleware\\ShareErrorsFromSession.php(49): Illuminate\\Pipeline\\Pipeline->Illuminate\\Pipeline\\{closure}()
#9 C:\\xampp\\htdocs\\laravel-php3\\example-app\\vendor\\laravel\\framework\\src\\Illuminate\\Pipeline\\Pipeline.php(209): Illuminate\\View\\Middleware\\ShareErrorsFromSession->handle()
#10 C:\\xampp\\htdocs\\laravel-php3\\example-app\\vendor\\laravel\\framework\\src\\Illuminate\\Session\\Middleware\\StartSession.php(121): Illuminate\\Pipeline\\Pipeline->Illuminate\\Pipeline\\{closure}()
#11 C:\\xampp\\htdocs\\laravel-php3\\example-app\\vendor\\laravel\\framework\\src\\Illuminate\\Session\\Middleware\\StartSession.php(64): Illuminate\\Session\\Middleware\\StartSession->handleStatefulRequest()
#12 C:\\xampp\\htdocs\\laravel-php3\\example-app\\vendor\\laravel\\framework\\src\\Illuminate\\Pipeline\\Pipeline.php(209): Illuminate\\Session\\Middleware\\StartSession->handle()
#13 C:\\xampp\\htdocs\\laravel-php3\\example-app\\vendor\\laravel\\framework\\src\\Illuminate\\Cookie\\Middleware\\AddQueuedCookiesToResponse.php(37): Illuminate\\Pipeline\\Pipeline->Illuminate\\Pipeline\\{closure}()
#14 C:\\xampp\\htdocs\\laravel-php3\\example-app\\vendor\\laravel\\framework\\src\\Illuminate\\Pipeline\\Pipeline.php(209): Illuminate\\Cookie\\Middleware\\AddQueuedCookiesToResponse->handle()
#15 C:\\xampp\\htdocs\\laravel-php3\\example-app\\vendor\\laravel\\framework\\src\\Illuminate\\Cookie\\Middleware\\EncryptCookies.php(75): Illuminate\\Pipeline\\Pipeline->Illuminate\\Pipeline\\{closure}()
#16 C:\\xampp\\htdocs\\laravel-php3\\example-app\\vendor\\laravel\\framework\\src\\Illuminate\\Pipeline\\Pipeline.php(209): Illuminate\\Cookie\\Middleware\\EncryptCookies->handle()
#17 C:\\xampp\\htdocs\\laravel-php3\\example-app\\vendor\\laravel\\framework\\src\\Illuminate\\Pipeline\\Pipeline.php(127): Illuminate\\Pipeline\\Pipeline->Illuminate\\Pipeline\\{closure}()
#18 C:\\xampp\\htdocs\\laravel-php3\\example-app\\vendor\\laravel\\framework\\src\\Illuminate\\Routing\\Router.php(807): Illuminate\\Pipeline\\Pipeline->then()
#19 C:\\xampp\\htdocs\\laravel-php3\\example-app\\vendor\\laravel\\framework\\src\\Illuminate\\Routing\\Router.php(786): Illuminate\\Routing\\Router->runRouteWithinStack()
#20 C:\\xampp\\htdocs\\laravel-php3\\example-app\\vendor\\laravel\\framework\\src\\Illuminate\\Routing\\Router.php(750): Illuminate\\Routing\\Router->runRoute()
#21 C:\\xampp\\htdocs\\laravel-php3\\example-app\\vendor\\laravel\\framework\\src\\Illuminate\\Routing\\Router.php(739): Illuminate\\Routing\\Router->dispatchToRoute()
#22 C:\\xampp\\htdocs\\laravel-php3\\example-app\\vendor\\laravel\\framework\\src\\Illuminate\\Foundation\\Http\\Kernel.php(201): Illuminate\\Routing\\Router->dispatch()
#23 C:\\xampp\\htdocs\\laravel-php3\\example-app\\vendor\\laravel\\framework\\src\\Illuminate\\Pipeline\\Pipeline.php(170): Illuminate\\Foundation\\Http\\Kernel->Illuminate\\Foundation\\Http\\{closure}()
#24 C:\\xampp\\htdocs\\laravel-php3\\example-app\\vendor\\laravel\\framework\\src\\Illuminate\\Foundation\\Http\\Middleware\\TransformsRequest.php(21): Illuminate\\Pipeline\\Pipeline->Illuminate\\Pipeline\\{closure}()
#25 C:\\xampp\\htdocs\\laravel-php3\\example-app\\vendor\\laravel\\framework\\src\\Illuminate\\Foundation\\Http\\Middleware\\ConvertEmptyStringsToNull.php(31): Illuminate\\Foundation\\Http\\Middleware\\TransformsRequest->handle()
#26 C:\\xampp\\htdocs\\laravel-php3\\example-app\\vendor\\laravel\\framework\\src\\Illuminate\\Pipeline\\Pipeline.php(209): Illuminate\\Foundation\\Http\\Middleware\\ConvertEmptyStringsToNull->handle()
#27 C:\\xampp\\htdocs\\laravel-php3\\example-app\\vendor\\laravel\\framework\\src\\Illuminate\\Foundation\\Http\\Middleware\\TransformsRequest.php(21): Illuminate\\Pipeline\\Pipeline->Illuminate\\Pipeline\\{closure}()
#28 C:\\xampp\\htdocs\\laravel-php3\\example-app\\vendor\\laravel\\framework\\src\\Illuminate\\Foundation\\Http\\Middleware\\TrimStrings.php(51): Illuminate\\Foundation\\Http\\Middleware\\TransformsRequest->handle()
#29 C:\\xampp\\htdocs\\laravel-php3\\example-app\\vendor\\laravel\\framework\\src\\Illuminate\\Pipeline\\Pipeline.php(209): Illuminate\\Foundation\\Http\\Middleware\\TrimStrings->handle()
#30 C:\\xampp\\htdocs\\laravel-php3\\example-app\\vendor\\laravel\\framework\\src\\Illuminate\\Http\\Middleware\\ValidatePostSize.php(27): Illuminate\\Pipeline\\Pipeline->Illuminate\\Pipeline\\{closure}()
#31 C:\\xampp\\htdocs\\laravel-php3\\example-app\\vendor\\laravel\\framework\\src\\Illuminate\\Pipeline\\Pipeline.php(209): Illuminate\\Http\\Middleware\\ValidatePostSize->handle()
#32 C:\\xampp\\htdocs\\laravel-php3\\example-app\\vendor\\laravel\\framework\\src\\Illuminate\\Foundation\\Http\\Middleware\\PreventRequestsDuringMaintenance.php(110): Illuminate\\Pipeline\\Pipeline->Illuminate\\Pipeline\\{closure}()
#33 C:\\xampp\\htdocs\\laravel-php3\\example-app\\vendor\\laravel\\framework\\src\\Illuminate\\Pipeline\\Pipeline.php(209): Illuminate\\Foundation\\Http\\Middleware\\PreventRequestsDuringMaintenance->handle()
#34 C:\\xampp\\htdocs\\laravel-php3\\example-app\\vendor\\laravel\\framework\\src\\Illuminate\\Http\\Middleware\\HandleCors.php(49): Illuminate\\Pipeline\\Pipeline->Illuminate\\Pipeline\\{closure}()
#35 C:\\xampp\\htdocs\\laravel-php3\\example-app\\vendor\\laravel\\framework\\src\\Illuminate\\Pipeline\\Pipeline.php(209): Illuminate\\Http\\Middleware\\HandleCors->handle()
#36 C:\\xampp\\htdocs\\laravel-php3\\example-app\\vendor\\laravel\\framework\\src\\Illuminate\\Http\\Middleware\\TrustProxies.php(58): Illuminate\\Pipeline\\Pipeline->Illuminate\\Pipeline\\{closure}()
#37 C:\\xampp\\htdocs\\laravel-php3\\example-app\\vendor\\laravel\\framework\\src\\Illuminate\\Pipeline\\Pipeline.php(209): Illuminate\\Http\\Middleware\\TrustProxies->handle()
#38 C:\\xampp\\htdocs\\laravel-php3\\example-app\\vendor\\laravel\\framework\\src\\Illuminate\\Foundation\\Http\\Middleware\\InvokeDeferredCallbacks.php(22): Illuminate\\Pipeline\\Pipeline->Illuminate\\Pipeline\\{closure}()
#39 C:\\xampp\\htdocs\\laravel-php3\\example-app\\vendor\\laravel\\framework\\src\\Illuminate\\Pipeline\\Pipeline.php(209): Illuminate\\Foundation\\Http\\Middleware\\InvokeDeferredCallbacks->handle()
#40 C:\\xampp\\htdocs\\laravel-php3\\example-app\\vendor\\laravel\\framework\\src\\Illuminate\\Http\\Middleware\\ValidatePathEncoding.php(26): Illuminate\\Pipeline\\Pipeline->Illuminate\\Pipeline\\{closure}()
#41 C:\\xampp\\htdocs\\laravel-php3\\example-app\\vendor\\laravel\\framework\\src\\Illuminate\\Pipeline\\Pipeline.php(209): Illuminate\\Http\\Middleware\\ValidatePathEncoding->handle()
#42 C:\\xampp\\htdocs\\laravel-php3\\example-app\\vendor\\laravel\\framework\\src\\Illuminate\\Pipeline\\Pipeline.php(127): Illuminate\\Pipeline\\Pipeline->Illuminate\\Pipeline\\{closure}()
#43 C:\\xampp\\htdocs\\laravel-php3\\example-app\\vendor\\laravel\\framework\\src\\Illuminate\\Foundation\\Http\\Kernel.php(176): Illuminate\\Pipeline\\Pipeline->then()
#44 C:\\xampp\\htdocs\\laravel-php3\\example-app\\vendor\\laravel\\framework\\src\\Illuminate\\Foundation\\Http\\Kernel.php(145): Illuminate\\Foundation\\Http\\Kernel->sendRequestThroughRouter()
#45 C:\\xampp\\htdocs\\laravel-php3\\example-app\\vendor\\laravel\\framework\\src\\Illuminate\\Foundation\\Application.php(1220): Illuminate\\Foundation\\Http\\Kernel->handle()
#46 C:\\xampp\\htdocs\\laravel-php3\\example-app\\public\\index.php(20): Illuminate\\Foundation\\Application->handleRequest()
#47 C:\\xampp\\htdocs\\laravel-php3\\example-app\\vendor\\laravel\\framework\\src\\Illuminate\\Foundation\\resources\\server.php(23): require_once('...')
#48 {main}
"} 
[2025-04-10 01:43:12] local.ERROR: Call to undefined method App\Http\Controllers\CheckoutController::getShippingOptions() {"userId":1,"exception":"[object] (Error(code: 0): Call to undefined method App\\Http\\Controllers\\CheckoutController::getShippingOptions() at C:\\xampp\\htdocs\\laravel-php3\\example-app\\app\\Http\\Controllers\\CheckoutController.php:344)
[stacktrace]
#0 C:\\xampp\\htdocs\\laravel-php3\\example-app\\vendor\\laravel\\framework\\src\\Illuminate\\Routing\\ControllerDispatcher.php(47): App\\Http\\Controllers\\CheckoutController->list()
#1 C:\\xampp\\htdocs\\laravel-php3\\example-app\\vendor\\laravel\\framework\\src\\Illuminate\\Routing\\Route.php(266): Illuminate\\Routing\\ControllerDispatcher->dispatch()
#2 C:\\xampp\\htdocs\\laravel-php3\\example-app\\vendor\\laravel\\framework\\src\\Illuminate\\Routing\\Route.php(212): Illuminate\\Routing\\Route->runController()
#3 C:\\xampp\\htdocs\\laravel-php3\\example-app\\vendor\\laravel\\framework\\src\\Illuminate\\Routing\\Router.php(808): Illuminate\\Routing\\Route->run()
#4 C:\\xampp\\htdocs\\laravel-php3\\example-app\\vendor\\laravel\\framework\\src\\Illuminate\\Pipeline\\Pipeline.php(170): Illuminate\\Routing\\Router->Illuminate\\Routing\\{closure}()
#5 C:\\xampp\\htdocs\\laravel-php3\\example-app\\vendor\\laravel\\framework\\src\\Illuminate\\Routing\\Middleware\\SubstituteBindings.php(51): Illuminate\\Pipeline\\Pipeline->Illuminate\\Pipeline\\{closure}()
#6 C:\\xampp\\htdocs\\laravel-php3\\example-app\\vendor\\laravel\\framework\\src\\Illuminate\\Pipeline\\Pipeline.php(209): Illuminate\\Routing\\Middleware\\SubstituteBindings->handle()
#7 C:\\xampp\\htdocs\\laravel-php3\\example-app\\vendor\\laravel\\framework\\src\\Illuminate\\Auth\\Middleware\\Authenticate.php(64): Illuminate\\Pipeline\\Pipeline->Illuminate\\Pipeline\\{closure}()
#8 C:\\xampp\\htdocs\\laravel-php3\\example-app\\vendor\\laravel\\framework\\src\\Illuminate\\Pipeline\\Pipeline.php(209): Illuminate\\Auth\\Middleware\\Authenticate->handle()
#9 C:\\xampp\\htdocs\\laravel-php3\\example-app\\vendor\\laravel\\framework\\src\\Illuminate\\Foundation\\Http\\Middleware\\VerifyCsrfToken.php(88): Illuminate\\Pipeline\\Pipeline->Illuminate\\Pipeline\\{closure}()
#10 C:\\xampp\\htdocs\\laravel-php3\\example-app\\vendor\\laravel\\framework\\src\\Illuminate\\Pipeline\\Pipeline.php(209): Illuminate\\Foundation\\Http\\Middleware\\VerifyCsrfToken->handle()
#11 C:\\xampp\\htdocs\\laravel-php3\\example-app\\vendor\\laravel\\framework\\src\\Illuminate\\View\\Middleware\\ShareErrorsFromSession.php(49): Illuminate\\Pipeline\\Pipeline->Illuminate\\Pipeline\\{closure}()
#12 C:\\xampp\\htdocs\\laravel-php3\\example-app\\vendor\\laravel\\framework\\src\\Illuminate\\Pipeline\\Pipeline.php(209): Illuminate\\View\\Middleware\\ShareErrorsFromSession->handle()
#13 C:\\xampp\\htdocs\\laravel-php3\\example-app\\vendor\\laravel\\framework\\src\\Illuminate\\Session\\Middleware\\StartSession.php(121): Illuminate\\Pipeline\\Pipeline->Illuminate\\Pipeline\\{closure}()
#14 C:\\xampp\\htdocs\\laravel-php3\\example-app\\vendor\\laravel\\framework\\src\\Illuminate\\Session\\Middleware\\StartSession.php(64): Illuminate\\Session\\Middleware\\StartSession->handleStatefulRequest()
#15 C:\\xampp\\htdocs\\laravel-php3\\example-app\\vendor\\laravel\\framework\\src\\Illuminate\\Pipeline\\Pipeline.php(209): Illuminate\\Session\\Middleware\\StartSession->handle()
#16 C:\\xampp\\htdocs\\laravel-php3\\example-app\\vendor\\laravel\\framework\\src\\Illuminate\\Cookie\\Middleware\\AddQueuedCookiesToResponse.php(37): Illuminate\\Pipeline\\Pipeline->Illuminate\\Pipeline\\{closure}()
#17 C:\\xampp\\htdocs\\laravel-php3\\example-app\\vendor\\laravel\\framework\\src\\Illuminate\\Pipeline\\Pipeline.php(209): Illuminate\\Cookie\\Middleware\\AddQueuedCookiesToResponse->handle()
#18 C:\\xampp\\htdocs\\laravel-php3\\example-app\\vendor\\laravel\\framework\\src\\Illuminate\\Cookie\\Middleware\\EncryptCookies.php(75): Illuminate\\Pipeline\\Pipeline->Illuminate\\Pipeline\\{closure}()
#19 C:\\xampp\\htdocs\\laravel-php3\\example-app\\vendor\\laravel\\framework\\src\\Illuminate\\Pipeline\\Pipeline.php(209): Illuminate\\Cookie\\Middleware\\EncryptCookies->handle()
#20 C:\\xampp\\htdocs\\laravel-php3\\example-app\\vendor\\laravel\\framework\\src\\Illuminate\\Pipeline\\Pipeline.php(127): Illuminate\\Pipeline\\Pipeline->Illuminate\\Pipeline\\{closure}()
#21 C:\\xampp\\htdocs\\laravel-php3\\example-app\\vendor\\laravel\\framework\\src\\Illuminate\\Routing\\Router.php(807): Illuminate\\Pipeline\\Pipeline->then()
#22 C:\\xampp\\htdocs\\laravel-php3\\example-app\\vendor\\laravel\\framework\\src\\Illuminate\\Routing\\Router.php(786): Illuminate\\Routing\\Router->runRouteWithinStack()
#23 C:\\xampp\\htdocs\\laravel-php3\\example-app\\vendor\\laravel\\framework\\src\\Illuminate\\Routing\\Router.php(750): Illuminate\\Routing\\Router->runRoute()
#24 C:\\xampp\\htdocs\\laravel-php3\\example-app\\vendor\\laravel\\framework\\src\\Illuminate\\Routing\\Router.php(739): Illuminate\\Routing\\Router->dispatchToRoute()
#25 C:\\xampp\\htdocs\\laravel-php3\\example-app\\vendor\\laravel\\framework\\src\\Illuminate\\Foundation\\Http\\Kernel.php(201): Illuminate\\Routing\\Router->dispatch()
#26 C:\\xampp\\htdocs\\laravel-php3\\example-app\\vendor\\laravel\\framework\\src\\Illuminate\\Pipeline\\Pipeline.php(170): Illuminate\\Foundation\\Http\\Kernel->Illuminate\\Foundation\\Http\\{closure}()
#27 C:\\xampp\\htdocs\\laravel-php3\\example-app\\vendor\\laravel\\framework\\src\\Illuminate\\Foundation\\Http\\Middleware\\TransformsRequest.php(21): Illuminate\\Pipeline\\Pipeline->Illuminate\\Pipeline\\{closure}()
#28 C:\\xampp\\htdocs\\laravel-php3\\example-app\\vendor\\laravel\\framework\\src\\Illuminate\\Foundation\\Http\\Middleware\\ConvertEmptyStringsToNull.php(31): Illuminate\\Foundation\\Http\\Middleware\\TransformsRequest->handle()
#29 C:\\xampp\\htdocs\\laravel-php3\\example-app\\vendor\\laravel\\framework\\src\\Illuminate\\Pipeline\\Pipeline.php(209): Illuminate\\Foundation\\Http\\Middleware\\ConvertEmptyStringsToNull->handle()
#30 C:\\xampp\\htdocs\\laravel-php3\\example-app\\vendor\\laravel\\framework\\src\\Illuminate\\Foundation\\Http\\Middleware\\TransformsRequest.php(21): Illuminate\\Pipeline\\Pipeline->Illuminate\\Pipeline\\{closure}()
#31 C:\\xampp\\htdocs\\laravel-php3\\example-app\\vendor\\laravel\\framework\\src\\Illuminate\\Foundation\\Http\\Middleware\\TrimStrings.php(51): Illuminate\\Foundation\\Http\\Middleware\\TransformsRequest->handle()
#32 C:\\xampp\\htdocs\\laravel-php3\\example-app\\vendor\\laravel\\framework\\src\\Illuminate\\Pipeline\\Pipeline.php(209): Illuminate\\Foundation\\Http\\Middleware\\TrimStrings->handle()
#33 C:\\xampp\\htdocs\\laravel-php3\\example-app\\vendor\\laravel\\framework\\src\\Illuminate\\Http\\Middleware\\ValidatePostSize.php(27): Illuminate\\Pipeline\\Pipeline->Illuminate\\Pipeline\\{closure}()
#34 C:\\xampp\\htdocs\\laravel-php3\\example-app\\vendor\\laravel\\framework\\src\\Illuminate\\Pipeline\\Pipeline.php(209): Illuminate\\Http\\Middleware\\ValidatePostSize->handle()
#35 C:\\xampp\\htdocs\\laravel-php3\\example-app\\vendor\\laravel\\framework\\src\\Illuminate\\Foundation\\Http\\Middleware\\PreventRequestsDuringMaintenance.php(110): Illuminate\\Pipeline\\Pipeline->Illuminate\\Pipeline\\{closure}()
#36 C:\\xampp\\htdocs\\laravel-php3\\example-app\\vendor\\laravel\\framework\\src\\Illuminate\\Pipeline\\Pipeline.php(209): Illuminate\\Foundation\\Http\\Middleware\\PreventRequestsDuringMaintenance->handle()
#37 C:\\xampp\\htdocs\\laravel-php3\\example-app\\vendor\\laravel\\framework\\src\\Illuminate\\Http\\Middleware\\HandleCors.php(49): Illuminate\\Pipeline\\Pipeline->Illuminate\\Pipeline\\{closure}()
#38 C:\\xampp\\htdocs\\laravel-php3\\example-app\\vendor\\laravel\\framework\\src\\Illuminate\\Pipeline\\Pipeline.php(209): Illuminate\\Http\\Middleware\\HandleCors->handle()
#39 C:\\xampp\\htdocs\\laravel-php3\\example-app\\vendor\\laravel\\framework\\src\\Illuminate\\Http\\Middleware\\TrustProxies.php(58): Illuminate\\Pipeline\\Pipeline->Illuminate\\Pipeline\\{closure}()
#40 C:\\xampp\\htdocs\\laravel-php3\\example-app\\vendor\\laravel\\framework\\src\\Illuminate\\Pipeline\\Pipeline.php(209): Illuminate\\Http\\Middleware\\TrustProxies->handle()
#41 C:\\xampp\\htdocs\\laravel-php3\\example-app\\vendor\\laravel\\framework\\src\\Illuminate\\Foundation\\Http\\Middleware\\InvokeDeferredCallbacks.php(22): Illuminate\\Pipeline\\Pipeline->Illuminate\\Pipeline\\{closure}()
#42 C:\\xampp\\htdocs\\laravel-php3\\example-app\\vendor\\laravel\\framework\\src\\Illuminate\\Pipeline\\Pipeline.php(209): Illuminate\\Foundation\\Http\\Middleware\\InvokeDeferredCallbacks->handle()
#43 C:\\xampp\\htdocs\\laravel-php3\\example-app\\vendor\\laravel\\framework\\src\\Illuminate\\Http\\Middleware\\ValidatePathEncoding.php(26): Illuminate\\Pipeline\\Pipeline->Illuminate\\Pipeline\\{closure}()
#44 C:\\xampp\\htdocs\\laravel-php3\\example-app\\vendor\\laravel\\framework\\src\\Illuminate\\Pipeline\\Pipeline.php(209): Illuminate\\Http\\Middleware\\ValidatePathEncoding->handle()
#45 C:\\xampp\\htdocs\\laravel-php3\\example-app\\vendor\\laravel\\framework\\src\\Illuminate\\Pipeline\\Pipeline.php(127): Illuminate\\Pipeline\\Pipeline->Illuminate\\Pipeline\\{closure}()
#46 C:\\xampp\\htdocs\\laravel-php3\\example-app\\vendor\\laravel\\framework\\src\\Illuminate\\Foundation\\Http\\Kernel.php(176): Illuminate\\Pipeline\\Pipeline->then()
#47 C:\\xampp\\htdocs\\laravel-php3\\example-app\\vendor\\laravel\\framework\\src\\Illuminate\\Foundation\\Http\\Kernel.php(145): Illuminate\\Foundation\\Http\\Kernel->sendRequestThroughRouter()
#48 C:\\xampp\\htdocs\\laravel-php3\\example-app\\vendor\\laravel\\framework\\src\\Illuminate\\Foundation\\Application.php(1220): Illuminate\\Foundation\\Http\\Kernel->handle()
#49 C:\\xampp\\htdocs\\laravel-php3\\example-app\\public\\index.php(20): Illuminate\\Foundation\\Application->handleRequest()
#50 C:\\xampp\\htdocs\\laravel-php3\\example-app\\vendor\\laravel\\framework\\src\\Illuminate\\Foundation\\resources\\server.php(23): require_once('...')
#51 {main}
"} 
[2025-04-10 01:44:13] local.ERROR: Call to undefined method App\Http\Controllers\CheckoutController::show() {"userId":1,"exception":"[object] (Error(code: 0): Call to undefined method App\\Http\\Controllers\\CheckoutController::show() at C:\\xampp\\htdocs\\laravel-php3\\example-app\\vendor\\laravel\\framework\\src\\Illuminate\\Routing\\ControllerDispatcher.php:47)
[stacktrace]
#0 C:\\xampp\\htdocs\\laravel-php3\\example-app\\vendor\\laravel\\framework\\src\\Illuminate\\Routing\\Route.php(266): Illuminate\\Routing\\ControllerDispatcher->dispatch()
#1 C:\\xampp\\htdocs\\laravel-php3\\example-app\\vendor\\laravel\\framework\\src\\Illuminate\\Routing\\Route.php(212): Illuminate\\Routing\\Route->runController()
#2 C:\\xampp\\htdocs\\laravel-php3\\example-app\\vendor\\laravel\\framework\\src\\Illuminate\\Routing\\Router.php(808): Illuminate\\Routing\\Route->run()
#3 C:\\xampp\\htdocs\\laravel-php3\\example-app\\vendor\\laravel\\framework\\src\\Illuminate\\Pipeline\\Pipeline.php(170): Illuminate\\Routing\\Router->Illuminate\\Routing\\{closure}()
#4 C:\\xampp\\htdocs\\laravel-php3\\example-app\\vendor\\laravel\\framework\\src\\Illuminate\\Routing\\Middleware\\SubstituteBindings.php(51): Illuminate\\Pipeline\\Pipeline->Illuminate\\Pipeline\\{closure}()
#5 C:\\xampp\\htdocs\\laravel-php3\\example-app\\vendor\\laravel\\framework\\src\\Illuminate\\Pipeline\\Pipeline.php(209): Illuminate\\Routing\\Middleware\\SubstituteBindings->handle()
#6 C:\\xampp\\htdocs\\laravel-php3\\example-app\\vendor\\laravel\\framework\\src\\Illuminate\\Auth\\Middleware\\Authenticate.php(64): Illuminate\\Pipeline\\Pipeline->Illuminate\\Pipeline\\{closure}()
#7 C:\\xampp\\htdocs\\laravel-php3\\example-app\\vendor\\laravel\\framework\\src\\Illuminate\\Pipeline\\Pipeline.php(209): Illuminate\\Auth\\Middleware\\Authenticate->handle()
#8 C:\\xampp\\htdocs\\laravel-php3\\example-app\\vendor\\laravel\\framework\\src\\Illuminate\\Foundation\\Http\\Middleware\\VerifyCsrfToken.php(88): Illuminate\\Pipeline\\Pipeline->Illuminate\\Pipeline\\{closure}()
#9 C:\\xampp\\htdocs\\laravel-php3\\example-app\\vendor\\laravel\\framework\\src\\Illuminate\\Pipeline\\Pipeline.php(209): Illuminate\\Foundation\\Http\\Middleware\\VerifyCsrfToken->handle()
#10 C:\\xampp\\htdocs\\laravel-php3\\example-app\\vendor\\laravel\\framework\\src\\Illuminate\\View\\Middleware\\ShareErrorsFromSession.php(49): Illuminate\\Pipeline\\Pipeline->Illuminate\\Pipeline\\{closure}()
#11 C:\\xampp\\htdocs\\laravel-php3\\example-app\\vendor\\laravel\\framework\\src\\Illuminate\\Pipeline\\Pipeline.php(209): Illuminate\\View\\Middleware\\ShareErrorsFromSession->handle()
#12 C:\\xampp\\htdocs\\laravel-php3\\example-app\\vendor\\laravel\\framework\\src\\Illuminate\\Session\\Middleware\\StartSession.php(121): Illuminate\\Pipeline\\Pipeline->Illuminate\\Pipeline\\{closure}()
#13 C:\\xampp\\htdocs\\laravel-php3\\example-app\\vendor\\laravel\\framework\\src\\Illuminate\\Session\\Middleware\\StartSession.php(64): Illuminate\\Session\\Middleware\\StartSession->handleStatefulRequest()
#14 C:\\xampp\\htdocs\\laravel-php3\\example-app\\vendor\\laravel\\framework\\src\\Illuminate\\Pipeline\\Pipeline.php(209): Illuminate\\Session\\Middleware\\StartSession->handle()
#15 C:\\xampp\\htdocs\\laravel-php3\\example-app\\vendor\\laravel\\framework\\src\\Illuminate\\Cookie\\Middleware\\AddQueuedCookiesToResponse.php(37): Illuminate\\Pipeline\\Pipeline->Illuminate\\Pipeline\\{closure}()
#16 C:\\xampp\\htdocs\\laravel-php3\\example-app\\vendor\\laravel\\framework\\src\\Illuminate\\Pipeline\\Pipeline.php(209): Illuminate\\Cookie\\Middleware\\AddQueuedCookiesToResponse->handle()
#17 C:\\xampp\\htdocs\\laravel-php3\\example-app\\vendor\\laravel\\framework\\src\\Illuminate\\Cookie\\Middleware\\EncryptCookies.php(75): Illuminate\\Pipeline\\Pipeline->Illuminate\\Pipeline\\{closure}()
#18 C:\\xampp\\htdocs\\laravel-php3\\example-app\\vendor\\laravel\\framework\\src\\Illuminate\\Pipeline\\Pipeline.php(209): Illuminate\\Cookie\\Middleware\\EncryptCookies->handle()
#19 C:\\xampp\\htdocs\\laravel-php3\\example-app\\vendor\\laravel\\framework\\src\\Illuminate\\Pipeline\\Pipeline.php(127): Illuminate\\Pipeline\\Pipeline->Illuminate\\Pipeline\\{closure}()
#20 C:\\xampp\\htdocs\\laravel-php3\\example-app\\vendor\\laravel\\framework\\src\\Illuminate\\Routing\\Router.php(807): Illuminate\\Pipeline\\Pipeline->then()
#21 C:\\xampp\\htdocs\\laravel-php3\\example-app\\vendor\\laravel\\framework\\src\\Illuminate\\Routing\\Router.php(786): Illuminate\\Routing\\Router->runRouteWithinStack()
#22 C:\\xampp\\htdocs\\laravel-php3\\example-app\\vendor\\laravel\\framework\\src\\Illuminate\\Routing\\Router.php(750): Illuminate\\Routing\\Router->runRoute()
#23 C:\\xampp\\htdocs\\laravel-php3\\example-app\\vendor\\laravel\\framework\\src\\Illuminate\\Routing\\Router.php(739): Illuminate\\Routing\\Router->dispatchToRoute()
#24 C:\\xampp\\htdocs\\laravel-php3\\example-app\\vendor\\laravel\\framework\\src\\Illuminate\\Foundation\\Http\\Kernel.php(201): Illuminate\\Routing\\Router->dispatch()
#25 C:\\xampp\\htdocs\\laravel-php3\\example-app\\vendor\\laravel\\framework\\src\\Illuminate\\Pipeline\\Pipeline.php(170): Illuminate\\Foundation\\Http\\Kernel->Illuminate\\Foundation\\Http\\{closure}()
#26 C:\\xampp\\htdocs\\laravel-php3\\example-app\\vendor\\laravel\\framework\\src\\Illuminate\\Foundation\\Http\\Middleware\\TransformsRequest.php(21): Illuminate\\Pipeline\\Pipeline->Illuminate\\Pipeline\\{closure}()
#27 C:\\xampp\\htdocs\\laravel-php3\\example-app\\vendor\\laravel\\framework\\src\\Illuminate\\Foundation\\Http\\Middleware\\ConvertEmptyStringsToNull.php(31): Illuminate\\Foundation\\Http\\Middleware\\TransformsRequest->handle()
#28 C:\\xampp\\htdocs\\laravel-php3\\example-app\\vendor\\laravel\\framework\\src\\Illuminate\\Pipeline\\Pipeline.php(209): Illuminate\\Foundation\\Http\\Middleware\\ConvertEmptyStringsToNull->handle()
#29 C:\\xampp\\htdocs\\laravel-php3\\example-app\\vendor\\laravel\\framework\\src\\Illuminate\\Foundation\\Http\\Middleware\\TransformsRequest.php(21): Illuminate\\Pipeline\\Pipeline->Illuminate\\Pipeline\\{closure}()
#30 C:\\xampp\\htdocs\\laravel-php3\\example-app\\vendor\\laravel\\framework\\src\\Illuminate\\Foundation\\Http\\Middleware\\TrimStrings.php(51): Illuminate\\Foundation\\Http\\Middleware\\TransformsRequest->handle()
#31 C:\\xampp\\htdocs\\laravel-php3\\example-app\\vendor\\laravel\\framework\\src\\Illuminate\\Pipeline\\Pipeline.php(209): Illuminate\\Foundation\\Http\\Middleware\\TrimStrings->handle()
#32 C:\\xampp\\htdocs\\laravel-php3\\example-app\\vendor\\laravel\\framework\\src\\Illuminate\\Http\\Middleware\\ValidatePostSize.php(27): Illuminate\\Pipeline\\Pipeline->Illuminate\\Pipeline\\{closure}()
#33 C:\\xampp\\htdocs\\laravel-php3\\example-app\\vendor\\laravel\\framework\\src\\Illuminate\\Pipeline\\Pipeline.php(209): Illuminate\\Http\\Middleware\\ValidatePostSize->handle()
#34 C:\\xampp\\htdocs\\laravel-php3\\example-app\\vendor\\laravel\\framework\\src\\Illuminate\\Foundation\\Http\\Middleware\\PreventRequestsDuringMaintenance.php(110): Illuminate\\Pipeline\\Pipeline->Illuminate\\Pipeline\\{closure}()
#35 C:\\xampp\\htdocs\\laravel-php3\\example-app\\vendor\\laravel\\framework\\src\\Illuminate\\Pipeline\\Pipeline.php(209): Illuminate\\Foundation\\Http\\Middleware\\PreventRequestsDuringMaintenance->handle()
#36 C:\\xampp\\htdocs\\laravel-php3\\example-app\\vendor\\laravel\\framework\\src\\Illuminate\\Http\\Middleware\\HandleCors.php(49): Illuminate\\Pipeline\\Pipeline->Illuminate\\Pipeline\\{closure}()
#37 C:\\xampp\\htdocs\\laravel-php3\\example-app\\vendor\\laravel\\framework\\src\\Illuminate\\Pipeline\\Pipeline.php(209): Illuminate\\Http\\Middleware\\HandleCors->handle()
#38 C:\\xampp\\htdocs\\laravel-php3\\example-app\\vendor\\laravel\\framework\\src\\Illuminate\\Http\\Middleware\\TrustProxies.php(58): Illuminate\\Pipeline\\Pipeline->Illuminate\\Pipeline\\{closure}()
#39 C:\\xampp\\htdocs\\laravel-php3\\example-app\\vendor\\laravel\\framework\\src\\Illuminate\\Pipeline\\Pipeline.php(209): Illuminate\\Http\\Middleware\\TrustProxies->handle()
#40 C:\\xampp\\htdocs\\laravel-php3\\example-app\\vendor\\laravel\\framework\\src\\Illuminate\\Foundation\\Http\\Middleware\\InvokeDeferredCallbacks.php(22): Illuminate\\Pipeline\\Pipeline->Illuminate\\Pipeline\\{closure}()
#41 C:\\xampp\\htdocs\\laravel-php3\\example-app\\vendor\\laravel\\framework\\src\\Illuminate\\Pipeline\\Pipeline.php(209): Illuminate\\Foundation\\Http\\Middleware\\InvokeDeferredCallbacks->handle()
#42 C:\\xampp\\htdocs\\laravel-php3\\example-app\\vendor\\laravel\\framework\\src\\Illuminate\\Http\\Middleware\\ValidatePathEncoding.php(26): Illuminate\\Pipeline\\Pipeline->Illuminate\\Pipeline\\{closure}()
#43 C:\\xampp\\htdocs\\laravel-php3\\example-app\\vendor\\laravel\\framework\\src\\Illuminate\\Pipeline\\Pipeline.php(209): Illuminate\\Http\\Middleware\\ValidatePathEncoding->handle()
#44 C:\\xampp\\htdocs\\laravel-php3\\example-app\\vendor\\laravel\\framework\\src\\Illuminate\\Pipeline\\Pipeline.php(127): Illuminate\\Pipeline\\Pipeline->Illuminate\\Pipeline\\{closure}()
#45 C:\\xampp\\htdocs\\laravel-php3\\example-app\\vendor\\laravel\\framework\\src\\Illuminate\\Foundation\\Http\\Kernel.php(176): Illuminate\\Pipeline\\Pipeline->then()
#46 C:\\xampp\\htdocs\\laravel-php3\\example-app\\vendor\\laravel\\framework\\src\\Illuminate\\Foundation\\Http\\Kernel.php(145): Illuminate\\Foundation\\Http\\Kernel->sendRequestThroughRouter()
#47 C:\\xampp\\htdocs\\laravel-php3\\example-app\\vendor\\laravel\\framework\\src\\Illuminate\\Foundation\\Application.php(1220): Illuminate\\Foundation\\Http\\Kernel->handle()
#48 C:\\xampp\\htdocs\\laravel-php3\\example-app\\public\\index.php(20): Illuminate\\Foundation\\Application->handleRequest()
#49 C:\\xampp\\htdocs\\laravel-php3\\example-app\\vendor\\laravel\\framework\\src\\Illuminate\\Foundation\\resources\\server.php(23): require_once('...')
#50 {main}
"} 
[2025-04-10 01:48:13] local.ERROR: foreach() argument must be of type array|object, null given (View: C:\xampp\htdocs\laravel-php3\example-app\resources\views\checkout\show.blade.php) {"userId":1,"exception":"[object] (Illuminate\\View\\ViewException(code: 0): foreach() argument must be of type array|object, null given (View: C:\\xampp\\htdocs\\laravel-php3\\example-app\\resources\\views\\checkout\\show.blade.php) at C:\\xampp\\htdocs\\laravel-php3\\example-app\\storage\\framework\\views\\d2f25e20390eff3ee87f64eb707dce44.php:133)
[stacktrace]
#0 C:\\xampp\\htdocs\\laravel-php3\\example-app\\vendor\\laravel\\framework\\src\\Illuminate\\View\\Engines\\PhpEngine.php(60): Illuminate\\View\\Engines\\CompilerEngine->handleViewException()
#1 C:\\xampp\\htdocs\\laravel-php3\\example-app\\vendor\\laravel\\framework\\src\\Illuminate\\View\\Engines\\CompilerEngine.php(75): Illuminate\\View\\Engines\\PhpEngine->evaluatePath()
#2 C:\\xampp\\htdocs\\laravel-php3\\example-app\\vendor\\laravel\\framework\\src\\Illuminate\\View\\View.php(209): Illuminate\\View\\Engines\\CompilerEngine->get()
#3 C:\\xampp\\htdocs\\laravel-php3\\example-app\\vendor\\laravel\\framework\\src\\Illuminate\\View\\View.php(192): Illuminate\\View\\View->getContents()
#4 C:\\xampp\\htdocs\\laravel-php3\\example-app\\vendor\\laravel\\framework\\src\\Illuminate\\View\\View.php(161): Illuminate\\View\\View->renderContents()
#5 C:\\xampp\\htdocs\\laravel-php3\\example-app\\vendor\\laravel\\framework\\src\\Illuminate\\Http\\Response.php(79): Illuminate\\View\\View->render()
#6 C:\\xampp\\htdocs\\laravel-php3\\example-app\\vendor\\laravel\\framework\\src\\Illuminate\\Http\\Response.php(35): Illuminate\\Http\\Response->setContent()
#7 C:\\xampp\\htdocs\\laravel-php3\\example-app\\vendor\\laravel\\framework\\src\\Illuminate\\Routing\\Router.php(920): Illuminate\\Http\\Response->__construct()
#8 C:\\xampp\\htdocs\\laravel-php3\\example-app\\vendor\\laravel\\framework\\src\\Illuminate\\Routing\\Router.php(887): Illuminate\\Routing\\Router::toResponse()
#9 C:\\xampp\\htdocs\\laravel-php3\\example-app\\vendor\\laravel\\framework\\src\\Illuminate\\Routing\\Router.php(807): Illuminate\\Routing\\Router->prepareResponse()
#10 C:\\xampp\\htdocs\\laravel-php3\\example-app\\vendor\\laravel\\framework\\src\\Illuminate\\Pipeline\\Pipeline.php(170): Illuminate\\Routing\\Router->Illuminate\\Routing\\{closure}()
#11 C:\\xampp\\htdocs\\laravel-php3\\example-app\\vendor\\laravel\\framework\\src\\Illuminate\\Routing\\Middleware\\SubstituteBindings.php(51): Illuminate\\Pipeline\\Pipeline->Illuminate\\Pipeline\\{closure}()
#12 C:\\xampp\\htdocs\\laravel-php3\\example-app\\vendor\\laravel\\framework\\src\\Illuminate\\Pipeline\\Pipeline.php(209): Illuminate\\Routing\\Middleware\\SubstituteBindings->handle()
#13 C:\\xampp\\htdocs\\laravel-php3\\example-app\\vendor\\laravel\\framework\\src\\Illuminate\\Auth\\Middleware\\Authenticate.php(64): Illuminate\\Pipeline\\Pipeline->Illuminate\\Pipeline\\{closure}()
#14 C:\\xampp\\htdocs\\laravel-php3\\example-app\\vendor\\laravel\\framework\\src\\Illuminate\\Pipeline\\Pipeline.php(209): Illuminate\\Auth\\Middleware\\Authenticate->handle()
#15 C:\\xampp\\htdocs\\laravel-php3\\example-app\\vendor\\laravel\\framework\\src\\Illuminate\\Foundation\\Http\\Middleware\\VerifyCsrfToken.php(88): Illuminate\\Pipeline\\Pipeline->Illuminate\\Pipeline\\{closure}()
#16 C:\\xampp\\htdocs\\laravel-php3\\example-app\\vendor\\laravel\\framework\\src\\Illuminate\\Pipeline\\Pipeline.php(209): Illuminate\\Foundation\\Http\\Middleware\\VerifyCsrfToken->handle()
#17 C:\\xampp\\htdocs\\laravel-php3\\example-app\\vendor\\laravel\\framework\\src\\Illuminate\\View\\Middleware\\ShareErrorsFromSession.php(49): Illuminate\\Pipeline\\Pipeline->Illuminate\\Pipeline\\{closure}()
#18 C:\\xampp\\htdocs\\laravel-php3\\example-app\\vendor\\laravel\\framework\\src\\Illuminate\\Pipeline\\Pipeline.php(209): Illuminate\\View\\Middleware\\ShareErrorsFromSession->handle()
#19 C:\\xampp\\htdocs\\laravel-php3\\example-app\\vendor\\laravel\\framework\\src\\Illuminate\\Session\\Middleware\\StartSession.php(121): Illuminate\\Pipeline\\Pipeline->Illuminate\\Pipeline\\{closure}()
#20 C:\\xampp\\htdocs\\laravel-php3\\example-app\\vendor\\laravel\\framework\\src\\Illuminate\\Session\\Middleware\\StartSession.php(64): Illuminate\\Session\\Middleware\\StartSession->handleStatefulRequest()
#21 C:\\xampp\\htdocs\\laravel-php3\\example-app\\vendor\\laravel\\framework\\src\\Illuminate\\Pipeline\\Pipeline.php(209): Illuminate\\Session\\Middleware\\StartSession->handle()
#22 C:\\xampp\\htdocs\\laravel-php3\\example-app\\vendor\\laravel\\framework\\src\\Illuminate\\Cookie\\Middleware\\AddQueuedCookiesToResponse.php(37): Illuminate\\Pipeline\\Pipeline->Illuminate\\Pipeline\\{closure}()
#23 C:\\xampp\\htdocs\\laravel-php3\\example-app\\vendor\\laravel\\framework\\src\\Illuminate\\Pipeline\\Pipeline.php(209): Illuminate\\Cookie\\Middleware\\AddQueuedCookiesToResponse->handle()
#24 C:\\xampp\\htdocs\\laravel-php3\\example-app\\vendor\\laravel\\framework\\src\\Illuminate\\Cookie\\Middleware\\EncryptCookies.php(75): Illuminate\\Pipeline\\Pipeline->Illuminate\\Pipeline\\{closure}()
#25 C:\\xampp\\htdocs\\laravel-php3\\example-app\\vendor\\laravel\\framework\\src\\Illuminate\\Pipeline\\Pipeline.php(209): Illuminate\\Cookie\\Middleware\\EncryptCookies->handle()
#26 C:\\xampp\\htdocs\\laravel-php3\\example-app\\vendor\\laravel\\framework\\src\\Illuminate\\Pipeline\\Pipeline.php(127): Illuminate\\Pipeline\\Pipeline->Illuminate\\Pipeline\\{closure}()
#27 C:\\xampp\\htdocs\\laravel-php3\\example-app\\vendor\\laravel\\framework\\src\\Illuminate\\Routing\\Router.php(807): Illuminate\\Pipeline\\Pipeline->then()
#28 C:\\xampp\\htdocs\\laravel-php3\\example-app\\vendor\\laravel\\framework\\src\\Illuminate\\Routing\\Router.php(786): Illuminate\\Routing\\Router->runRouteWithinStack()
#29 C:\\xampp\\htdocs\\laravel-php3\\example-app\\vendor\\laravel\\framework\\src\\Illuminate\\Routing\\Router.php(750): Illuminate\\Routing\\Router->runRoute()
#30 C:\\xampp\\htdocs\\laravel-php3\\example-app\\vendor\\laravel\\framework\\src\\Illuminate\\Routing\\Router.php(739): Illuminate\\Routing\\Router->dispatchToRoute()
#31 C:\\xampp\\htdocs\\laravel-php3\\example-app\\vendor\\laravel\\framework\\src\\Illuminate\\Foundation\\Http\\Kernel.php(201): Illuminate\\Routing\\Router->dispatch()
#32 C:\\xampp\\htdocs\\laravel-php3\\example-app\\vendor\\laravel\\framework\\src\\Illuminate\\Pipeline\\Pipeline.php(170): Illuminate\\Foundation\\Http\\Kernel->Illuminate\\Foundation\\Http\\{closure}()
#33 C:\\xampp\\htdocs\\laravel-php3\\example-app\\vendor\\laravel\\framework\\src\\Illuminate\\Foundation\\Http\\Middleware\\TransformsRequest.php(21): Illuminate\\Pipeline\\Pipeline->Illuminate\\Pipeline\\{closure}()
#34 C:\\xampp\\htdocs\\laravel-php3\\example-app\\vendor\\laravel\\framework\\src\\Illuminate\\Foundation\\Http\\Middleware\\ConvertEmptyStringsToNull.php(31): Illuminate\\Foundation\\Http\\Middleware\\TransformsRequest->handle()
#35 C:\\xampp\\htdocs\\laravel-php3\\example-app\\vendor\\laravel\\framework\\src\\Illuminate\\Pipeline\\Pipeline.php(209): Illuminate\\Foundation\\Http\\Middleware\\ConvertEmptyStringsToNull->handle()
#36 C:\\xampp\\htdocs\\laravel-php3\\example-app\\vendor\\laravel\\framework\\src\\Illuminate\\Foundation\\Http\\Middleware\\TransformsRequest.php(21): Illuminate\\Pipeline\\Pipeline->Illuminate\\Pipeline\\{closure}()
#37 C:\\xampp\\htdocs\\laravel-php3\\example-app\\vendor\\laravel\\framework\\src\\Illuminate\\Foundation\\Http\\Middleware\\TrimStrings.php(51): Illuminate\\Foundation\\Http\\Middleware\\TransformsRequest->handle()
#38 C:\\xampp\\htdocs\\laravel-php3\\example-app\\vendor\\laravel\\framework\\src\\Illuminate\\Pipeline\\Pipeline.php(209): Illuminate\\Foundation\\Http\\Middleware\\TrimStrings->handle()
#39 C:\\xampp\\htdocs\\laravel-php3\\example-app\\vendor\\laravel\\framework\\src\\Illuminate\\Http\\Middleware\\ValidatePostSize.php(27): Illuminate\\Pipeline\\Pipeline->Illuminate\\Pipeline\\{closure}()
#40 C:\\xampp\\htdocs\\laravel-php3\\example-app\\vendor\\laravel\\framework\\src\\Illuminate\\Pipeline\\Pipeline.php(209): Illuminate\\Http\\Middleware\\ValidatePostSize->handle()
#41 C:\\xampp\\htdocs\\laravel-php3\\example-app\\vendor\\laravel\\framework\\src\\Illuminate\\Foundation\\Http\\Middleware\\PreventRequestsDuringMaintenance.php(110): Illuminate\\Pipeline\\Pipeline->Illuminate\\Pipeline\\{closure}()
#42 C:\\xampp\\htdocs\\laravel-php3\\example-app\\vendor\\laravel\\framework\\src\\Illuminate\\Pipeline\\Pipeline.php(209): Illuminate\\Foundation\\Http\\Middleware\\PreventRequestsDuringMaintenance->handle()
#43 C:\\xampp\\htdocs\\laravel-php3\\example-app\\vendor\\laravel\\framework\\src\\Illuminate\\Http\\Middleware\\HandleCors.php(49): Illuminate\\Pipeline\\Pipeline->Illuminate\\Pipeline\\{closure}()
#44 C:\\xampp\\htdocs\\laravel-php3\\example-app\\vendor\\laravel\\framework\\src\\Illuminate\\Pipeline\\Pipeline.php(209): Illuminate\\Http\\Middleware\\HandleCors->handle()
#45 C:\\xampp\\htdocs\\laravel-php3\\example-app\\vendor\\laravel\\framework\\src\\Illuminate\\Http\\Middleware\\TrustProxies.php(58): Illuminate\\Pipeline\\Pipeline->Illuminate\\Pipeline\\{closure}()
#46 C:\\xampp\\htdocs\\laravel-php3\\example-app\\vendor\\laravel\\framework\\src\\Illuminate\\Pipeline\\Pipeline.php(209): Illuminate\\Http\\Middleware\\TrustProxies->handle()
#47 C:\\xampp\\htdocs\\laravel-php3\\example-app\\vendor\\laravel\\framework\\src\\Illuminate\\Foundation\\Http\\Middleware\\InvokeDeferredCallbacks.php(22): Illuminate\\Pipeline\\Pipeline->Illuminate\\Pipeline\\{closure}()
#48 C:\\xampp\\htdocs\\laravel-php3\\example-app\\vendor\\laravel\\framework\\src\\Illuminate\\Pipeline\\Pipeline.php(209): Illuminate\\Foundation\\Http\\Middleware\\InvokeDeferredCallbacks->handle()
#49 C:\\xampp\\htdocs\\laravel-php3\\example-app\\vendor\\laravel\\framework\\src\\Illuminate\\Http\\Middleware\\ValidatePathEncoding.php(26): Illuminate\\Pipeline\\Pipeline->Illuminate\\Pipeline\\{closure}()
#50 C:\\xampp\\htdocs\\laravel-php3\\example-app\\vendor\\laravel\\framework\\src\\Illuminate\\Pipeline\\Pipeline.php(209): Illuminate\\Http\\Middleware\\ValidatePathEncoding->handle()
#51 C:\\xampp\\htdocs\\laravel-php3\\example-app\\vendor\\laravel\\framework\\src\\Illuminate\\Pipeline\\Pipeline.php(127): Illuminate\\Pipeline\\Pipeline->Illuminate\\Pipeline\\{closure}()
#52 C:\\xampp\\htdocs\\laravel-php3\\example-app\\vendor\\laravel\\framework\\src\\Illuminate\\Foundation\\Http\\Kernel.php(176): Illuminate\\Pipeline\\Pipeline->then()
#53 C:\\xampp\\htdocs\\laravel-php3\\example-app\\vendor\\laravel\\framework\\src\\Illuminate\\Foundation\\Http\\Kernel.php(145): Illuminate\\Foundation\\Http\\Kernel->sendRequestThroughRouter()
#54 C:\\xampp\\htdocs\\laravel-php3\\example-app\\vendor\\laravel\\framework\\src\\Illuminate\\Foundation\\Application.php(1220): Illuminate\\Foundation\\Http\\Kernel->handle()
#55 C:\\xampp\\htdocs\\laravel-php3\\example-app\\public\\index.php(20): Illuminate\\Foundation\\Application->handleRequest()
#56 C:\\xampp\\htdocs\\laravel-php3\\example-app\\vendor\\laravel\\framework\\src\\Illuminate\\Foundation\\resources\\server.php(23): require_once('...')
#57 {main}

[previous exception] [object] (ErrorException(code: 0): foreach() argument must be of type array|object, null given at C:\\xampp\\htdocs\\laravel-php3\\example-app\\storage\\framework\\views\\d2f25e20390eff3ee87f64eb707dce44.php:133)
[stacktrace]
#0 C:\\xampp\\htdocs\\laravel-php3\\example-app\\vendor\\laravel\\framework\\src\\Illuminate\\Foundation\\Bootstrap\\HandleExceptions.php(256): Illuminate\\Foundation\\Bootstrap\\HandleExceptions->handleError()
#1 C:\\xampp\\htdocs\\laravel-php3\\example-app\\storage\\framework\\views\\d2f25e20390eff3ee87f64eb707dce44.php(133): Illuminate\\Foundation\\Bootstrap\\HandleExceptions->Illuminate\\Foundation\\Bootstrap\\{closure}()
#2 C:\\xampp\\htdocs\\laravel-php3\\example-app\\vendor\\laravel\\framework\\src\\Illuminate\\Filesystem\\Filesystem.php(123): require('...')
#3 C:\\xampp\\htdocs\\laravel-php3\\example-app\\vendor\\laravel\\framework\\src\\Illuminate\\Filesystem\\Filesystem.php(124): Illuminate\\Filesystem\\Filesystem::Illuminate\\Filesystem\\{closure}()
#4 C:\\xampp\\htdocs\\laravel-php3\\example-app\\vendor\\laravel\\framework\\src\\Illuminate\\View\\Engines\\PhpEngine.php(58): Illuminate\\Filesystem\\Filesystem->getRequire()
#5 C:\\xampp\\htdocs\\laravel-php3\\example-app\\vendor\\laravel\\framework\\src\\Illuminate\\View\\Engines\\CompilerEngine.php(75): Illuminate\\View\\Engines\\PhpEngine->evaluatePath()
#6 C:\\xampp\\htdocs\\laravel-php3\\example-app\\vendor\\laravel\\framework\\src\\Illuminate\\View\\View.php(209): Illuminate\\View\\Engines\\CompilerEngine->get()
#7 C:\\xampp\\htdocs\\laravel-php3\\example-app\\vendor\\laravel\\framework\\src\\Illuminate\\View\\View.php(192): Illuminate\\View\\View->getContents()
#8 C:\\xampp\\htdocs\\laravel-php3\\example-app\\vendor\\laravel\\framework\\src\\Illuminate\\View\\View.php(161): Illuminate\\View\\View->renderContents()
#9 C:\\xampp\\htdocs\\laravel-php3\\example-app\\vendor\\laravel\\framework\\src\\Illuminate\\Http\\Response.php(79): Illuminate\\View\\View->render()
#10 C:\\xampp\\htdocs\\laravel-php3\\example-app\\vendor\\laravel\\framework\\src\\Illuminate\\Http\\Response.php(35): Illuminate\\Http\\Response->setContent()
#11 C:\\xampp\\htdocs\\laravel-php3\\example-app\\vendor\\laravel\\framework\\src\\Illuminate\\Routing\\Router.php(920): Illuminate\\Http\\Response->__construct()
#12 C:\\xampp\\htdocs\\laravel-php3\\example-app\\vendor\\laravel\\framework\\src\\Illuminate\\Routing\\Router.php(887): Illuminate\\Routing\\Router::toResponse()
#13 C:\\xampp\\htdocs\\laravel-php3\\example-app\\vendor\\laravel\\framework\\src\\Illuminate\\Routing\\Router.php(807): Illuminate\\Routing\\Router->prepareResponse()
#14 C:\\xampp\\htdocs\\laravel-php3\\example-app\\vendor\\laravel\\framework\\src\\Illuminate\\Pipeline\\Pipeline.php(170): Illuminate\\Routing\\Router->Illuminate\\Routing\\{closure}()
#15 C:\\xampp\\htdocs\\laravel-php3\\example-app\\vendor\\laravel\\framework\\src\\Illuminate\\Routing\\Middleware\\SubstituteBindings.php(51): Illuminate\\Pipeline\\Pipeline->Illuminate\\Pipeline\\{closure}()
#16 C:\\xampp\\htdocs\\laravel-php3\\example-app\\vendor\\laravel\\framework\\src\\Illuminate\\Pipeline\\Pipeline.php(209): Illuminate\\Routing\\Middleware\\SubstituteBindings->handle()
#17 C:\\xampp\\htdocs\\laravel-php3\\example-app\\vendor\\laravel\\framework\\src\\Illuminate\\Auth\\Middleware\\Authenticate.php(64): Illuminate\\Pipeline\\Pipeline->Illuminate\\Pipeline\\{closure}()
#18 C:\\xampp\\htdocs\\laravel-php3\\example-app\\vendor\\laravel\\framework\\src\\Illuminate\\Pipeline\\Pipeline.php(209): Illuminate\\Auth\\Middleware\\Authenticate->handle()
#19 C:\\xampp\\htdocs\\laravel-php3\\example-app\\vendor\\laravel\\framework\\src\\Illuminate\\Foundation\\Http\\Middleware\\VerifyCsrfToken.php(88): Illuminate\\Pipeline\\Pipeline->Illuminate\\Pipeline\\{closure}()
#20 C:\\xampp\\htdocs\\laravel-php3\\example-app\\vendor\\laravel\\framework\\src\\Illuminate\\Pipeline\\Pipeline.php(209): Illuminate\\Foundation\\Http\\Middleware\\VerifyCsrfToken->handle()
#21 C:\\xampp\\htdocs\\laravel-php3\\example-app\\vendor\\laravel\\framework\\src\\Illuminate\\View\\Middleware\\ShareErrorsFromSession.php(49): Illuminate\\Pipeline\\Pipeline->Illuminate\\Pipeline\\{closure}()
#22 C:\\xampp\\htdocs\\laravel-php3\\example-app\\vendor\\laravel\\framework\\src\\Illuminate\\Pipeline\\Pipeline.php(209): Illuminate\\View\\Middleware\\ShareErrorsFromSession->handle()
#23 C:\\xampp\\htdocs\\laravel-php3\\example-app\\vendor\\laravel\\framework\\src\\Illuminate\\Session\\Middleware\\StartSession.php(121): Illuminate\\Pipeline\\Pipeline->Illuminate\\Pipeline\\{closure}()
#24 C:\\xampp\\htdocs\\laravel-php3\\example-app\\vendor\\laravel\\framework\\src\\Illuminate\\Session\\Middleware\\StartSession.php(64): Illuminate\\Session\\Middleware\\StartSession->handleStatefulRequest()
#25 C:\\xampp\\htdocs\\laravel-php3\\example-app\\vendor\\laravel\\framework\\src\\Illuminate\\Pipeline\\Pipeline.php(209): Illuminate\\Session\\Middleware\\StartSession->handle()
#26 C:\\xampp\\htdocs\\laravel-php3\\example-app\\vendor\\laravel\\framework\\src\\Illuminate\\Cookie\\Middleware\\AddQueuedCookiesToResponse.php(37): Illuminate\\Pipeline\\Pipeline->Illuminate\\Pipeline\\{closure}()
#27 C:\\xampp\\htdocs\\laravel-php3\\example-app\\vendor\\laravel\\framework\\src\\Illuminate\\Pipeline\\Pipeline.php(209): Illuminate\\Cookie\\Middleware\\AddQueuedCookiesToResponse->handle()
#28 C:\\xampp\\htdocs\\laravel-php3\\example-app\\vendor\\laravel\\framework\\src\\Illuminate\\Cookie\\Middleware\\EncryptCookies.php(75): Illuminate\\Pipeline\\Pipeline->Illuminate\\Pipeline\\{closure}()
#29 C:\\xampp\\htdocs\\laravel-php3\\example-app\\vendor\\laravel\\framework\\src\\Illuminate\\Pipeline\\Pipeline.php(209): Illuminate\\Cookie\\Middleware\\EncryptCookies->handle()
#30 C:\\xampp\\htdocs\\laravel-php3\\example-app\\vendor\\laravel\\framework\\src\\Illuminate\\Pipeline\\Pipeline.php(127): Illuminate\\Pipeline\\Pipeline->Illuminate\\Pipeline\\{closure}()
#31 C:\\xampp\\htdocs\\laravel-php3\\example-app\\vendor\\laravel\\framework\\src\\Illuminate\\Routing\\Router.php(807): Illuminate\\Pipeline\\Pipeline->then()
#32 C:\\xampp\\htdocs\\laravel-php3\\example-app\\vendor\\laravel\\framework\\src\\Illuminate\\Routing\\Router.php(786): Illuminate\\Routing\\Router->runRouteWithinStack()
#33 C:\\xampp\\htdocs\\laravel-php3\\example-app\\vendor\\laravel\\framework\\src\\Illuminate\\Routing\\Router.php(750): Illuminate\\Routing\\Router->runRoute()
#34 C:\\xampp\\htdocs\\laravel-php3\\example-app\\vendor\\laravel\\framework\\src\\Illuminate\\Routing\\Router.php(739): Illuminate\\Routing\\Router->dispatchToRoute()
#35 C:\\xampp\\htdocs\\laravel-php3\\example-app\\vendor\\laravel\\framework\\src\\Illuminate\\Foundation\\Http\\Kernel.php(201): Illuminate\\Routing\\Router->dispatch()
#36 C:\\xampp\\htdocs\\laravel-php3\\example-app\\vendor\\laravel\\framework\\src\\Illuminate\\Pipeline\\Pipeline.php(170): Illuminate\\Foundation\\Http\\Kernel->Illuminate\\Foundation\\Http\\{closure}()
#37 C:\\xampp\\htdocs\\laravel-php3\\example-app\\vendor\\laravel\\framework\\src\\Illuminate\\Foundation\\Http\\Middleware\\TransformsRequest.php(21): Illuminate\\Pipeline\\Pipeline->Illuminate\\Pipeline\\{closure}()
#38 C:\\xampp\\htdocs\\laravel-php3\\example-app\\vendor\\laravel\\framework\\src\\Illuminate\\Foundation\\Http\\Middleware\\ConvertEmptyStringsToNull.php(31): Illuminate\\Foundation\\Http\\Middleware\\TransformsRequest->handle()
#39 C:\\xampp\\htdocs\\laravel-php3\\example-app\\vendor\\laravel\\framework\\src\\Illuminate\\Pipeline\\Pipeline.php(209): Illuminate\\Foundation\\Http\\Middleware\\ConvertEmptyStringsToNull->handle()
#40 C:\\xampp\\htdocs\\laravel-php3\\example-app\\vendor\\laravel\\framework\\src\\Illuminate\\Foundation\\Http\\Middleware\\TransformsRequest.php(21): Illuminate\\Pipeline\\Pipeline->Illuminate\\Pipeline\\{closure}()
#41 C:\\xampp\\htdocs\\laravel-php3\\example-app\\vendor\\laravel\\framework\\src\\Illuminate\\Foundation\\Http\\Middleware\\TrimStrings.php(51): Illuminate\\Foundation\\Http\\Middleware\\TransformsRequest->handle()
#42 C:\\xampp\\htdocs\\laravel-php3\\example-app\\vendor\\laravel\\framework\\src\\Illuminate\\Pipeline\\Pipeline.php(209): Illuminate\\Foundation\\Http\\Middleware\\TrimStrings->handle()
#43 C:\\xampp\\htdocs\\laravel-php3\\example-app\\vendor\\laravel\\framework\\src\\Illuminate\\Http\\Middleware\\ValidatePostSize.php(27): Illuminate\\Pipeline\\Pipeline->Illuminate\\Pipeline\\{closure}()
#44 C:\\xampp\\htdocs\\laravel-php3\\example-app\\vendor\\laravel\\framework\\src\\Illuminate\\Pipeline\\Pipeline.php(209): Illuminate\\Http\\Middleware\\ValidatePostSize->handle()
#45 C:\\xampp\\htdocs\\laravel-php3\\example-app\\vendor\\laravel\\framework\\src\\Illuminate\\Foundation\\Http\\Middleware\\PreventRequestsDuringMaintenance.php(110): Illuminate\\Pipeline\\Pipeline->Illuminate\\Pipeline\\{closure}()
#46 C:\\xampp\\htdocs\\laravel-php3\\example-app\\vendor\\laravel\\framework\\src\\Illuminate\\Pipeline\\Pipeline.php(209): Illuminate\\Foundation\\Http\\Middleware\\PreventRequestsDuringMaintenance->handle()
#47 C:\\xampp\\htdocs\\laravel-php3\\example-app\\vendor\\laravel\\framework\\src\\Illuminate\\Http\\Middleware\\HandleCors.php(49): Illuminate\\Pipeline\\Pipeline->Illuminate\\Pipeline\\{closure}()
#48 C:\\xampp\\htdocs\\laravel-php3\\example-app\\vendor\\laravel\\framework\\src\\Illuminate\\Pipeline\\Pipeline.php(209): Illuminate\\Http\\Middleware\\HandleCors->handle()
#49 C:\\xampp\\htdocs\\laravel-php3\\example-app\\vendor\\laravel\\framework\\src\\Illuminate\\Http\\Middleware\\TrustProxies.php(58): Illuminate\\Pipeline\\Pipeline->Illuminate\\Pipeline\\{closure}()
#50 C:\\xampp\\htdocs\\laravel-php3\\example-app\\vendor\\laravel\\framework\\src\\Illuminate\\Pipeline\\Pipeline.php(209): Illuminate\\Http\\Middleware\\TrustProxies->handle()
#51 C:\\xampp\\htdocs\\laravel-php3\\example-app\\vendor\\laravel\\framework\\src\\Illuminate\\Foundation\\Http\\Middleware\\InvokeDeferredCallbacks.php(22): Illuminate\\Pipeline\\Pipeline->Illuminate\\Pipeline\\{closure}()
#52 C:\\xampp\\htdocs\\laravel-php3\\example-app\\vendor\\laravel\\framework\\src\\Illuminate\\Pipeline\\Pipeline.php(209): Illuminate\\Foundation\\Http\\Middleware\\InvokeDeferredCallbacks->handle()
#53 C:\\xampp\\htdocs\\laravel-php3\\example-app\\vendor\\laravel\\framework\\src\\Illuminate\\Http\\Middleware\\ValidatePathEncoding.php(26): Illuminate\\Pipeline\\Pipeline->Illuminate\\Pipeline\\{closure}()
#54 C:\\xampp\\htdocs\\laravel-php3\\example-app\\vendor\\laravel\\framework\\src\\Illuminate\\Pipeline\\Pipeline.php(209): Illuminate\\Http\\Middleware\\ValidatePathEncoding->handle()
#55 C:\\xampp\\htdocs\\laravel-php3\\example-app\\vendor\\laravel\\framework\\src\\Illuminate\\Pipeline\\Pipeline.php(127): Illuminate\\Pipeline\\Pipeline->Illuminate\\Pipeline\\{closure}()
#56 C:\\xampp\\htdocs\\laravel-php3\\example-app\\vendor\\laravel\\framework\\src\\Illuminate\\Foundation\\Http\\Kernel.php(176): Illuminate\\Pipeline\\Pipeline->then()
#57 C:\\xampp\\htdocs\\laravel-php3\\example-app\\vendor\\laravel\\framework\\src\\Illuminate\\Foundation\\Http\\Kernel.php(145): Illuminate\\Foundation\\Http\\Kernel->sendRequestThroughRouter()
#58 C:\\xampp\\htdocs\\laravel-php3\\example-app\\vendor\\laravel\\framework\\src\\Illuminate\\Foundation\\Application.php(1220): Illuminate\\Foundation\\Http\\Kernel->handle()
#59 C:\\xampp\\htdocs\\laravel-php3\\example-app\\public\\index.php(20): Illuminate\\Foundation\\Application->handleRequest()
#60 C:\\xampp\\htdocs\\laravel-php3\\example-app\\vendor\\laravel\\framework\\src\\Illuminate\\Foundation\\resources\\server.php(23): require_once('...')
#61 {main}
"} 
[2025-04-10 01:52:20] local.ERROR: foreach() argument must be of type array|object, null given (View: C:\xampp\htdocs\laravel-php3\example-app\resources\views\checkout\show.blade.php) {"userId":1,"exception":"[object] (Illuminate\\View\\ViewException(code: 0): foreach() argument must be of type array|object, null given (View: C:\\xampp\\htdocs\\laravel-php3\\example-app\\resources\\views\\checkout\\show.blade.php) at C:\\xampp\\htdocs\\laravel-php3\\example-app\\storage\\framework\\views\\d2f25e20390eff3ee87f64eb707dce44.php:135)
[stacktrace]
#0 C:\\xampp\\htdocs\\laravel-php3\\example-app\\vendor\\laravel\\framework\\src\\Illuminate\\View\\Engines\\PhpEngine.php(60): Illuminate\\View\\Engines\\CompilerEngine->handleViewException()
#1 C:\\xampp\\htdocs\\laravel-php3\\example-app\\vendor\\laravel\\framework\\src\\Illuminate\\View\\Engines\\CompilerEngine.php(75): Illuminate\\View\\Engines\\PhpEngine->evaluatePath()
#2 C:\\xampp\\htdocs\\laravel-php3\\example-app\\vendor\\laravel\\framework\\src\\Illuminate\\View\\View.php(209): Illuminate\\View\\Engines\\CompilerEngine->get()
#3 C:\\xampp\\htdocs\\laravel-php3\\example-app\\vendor\\laravel\\framework\\src\\Illuminate\\View\\View.php(192): Illuminate\\View\\View->getContents()
#4 C:\\xampp\\htdocs\\laravel-php3\\example-app\\vendor\\laravel\\framework\\src\\Illuminate\\View\\View.php(161): Illuminate\\View\\View->renderContents()
#5 C:\\xampp\\htdocs\\laravel-php3\\example-app\\vendor\\laravel\\framework\\src\\Illuminate\\Http\\Response.php(79): Illuminate\\View\\View->render()
#6 C:\\xampp\\htdocs\\laravel-php3\\example-app\\vendor\\laravel\\framework\\src\\Illuminate\\Http\\Response.php(35): Illuminate\\Http\\Response->setContent()
#7 C:\\xampp\\htdocs\\laravel-php3\\example-app\\vendor\\laravel\\framework\\src\\Illuminate\\Routing\\Router.php(920): Illuminate\\Http\\Response->__construct()
#8 C:\\xampp\\htdocs\\laravel-php3\\example-app\\vendor\\laravel\\framework\\src\\Illuminate\\Routing\\Router.php(887): Illuminate\\Routing\\Router::toResponse()
#9 C:\\xampp\\htdocs\\laravel-php3\\example-app\\vendor\\laravel\\framework\\src\\Illuminate\\Routing\\Router.php(807): Illuminate\\Routing\\Router->prepareResponse()
#10 C:\\xampp\\htdocs\\laravel-php3\\example-app\\vendor\\laravel\\framework\\src\\Illuminate\\Pipeline\\Pipeline.php(170): Illuminate\\Routing\\Router->Illuminate\\Routing\\{closure}()
#11 C:\\xampp\\htdocs\\laravel-php3\\example-app\\vendor\\laravel\\framework\\src\\Illuminate\\Routing\\Middleware\\SubstituteBindings.php(51): Illuminate\\Pipeline\\Pipeline->Illuminate\\Pipeline\\{closure}()
#12 C:\\xampp\\htdocs\\laravel-php3\\example-app\\vendor\\laravel\\framework\\src\\Illuminate\\Pipeline\\Pipeline.php(209): Illuminate\\Routing\\Middleware\\SubstituteBindings->handle()
#13 C:\\xampp\\htdocs\\laravel-php3\\example-app\\vendor\\laravel\\framework\\src\\Illuminate\\Auth\\Middleware\\Authenticate.php(64): Illuminate\\Pipeline\\Pipeline->Illuminate\\Pipeline\\{closure}()
#14 C:\\xampp\\htdocs\\laravel-php3\\example-app\\vendor\\laravel\\framework\\src\\Illuminate\\Pipeline\\Pipeline.php(209): Illuminate\\Auth\\Middleware\\Authenticate->handle()
#15 C:\\xampp\\htdocs\\laravel-php3\\example-app\\vendor\\laravel\\framework\\src\\Illuminate\\Foundation\\Http\\Middleware\\VerifyCsrfToken.php(88): Illuminate\\Pipeline\\Pipeline->Illuminate\\Pipeline\\{closure}()
#16 C:\\xampp\\htdocs\\laravel-php3\\example-app\\vendor\\laravel\\framework\\src\\Illuminate\\Pipeline\\Pipeline.php(209): Illuminate\\Foundation\\Http\\Middleware\\VerifyCsrfToken->handle()
#17 C:\\xampp\\htdocs\\laravel-php3\\example-app\\vendor\\laravel\\framework\\src\\Illuminate\\View\\Middleware\\ShareErrorsFromSession.php(49): Illuminate\\Pipeline\\Pipeline->Illuminate\\Pipeline\\{closure}()
#18 C:\\xampp\\htdocs\\laravel-php3\\example-app\\vendor\\laravel\\framework\\src\\Illuminate\\Pipeline\\Pipeline.php(209): Illuminate\\View\\Middleware\\ShareErrorsFromSession->handle()
#19 C:\\xampp\\htdocs\\laravel-php3\\example-app\\vendor\\laravel\\framework\\src\\Illuminate\\Session\\Middleware\\StartSession.php(121): Illuminate\\Pipeline\\Pipeline->Illuminate\\Pipeline\\{closure}()
#20 C:\\xampp\\htdocs\\laravel-php3\\example-app\\vendor\\laravel\\framework\\src\\Illuminate\\Session\\Middleware\\StartSession.php(64): Illuminate\\Session\\Middleware\\StartSession->handleStatefulRequest()
#21 C:\\xampp\\htdocs\\laravel-php3\\example-app\\vendor\\laravel\\framework\\src\\Illuminate\\Pipeline\\Pipeline.php(209): Illuminate\\Session\\Middleware\\StartSession->handle()
#22 C:\\xampp\\htdocs\\laravel-php3\\example-app\\vendor\\laravel\\framework\\src\\Illuminate\\Cookie\\Middleware\\AddQueuedCookiesToResponse.php(37): Illuminate\\Pipeline\\Pipeline->Illuminate\\Pipeline\\{closure}()
#23 C:\\xampp\\htdocs\\laravel-php3\\example-app\\vendor\\laravel\\framework\\src\\Illuminate\\Pipeline\\Pipeline.php(209): Illuminate\\Cookie\\Middleware\\AddQueuedCookiesToResponse->handle()
#24 C:\\xampp\\htdocs\\laravel-php3\\example-app\\vendor\\laravel\\framework\\src\\Illuminate\\Cookie\\Middleware\\EncryptCookies.php(75): Illuminate\\Pipeline\\Pipeline->Illuminate\\Pipeline\\{closure}()
#25 C:\\xampp\\htdocs\\laravel-php3\\example-app\\vendor\\laravel\\framework\\src\\Illuminate\\Pipeline\\Pipeline.php(209): Illuminate\\Cookie\\Middleware\\EncryptCookies->handle()
#26 C:\\xampp\\htdocs\\laravel-php3\\example-app\\vendor\\laravel\\framework\\src\\Illuminate\\Pipeline\\Pipeline.php(127): Illuminate\\Pipeline\\Pipeline->Illuminate\\Pipeline\\{closure}()
#27 C:\\xampp\\htdocs\\laravel-php3\\example-app\\vendor\\laravel\\framework\\src\\Illuminate\\Routing\\Router.php(807): Illuminate\\Pipeline\\Pipeline->then()
#28 C:\\xampp\\htdocs\\laravel-php3\\example-app\\vendor\\laravel\\framework\\src\\Illuminate\\Routing\\Router.php(786): Illuminate\\Routing\\Router->runRouteWithinStack()
#29 C:\\xampp\\htdocs\\laravel-php3\\example-app\\vendor\\laravel\\framework\\src\\Illuminate\\Routing\\Router.php(750): Illuminate\\Routing\\Router->runRoute()
#30 C:\\xampp\\htdocs\\laravel-php3\\example-app\\vendor\\laravel\\framework\\src\\Illuminate\\Routing\\Router.php(739): Illuminate\\Routing\\Router->dispatchToRoute()
#31 C:\\xampp\\htdocs\\laravel-php3\\example-app\\vendor\\laravel\\framework\\src\\Illuminate\\Foundation\\Http\\Kernel.php(201): Illuminate\\Routing\\Router->dispatch()
#32 C:\\xampp\\htdocs\\laravel-php3\\example-app\\vendor\\laravel\\framework\\src\\Illuminate\\Pipeline\\Pipeline.php(170): Illuminate\\Foundation\\Http\\Kernel->Illuminate\\Foundation\\Http\\{closure}()
#33 C:\\xampp\\htdocs\\laravel-php3\\example-app\\vendor\\laravel\\framework\\src\\Illuminate\\Foundation\\Http\\Middleware\\TransformsRequest.php(21): Illuminate\\Pipeline\\Pipeline->Illuminate\\Pipeline\\{closure}()
#34 C:\\xampp\\htdocs\\laravel-php3\\example-app\\vendor\\laravel\\framework\\src\\Illuminate\\Foundation\\Http\\Middleware\\ConvertEmptyStringsToNull.php(31): Illuminate\\Foundation\\Http\\Middleware\\TransformsRequest->handle()
#35 C:\\xampp\\htdocs\\laravel-php3\\example-app\\vendor\\laravel\\framework\\src\\Illuminate\\Pipeline\\Pipeline.php(209): Illuminate\\Foundation\\Http\\Middleware\\ConvertEmptyStringsToNull->handle()
#36 C:\\xampp\\htdocs\\laravel-php3\\example-app\\vendor\\laravel\\framework\\src\\Illuminate\\Foundation\\Http\\Middleware\\TransformsRequest.php(21): Illuminate\\Pipeline\\Pipeline->Illuminate\\Pipeline\\{closure}()
#37 C:\\xampp\\htdocs\\laravel-php3\\example-app\\vendor\\laravel\\framework\\src\\Illuminate\\Foundation\\Http\\Middleware\\TrimStrings.php(51): Illuminate\\Foundation\\Http\\Middleware\\TransformsRequest->handle()
#38 C:\\xampp\\htdocs\\laravel-php3\\example-app\\vendor\\laravel\\framework\\src\\Illuminate\\Pipeline\\Pipeline.php(209): Illuminate\\Foundation\\Http\\Middleware\\TrimStrings->handle()
#39 C:\\xampp\\htdocs\\laravel-php3\\example-app\\vendor\\laravel\\framework\\src\\Illuminate\\Http\\Middleware\\ValidatePostSize.php(27): Illuminate\\Pipeline\\Pipeline->Illuminate\\Pipeline\\{closure}()
#40 C:\\xampp\\htdocs\\laravel-php3\\example-app\\vendor\\laravel\\framework\\src\\Illuminate\\Pipeline\\Pipeline.php(209): Illuminate\\Http\\Middleware\\ValidatePostSize->handle()
#41 C:\\xampp\\htdocs\\laravel-php3\\example-app\\vendor\\laravel\\framework\\src\\Illuminate\\Foundation\\Http\\Middleware\\PreventRequestsDuringMaintenance.php(110): Illuminate\\Pipeline\\Pipeline->Illuminate\\Pipeline\\{closure}()
#42 C:\\xampp\\htdocs\\laravel-php3\\example-app\\vendor\\laravel\\framework\\src\\Illuminate\\Pipeline\\Pipeline.php(209): Illuminate\\Foundation\\Http\\Middleware\\PreventRequestsDuringMaintenance->handle()
#43 C:\\xampp\\htdocs\\laravel-php3\\example-app\\vendor\\laravel\\framework\\src\\Illuminate\\Http\\Middleware\\HandleCors.php(49): Illuminate\\Pipeline\\Pipeline->Illuminate\\Pipeline\\{closure}()
#44 C:\\xampp\\htdocs\\laravel-php3\\example-app\\vendor\\laravel\\framework\\src\\Illuminate\\Pipeline\\Pipeline.php(209): Illuminate\\Http\\Middleware\\HandleCors->handle()
#45 C:\\xampp\\htdocs\\laravel-php3\\example-app\\vendor\\laravel\\framework\\src\\Illuminate\\Http\\Middleware\\TrustProxies.php(58): Illuminate\\Pipeline\\Pipeline->Illuminate\\Pipeline\\{closure}()
#46 C:\\xampp\\htdocs\\laravel-php3\\example-app\\vendor\\laravel\\framework\\src\\Illuminate\\Pipeline\\Pipeline.php(209): Illuminate\\Http\\Middleware\\TrustProxies->handle()
#47 C:\\xampp\\htdocs\\laravel-php3\\example-app\\vendor\\laravel\\framework\\src\\Illuminate\\Foundation\\Http\\Middleware\\InvokeDeferredCallbacks.php(22): Illuminate\\Pipeline\\Pipeline->Illuminate\\Pipeline\\{closure}()
#48 C:\\xampp\\htdocs\\laravel-php3\\example-app\\vendor\\laravel\\framework\\src\\Illuminate\\Pipeline\\Pipeline.php(209): Illuminate\\Foundation\\Http\\Middleware\\InvokeDeferredCallbacks->handle()
#49 C:\\xampp\\htdocs\\laravel-php3\\example-app\\vendor\\laravel\\framework\\src\\Illuminate\\Http\\Middleware\\ValidatePathEncoding.php(26): Illuminate\\Pipeline\\Pipeline->Illuminate\\Pipeline\\{closure}()
#50 C:\\xampp\\htdocs\\laravel-php3\\example-app\\vendor\\laravel\\framework\\src\\Illuminate\\Pipeline\\Pipeline.php(209): Illuminate\\Http\\Middleware\\ValidatePathEncoding->handle()
#51 C:\\xampp\\htdocs\\laravel-php3\\example-app\\vendor\\laravel\\framework\\src\\Illuminate\\Pipeline\\Pipeline.php(127): Illuminate\\Pipeline\\Pipeline->Illuminate\\Pipeline\\{closure}()
#52 C:\\xampp\\htdocs\\laravel-php3\\example-app\\vendor\\laravel\\framework\\src\\Illuminate\\Foundation\\Http\\Kernel.php(176): Illuminate\\Pipeline\\Pipeline->then()
#53 C:\\xampp\\htdocs\\laravel-php3\\example-app\\vendor\\laravel\\framework\\src\\Illuminate\\Foundation\\Http\\Kernel.php(145): Illuminate\\Foundation\\Http\\Kernel->sendRequestThroughRouter()
#54 C:\\xampp\\htdocs\\laravel-php3\\example-app\\vendor\\laravel\\framework\\src\\Illuminate\\Foundation\\Application.php(1220): Illuminate\\Foundation\\Http\\Kernel->handle()
#55 C:\\xampp\\htdocs\\laravel-php3\\example-app\\public\\index.php(20): Illuminate\\Foundation\\Application->handleRequest()
#56 C:\\xampp\\htdocs\\laravel-php3\\example-app\\vendor\\laravel\\framework\\src\\Illuminate\\Foundation\\resources\\server.php(23): require_once('...')
#57 {main}

[previous exception] [object] (ErrorException(code: 0): foreach() argument must be of type array|object, null given at C:\\xampp\\htdocs\\laravel-php3\\example-app\\storage\\framework\\views\\d2f25e20390eff3ee87f64eb707dce44.php:135)
[stacktrace]
#0 C:\\xampp\\htdocs\\laravel-php3\\example-app\\vendor\\laravel\\framework\\src\\Illuminate\\Foundation\\Bootstrap\\HandleExceptions.php(256): Illuminate\\Foundation\\Bootstrap\\HandleExceptions->handleError()
#1 C:\\xampp\\htdocs\\laravel-php3\\example-app\\storage\\framework\\views\\d2f25e20390eff3ee87f64eb707dce44.php(135): Illuminate\\Foundation\\Bootstrap\\HandleExceptions->Illuminate\\Foundation\\Bootstrap\\{closure}()
#2 C:\\xampp\\htdocs\\laravel-php3\\example-app\\vendor\\laravel\\framework\\src\\Illuminate\\Filesystem\\Filesystem.php(123): require('...')
#3 C:\\xampp\\htdocs\\laravel-php3\\example-app\\vendor\\laravel\\framework\\src\\Illuminate\\Filesystem\\Filesystem.php(124): Illuminate\\Filesystem\\Filesystem::Illuminate\\Filesystem\\{closure}()
#4 C:\\xampp\\htdocs\\laravel-php3\\example-app\\vendor\\laravel\\framework\\src\\Illuminate\\View\\Engines\\PhpEngine.php(58): Illuminate\\Filesystem\\Filesystem->getRequire()
#5 C:\\xampp\\htdocs\\laravel-php3\\example-app\\vendor\\laravel\\framework\\src\\Illuminate\\View\\Engines\\CompilerEngine.php(75): Illuminate\\View\\Engines\\PhpEngine->evaluatePath()
#6 C:\\xampp\\htdocs\\laravel-php3\\example-app\\vendor\\laravel\\framework\\src\\Illuminate\\View\\View.php(209): Illuminate\\View\\Engines\\CompilerEngine->get()
#7 C:\\xampp\\htdocs\\laravel-php3\\example-app\\vendor\\laravel\\framework\\src\\Illuminate\\View\\View.php(192): Illuminate\\View\\View->getContents()
#8 C:\\xampp\\htdocs\\laravel-php3\\example-app\\vendor\\laravel\\framework\\src\\Illuminate\\View\\View.php(161): Illuminate\\View\\View->renderContents()
#9 C:\\xampp\\htdocs\\laravel-php3\\example-app\\vendor\\laravel\\framework\\src\\Illuminate\\Http\\Response.php(79): Illuminate\\View\\View->render()
#10 C:\\xampp\\htdocs\\laravel-php3\\example-app\\vendor\\laravel\\framework\\src\\Illuminate\\Http\\Response.php(35): Illuminate\\Http\\Response->setContent()
#11 C:\\xampp\\htdocs\\laravel-php3\\example-app\\vendor\\laravel\\framework\\src\\Illuminate\\Routing\\Router.php(920): Illuminate\\Http\\Response->__construct()
#12 C:\\xampp\\htdocs\\laravel-php3\\example-app\\vendor\\laravel\\framework\\src\\Illuminate\\Routing\\Router.php(887): Illuminate\\Routing\\Router::toResponse()
#13 C:\\xampp\\htdocs\\laravel-php3\\example-app\\vendor\\laravel\\framework\\src\\Illuminate\\Routing\\Router.php(807): Illuminate\\Routing\\Router->prepareResponse()
#14 C:\\xampp\\htdocs\\laravel-php3\\example-app\\vendor\\laravel\\framework\\src\\Illuminate\\Pipeline\\Pipeline.php(170): Illuminate\\Routing\\Router->Illuminate\\Routing\\{closure}()
#15 C:\\xampp\\htdocs\\laravel-php3\\example-app\\vendor\\laravel\\framework\\src\\Illuminate\\Routing\\Middleware\\SubstituteBindings.php(51): Illuminate\\Pipeline\\Pipeline->Illuminate\\Pipeline\\{closure}()
#16 C:\\xampp\\htdocs\\laravel-php3\\example-app\\vendor\\laravel\\framework\\src\\Illuminate\\Pipeline\\Pipeline.php(209): Illuminate\\Routing\\Middleware\\SubstituteBindings->handle()
#17 C:\\xampp\\htdocs\\laravel-php3\\example-app\\vendor\\laravel\\framework\\src\\Illuminate\\Auth\\Middleware\\Authenticate.php(64): Illuminate\\Pipeline\\Pipeline->Illuminate\\Pipeline\\{closure}()
#18 C:\\xampp\\htdocs\\laravel-php3\\example-app\\vendor\\laravel\\framework\\src\\Illuminate\\Pipeline\\Pipeline.php(209): Illuminate\\Auth\\Middleware\\Authenticate->handle()
#19 C:\\xampp\\htdocs\\laravel-php3\\example-app\\vendor\\laravel\\framework\\src\\Illuminate\\Foundation\\Http\\Middleware\\VerifyCsrfToken.php(88): Illuminate\\Pipeline\\Pipeline->Illuminate\\Pipeline\\{closure}()
#20 C:\\xampp\\htdocs\\laravel-php3\\example-app\\vendor\\laravel\\framework\\src\\Illuminate\\Pipeline\\Pipeline.php(209): Illuminate\\Foundation\\Http\\Middleware\\VerifyCsrfToken->handle()
#21 C:\\xampp\\htdocs\\laravel-php3\\example-app\\vendor\\laravel\\framework\\src\\Illuminate\\View\\Middleware\\ShareErrorsFromSession.php(49): Illuminate\\Pipeline\\Pipeline->Illuminate\\Pipeline\\{closure}()
#22 C:\\xampp\\htdocs\\laravel-php3\\example-app\\vendor\\laravel\\framework\\src\\Illuminate\\Pipeline\\Pipeline.php(209): Illuminate\\View\\Middleware\\ShareErrorsFromSession->handle()
#23 C:\\xampp\\htdocs\\laravel-php3\\example-app\\vendor\\laravel\\framework\\src\\Illuminate\\Session\\Middleware\\StartSession.php(121): Illuminate\\Pipeline\\Pipeline->Illuminate\\Pipeline\\{closure}()
#24 C:\\xampp\\htdocs\\laravel-php3\\example-app\\vendor\\laravel\\framework\\src\\Illuminate\\Session\\Middleware\\StartSession.php(64): Illuminate\\Session\\Middleware\\StartSession->handleStatefulRequest()
#25 C:\\xampp\\htdocs\\laravel-php3\\example-app\\vendor\\laravel\\framework\\src\\Illuminate\\Pipeline\\Pipeline.php(209): Illuminate\\Session\\Middleware\\StartSession->handle()
#26 C:\\xampp\\htdocs\\laravel-php3\\example-app\\vendor\\laravel\\framework\\src\\Illuminate\\Cookie\\Middleware\\AddQueuedCookiesToResponse.php(37): Illuminate\\Pipeline\\Pipeline->Illuminate\\Pipeline\\{closure}()
#27 C:\\xampp\\htdocs\\laravel-php3\\example-app\\vendor\\laravel\\framework\\src\\Illuminate\\Pipeline\\Pipeline.php(209): Illuminate\\Cookie\\Middleware\\AddQueuedCookiesToResponse->handle()
#28 C:\\xampp\\htdocs\\laravel-php3\\example-app\\vendor\\laravel\\framework\\src\\Illuminate\\Cookie\\Middleware\\EncryptCookies.php(75): Illuminate\\Pipeline\\Pipeline->Illuminate\\Pipeline\\{closure}()
#29 C:\\xampp\\htdocs\\laravel-php3\\example-app\\vendor\\laravel\\framework\\src\\Illuminate\\Pipeline\\Pipeline.php(209): Illuminate\\Cookie\\Middleware\\EncryptCookies->handle()
#30 C:\\xampp\\htdocs\\laravel-php3\\example-app\\vendor\\laravel\\framework\\src\\Illuminate\\Pipeline\\Pipeline.php(127): Illuminate\\Pipeline\\Pipeline->Illuminate\\Pipeline\\{closure}()
#31 C:\\xampp\\htdocs\\laravel-php3\\example-app\\vendor\\laravel\\framework\\src\\Illuminate\\Routing\\Router.php(807): Illuminate\\Pipeline\\Pipeline->then()
#32 C:\\xampp\\htdocs\\laravel-php3\\example-app\\vendor\\laravel\\framework\\src\\Illuminate\\Routing\\Router.php(786): Illuminate\\Routing\\Router->runRouteWithinStack()
#33 C:\\xampp\\htdocs\\laravel-php3\\example-app\\vendor\\laravel\\framework\\src\\Illuminate\\Routing\\Router.php(750): Illuminate\\Routing\\Router->runRoute()
#34 C:\\xampp\\htdocs\\laravel-php3\\example-app\\vendor\\laravel\\framework\\src\\Illuminate\\Routing\\Router.php(739): Illuminate\\Routing\\Router->dispatchToRoute()
#35 C:\\xampp\\htdocs\\laravel-php3\\example-app\\vendor\\laravel\\framework\\src\\Illuminate\\Foundation\\Http\\Kernel.php(201): Illuminate\\Routing\\Router->dispatch()
#36 C:\\xampp\\htdocs\\laravel-php3\\example-app\\vendor\\laravel\\framework\\src\\Illuminate\\Pipeline\\Pipeline.php(170): Illuminate\\Foundation\\Http\\Kernel->Illuminate\\Foundation\\Http\\{closure}()
#37 C:\\xampp\\htdocs\\laravel-php3\\example-app\\vendor\\laravel\\framework\\src\\Illuminate\\Foundation\\Http\\Middleware\\TransformsRequest.php(21): Illuminate\\Pipeline\\Pipeline->Illuminate\\Pipeline\\{closure}()
#38 C:\\xampp\\htdocs\\laravel-php3\\example-app\\vendor\\laravel\\framework\\src\\Illuminate\\Foundation\\Http\\Middleware\\ConvertEmptyStringsToNull.php(31): Illuminate\\Foundation\\Http\\Middleware\\TransformsRequest->handle()
#39 C:\\xampp\\htdocs\\laravel-php3\\example-app\\vendor\\laravel\\framework\\src\\Illuminate\\Pipeline\\Pipeline.php(209): Illuminate\\Foundation\\Http\\Middleware\\ConvertEmptyStringsToNull->handle()
#40 C:\\xampp\\htdocs\\laravel-php3\\example-app\\vendor\\laravel\\framework\\src\\Illuminate\\Foundation\\Http\\Middleware\\TransformsRequest.php(21): Illuminate\\Pipeline\\Pipeline->Illuminate\\Pipeline\\{closure}()
#41 C:\\xampp\\htdocs\\laravel-php3\\example-app\\vendor\\laravel\\framework\\src\\Illuminate\\Foundation\\Http\\Middleware\\TrimStrings.php(51): Illuminate\\Foundation\\Http\\Middleware\\TransformsRequest->handle()
#42 C:\\xampp\\htdocs\\laravel-php3\\example-app\\vendor\\laravel\\framework\\src\\Illuminate\\Pipeline\\Pipeline.php(209): Illuminate\\Foundation\\Http\\Middleware\\TrimStrings->handle()
#43 C:\\xampp\\htdocs\\laravel-php3\\example-app\\vendor\\laravel\\framework\\src\\Illuminate\\Http\\Middleware\\ValidatePostSize.php(27): Illuminate\\Pipeline\\Pipeline->Illuminate\\Pipeline\\{closure}()
#44 C:\\xampp\\htdocs\\laravel-php3\\example-app\\vendor\\laravel\\framework\\src\\Illuminate\\Pipeline\\Pipeline.php(209): Illuminate\\Http\\Middleware\\ValidatePostSize->handle()
#45 C:\\xampp\\htdocs\\laravel-php3\\example-app\\vendor\\laravel\\framework\\src\\Illuminate\\Foundation\\Http\\Middleware\\PreventRequestsDuringMaintenance.php(110): Illuminate\\Pipeline\\Pipeline->Illuminate\\Pipeline\\{closure}()
#46 C:\\xampp\\htdocs\\laravel-php3\\example-app\\vendor\\laravel\\framework\\src\\Illuminate\\Pipeline\\Pipeline.php(209): Illuminate\\Foundation\\Http\\Middleware\\PreventRequestsDuringMaintenance->handle()
#47 C:\\xampp\\htdocs\\laravel-php3\\example-app\\vendor\\laravel\\framework\\src\\Illuminate\\Http\\Middleware\\HandleCors.php(49): Illuminate\\Pipeline\\Pipeline->Illuminate\\Pipeline\\{closure}()
#48 C:\\xampp\\htdocs\\laravel-php3\\example-app\\vendor\\laravel\\framework\\src\\Illuminate\\Pipeline\\Pipeline.php(209): Illuminate\\Http\\Middleware\\HandleCors->handle()
#49 C:\\xampp\\htdocs\\laravel-php3\\example-app\\vendor\\laravel\\framework\\src\\Illuminate\\Http\\Middleware\\TrustProxies.php(58): Illuminate\\Pipeline\\Pipeline->Illuminate\\Pipeline\\{closure}()
#50 C:\\xampp\\htdocs\\laravel-php3\\example-app\\vendor\\laravel\\framework\\src\\Illuminate\\Pipeline\\Pipeline.php(209): Illuminate\\Http\\Middleware\\TrustProxies->handle()
#51 C:\\xampp\\htdocs\\laravel-php3\\example-app\\vendor\\laravel\\framework\\src\\Illuminate\\Foundation\\Http\\Middleware\\InvokeDeferredCallbacks.php(22): Illuminate\\Pipeline\\Pipeline->Illuminate\\Pipeline\\{closure}()
#52 C:\\xampp\\htdocs\\laravel-php3\\example-app\\vendor\\laravel\\framework\\src\\Illuminate\\Pipeline\\Pipeline.php(209): Illuminate\\Foundation\\Http\\Middleware\\InvokeDeferredCallbacks->handle()
#53 C:\\xampp\\htdocs\\laravel-php3\\example-app\\vendor\\laravel\\framework\\src\\Illuminate\\Http\\Middleware\\ValidatePathEncoding.php(26): Illuminate\\Pipeline\\Pipeline->Illuminate\\Pipeline\\{closure}()
#54 C:\\xampp\\htdocs\\laravel-php3\\example-app\\vendor\\laravel\\framework\\src\\Illuminate\\Pipeline\\Pipeline.php(209): Illuminate\\Http\\Middleware\\ValidatePathEncoding->handle()
#55 C:\\xampp\\htdocs\\laravel-php3\\example-app\\vendor\\laravel\\framework\\src\\Illuminate\\Pipeline\\Pipeline.php(127): Illuminate\\Pipeline\\Pipeline->Illuminate\\Pipeline\\{closure}()
#56 C:\\xampp\\htdocs\\laravel-php3\\example-app\\vendor\\laravel\\framework\\src\\Illuminate\\Foundation\\Http\\Kernel.php(176): Illuminate\\Pipeline\\Pipeline->then()
#57 C:\\xampp\\htdocs\\laravel-php3\\example-app\\vendor\\laravel\\framework\\src\\Illuminate\\Foundation\\Http\\Kernel.php(145): Illuminate\\Foundation\\Http\\Kernel->sendRequestThroughRouter()
#58 C:\\xampp\\htdocs\\laravel-php3\\example-app\\vendor\\laravel\\framework\\src\\Illuminate\\Foundation\\Application.php(1220): Illuminate\\Foundation\\Http\\Kernel->handle()
#59 C:\\xampp\\htdocs\\laravel-php3\\example-app\\public\\index.php(20): Illuminate\\Foundation\\Application->handleRequest()
#60 C:\\xampp\\htdocs\\laravel-php3\\example-app\\vendor\\laravel\\framework\\src\\Illuminate\\Foundation\\resources\\server.php(23): require_once('...')
#61 {main}
"} 
[2025-04-10 01:52:45] local.ERROR: Call to undefined method App\Http\Controllers\CheckoutController::adminIndex() {"userId":1,"exception":"[object] (Error(code: 0): Call to undefined method App\\Http\\Controllers\\CheckoutController::adminIndex() at C:\\xampp\\htdocs\\laravel-php3\\example-app\\vendor\\laravel\\framework\\src\\Illuminate\\Routing\\ControllerDispatcher.php:47)
[stacktrace]
#0 C:\\xampp\\htdocs\\laravel-php3\\example-app\\vendor\\laravel\\framework\\src\\Illuminate\\Routing\\Route.php(266): Illuminate\\Routing\\ControllerDispatcher->dispatch()
#1 C:\\xampp\\htdocs\\laravel-php3\\example-app\\vendor\\laravel\\framework\\src\\Illuminate\\Routing\\Route.php(212): Illuminate\\Routing\\Route->runController()
#2 C:\\xampp\\htdocs\\laravel-php3\\example-app\\vendor\\laravel\\framework\\src\\Illuminate\\Routing\\Router.php(808): Illuminate\\Routing\\Route->run()
#3 C:\\xampp\\htdocs\\laravel-php3\\example-app\\vendor\\laravel\\framework\\src\\Illuminate\\Pipeline\\Pipeline.php(170): Illuminate\\Routing\\Router->Illuminate\\Routing\\{closure}()
#4 C:\\xampp\\htdocs\\laravel-php3\\example-app\\vendor\\laravel\\framework\\src\\Illuminate\\Routing\\Middleware\\SubstituteBindings.php(51): Illuminate\\Pipeline\\Pipeline->Illuminate\\Pipeline\\{closure}()
#5 C:\\xampp\\htdocs\\laravel-php3\\example-app\\vendor\\laravel\\framework\\src\\Illuminate\\Pipeline\\Pipeline.php(209): Illuminate\\Routing\\Middleware\\SubstituteBindings->handle()
#6 C:\\xampp\\htdocs\\laravel-php3\\example-app\\vendor\\laravel\\framework\\src\\Illuminate\\Foundation\\Http\\Middleware\\VerifyCsrfToken.php(88): Illuminate\\Pipeline\\Pipeline->Illuminate\\Pipeline\\{closure}()
#7 C:\\xampp\\htdocs\\laravel-php3\\example-app\\vendor\\laravel\\framework\\src\\Illuminate\\Pipeline\\Pipeline.php(209): Illuminate\\Foundation\\Http\\Middleware\\VerifyCsrfToken->handle()
#8 C:\\xampp\\htdocs\\laravel-php3\\example-app\\vendor\\laravel\\framework\\src\\Illuminate\\View\\Middleware\\ShareErrorsFromSession.php(49): Illuminate\\Pipeline\\Pipeline->Illuminate\\Pipeline\\{closure}()
#9 C:\\xampp\\htdocs\\laravel-php3\\example-app\\vendor\\laravel\\framework\\src\\Illuminate\\Pipeline\\Pipeline.php(209): Illuminate\\View\\Middleware\\ShareErrorsFromSession->handle()
#10 C:\\xampp\\htdocs\\laravel-php3\\example-app\\vendor\\laravel\\framework\\src\\Illuminate\\Session\\Middleware\\StartSession.php(121): Illuminate\\Pipeline\\Pipeline->Illuminate\\Pipeline\\{closure}()
#11 C:\\xampp\\htdocs\\laravel-php3\\example-app\\vendor\\laravel\\framework\\src\\Illuminate\\Session\\Middleware\\StartSession.php(64): Illuminate\\Session\\Middleware\\StartSession->handleStatefulRequest()
#12 C:\\xampp\\htdocs\\laravel-php3\\example-app\\vendor\\laravel\\framework\\src\\Illuminate\\Pipeline\\Pipeline.php(209): Illuminate\\Session\\Middleware\\StartSession->handle()
#13 C:\\xampp\\htdocs\\laravel-php3\\example-app\\vendor\\laravel\\framework\\src\\Illuminate\\Cookie\\Middleware\\AddQueuedCookiesToResponse.php(37): Illuminate\\Pipeline\\Pipeline->Illuminate\\Pipeline\\{closure}()
#14 C:\\xampp\\htdocs\\laravel-php3\\example-app\\vendor\\laravel\\framework\\src\\Illuminate\\Pipeline\\Pipeline.php(209): Illuminate\\Cookie\\Middleware\\AddQueuedCookiesToResponse->handle()
#15 C:\\xampp\\htdocs\\laravel-php3\\example-app\\vendor\\laravel\\framework\\src\\Illuminate\\Cookie\\Middleware\\EncryptCookies.php(75): Illuminate\\Pipeline\\Pipeline->Illuminate\\Pipeline\\{closure}()
#16 C:\\xampp\\htdocs\\laravel-php3\\example-app\\vendor\\laravel\\framework\\src\\Illuminate\\Pipeline\\Pipeline.php(209): Illuminate\\Cookie\\Middleware\\EncryptCookies->handle()
#17 C:\\xampp\\htdocs\\laravel-php3\\example-app\\vendor\\laravel\\framework\\src\\Illuminate\\Pipeline\\Pipeline.php(127): Illuminate\\Pipeline\\Pipeline->Illuminate\\Pipeline\\{closure}()
#18 C:\\xampp\\htdocs\\laravel-php3\\example-app\\vendor\\laravel\\framework\\src\\Illuminate\\Routing\\Router.php(807): Illuminate\\Pipeline\\Pipeline->then()
#19 C:\\xampp\\htdocs\\laravel-php3\\example-app\\vendor\\laravel\\framework\\src\\Illuminate\\Routing\\Router.php(786): Illuminate\\Routing\\Router->runRouteWithinStack()
#20 C:\\xampp\\htdocs\\laravel-php3\\example-app\\vendor\\laravel\\framework\\src\\Illuminate\\Routing\\Router.php(750): Illuminate\\Routing\\Router->runRoute()
#21 C:\\xampp\\htdocs\\laravel-php3\\example-app\\vendor\\laravel\\framework\\src\\Illuminate\\Routing\\Router.php(739): Illuminate\\Routing\\Router->dispatchToRoute()
#22 C:\\xampp\\htdocs\\laravel-php3\\example-app\\vendor\\laravel\\framework\\src\\Illuminate\\Foundation\\Http\\Kernel.php(201): Illuminate\\Routing\\Router->dispatch()
#23 C:\\xampp\\htdocs\\laravel-php3\\example-app\\vendor\\laravel\\framework\\src\\Illuminate\\Pipeline\\Pipeline.php(170): Illuminate\\Foundation\\Http\\Kernel->Illuminate\\Foundation\\Http\\{closure}()
#24 C:\\xampp\\htdocs\\laravel-php3\\example-app\\vendor\\laravel\\framework\\src\\Illuminate\\Foundation\\Http\\Middleware\\TransformsRequest.php(21): Illuminate\\Pipeline\\Pipeline->Illuminate\\Pipeline\\{closure}()
#25 C:\\xampp\\htdocs\\laravel-php3\\example-app\\vendor\\laravel\\framework\\src\\Illuminate\\Foundation\\Http\\Middleware\\ConvertEmptyStringsToNull.php(31): Illuminate\\Foundation\\Http\\Middleware\\TransformsRequest->handle()
#26 C:\\xampp\\htdocs\\laravel-php3\\example-app\\vendor\\laravel\\framework\\src\\Illuminate\\Pipeline\\Pipeline.php(209): Illuminate\\Foundation\\Http\\Middleware\\ConvertEmptyStringsToNull->handle()
#27 C:\\xampp\\htdocs\\laravel-php3\\example-app\\vendor\\laravel\\framework\\src\\Illuminate\\Foundation\\Http\\Middleware\\TransformsRequest.php(21): Illuminate\\Pipeline\\Pipeline->Illuminate\\Pipeline\\{closure}()
#28 C:\\xampp\\htdocs\\laravel-php3\\example-app\\vendor\\laravel\\framework\\src\\Illuminate\\Foundation\\Http\\Middleware\\TrimStrings.php(51): Illuminate\\Foundation\\Http\\Middleware\\TransformsRequest->handle()
#29 C:\\xampp\\htdocs\\laravel-php3\\example-app\\vendor\\laravel\\framework\\src\\Illuminate\\Pipeline\\Pipeline.php(209): Illuminate\\Foundation\\Http\\Middleware\\TrimStrings->handle()
#30 C:\\xampp\\htdocs\\laravel-php3\\example-app\\vendor\\laravel\\framework\\src\\Illuminate\\Http\\Middleware\\ValidatePostSize.php(27): Illuminate\\Pipeline\\Pipeline->Illuminate\\Pipeline\\{closure}()
#31 C:\\xampp\\htdocs\\laravel-php3\\example-app\\vendor\\laravel\\framework\\src\\Illuminate\\Pipeline\\Pipeline.php(209): Illuminate\\Http\\Middleware\\ValidatePostSize->handle()
#32 C:\\xampp\\htdocs\\laravel-php3\\example-app\\vendor\\laravel\\framework\\src\\Illuminate\\Foundation\\Http\\Middleware\\PreventRequestsDuringMaintenance.php(110): Illuminate\\Pipeline\\Pipeline->Illuminate\\Pipeline\\{closure}()
#33 C:\\xampp\\htdocs\\laravel-php3\\example-app\\vendor\\laravel\\framework\\src\\Illuminate\\Pipeline\\Pipeline.php(209): Illuminate\\Foundation\\Http\\Middleware\\PreventRequestsDuringMaintenance->handle()
#34 C:\\xampp\\htdocs\\laravel-php3\\example-app\\vendor\\laravel\\framework\\src\\Illuminate\\Http\\Middleware\\HandleCors.php(49): Illuminate\\Pipeline\\Pipeline->Illuminate\\Pipeline\\{closure}()
#35 C:\\xampp\\htdocs\\laravel-php3\\example-app\\vendor\\laravel\\framework\\src\\Illuminate\\Pipeline\\Pipeline.php(209): Illuminate\\Http\\Middleware\\HandleCors->handle()
#36 C:\\xampp\\htdocs\\laravel-php3\\example-app\\vendor\\laravel\\framework\\src\\Illuminate\\Http\\Middleware\\TrustProxies.php(58): Illuminate\\Pipeline\\Pipeline->Illuminate\\Pipeline\\{closure}()
#37 C:\\xampp\\htdocs\\laravel-php3\\example-app\\vendor\\laravel\\framework\\src\\Illuminate\\Pipeline\\Pipeline.php(209): Illuminate\\Http\\Middleware\\TrustProxies->handle()
#38 C:\\xampp\\htdocs\\laravel-php3\\example-app\\vendor\\laravel\\framework\\src\\Illuminate\\Foundation\\Http\\Middleware\\InvokeDeferredCallbacks.php(22): Illuminate\\Pipeline\\Pipeline->Illuminate\\Pipeline\\{closure}()
#39 C:\\xampp\\htdocs\\laravel-php3\\example-app\\vendor\\laravel\\framework\\src\\Illuminate\\Pipeline\\Pipeline.php(209): Illuminate\\Foundation\\Http\\Middleware\\InvokeDeferredCallbacks->handle()
#40 C:\\xampp\\htdocs\\laravel-php3\\example-app\\vendor\\laravel\\framework\\src\\Illuminate\\Http\\Middleware\\ValidatePathEncoding.php(26): Illuminate\\Pipeline\\Pipeline->Illuminate\\Pipeline\\{closure}()
#41 C:\\xampp\\htdocs\\laravel-php3\\example-app\\vendor\\laravel\\framework\\src\\Illuminate\\Pipeline\\Pipeline.php(209): Illuminate\\Http\\Middleware\\ValidatePathEncoding->handle()
#42 C:\\xampp\\htdocs\\laravel-php3\\example-app\\vendor\\laravel\\framework\\src\\Illuminate\\Pipeline\\Pipeline.php(127): Illuminate\\Pipeline\\Pipeline->Illuminate\\Pipeline\\{closure}()
#43 C:\\xampp\\htdocs\\laravel-php3\\example-app\\vendor\\laravel\\framework\\src\\Illuminate\\Foundation\\Http\\Kernel.php(176): Illuminate\\Pipeline\\Pipeline->then()
#44 C:\\xampp\\htdocs\\laravel-php3\\example-app\\vendor\\laravel\\framework\\src\\Illuminate\\Foundation\\Http\\Kernel.php(145): Illuminate\\Foundation\\Http\\Kernel->sendRequestThroughRouter()
#45 C:\\xampp\\htdocs\\laravel-php3\\example-app\\vendor\\laravel\\framework\\src\\Illuminate\\Foundation\\Application.php(1220): Illuminate\\Foundation\\Http\\Kernel->handle()
#46 C:\\xampp\\htdocs\\laravel-php3\\example-app\\public\\index.php(20): Illuminate\\Foundation\\Application->handleRequest()
#47 C:\\xampp\\htdocs\\laravel-php3\\example-app\\vendor\\laravel\\framework\\src\\Illuminate\\Foundation\\resources\\server.php(23): require_once('...')
#48 {main}
"} 
[2025-04-10 01:53:38] local.ERROR: foreach() argument must be of type array|object, null given (View: C:\xampp\htdocs\laravel-php3\example-app\resources\views\checkout\show.blade.php) {"userId":1,"exception":"[object] (Illuminate\\View\\ViewException(code: 0): foreach() argument must be of type array|object, null given (View: C:\\xampp\\htdocs\\laravel-php3\\example-app\\resources\\views\\checkout\\show.blade.php) at C:\\xampp\\htdocs\\laravel-php3\\example-app\\storage\\framework\\views\\d2f25e20390eff3ee87f64eb707dce44.php:135)
[stacktrace]
#0 C:\\xampp\\htdocs\\laravel-php3\\example-app\\vendor\\laravel\\framework\\src\\Illuminate\\View\\Engines\\PhpEngine.php(60): Illuminate\\View\\Engines\\CompilerEngine->handleViewException()
#1 C:\\xampp\\htdocs\\laravel-php3\\example-app\\vendor\\laravel\\framework\\src\\Illuminate\\View\\Engines\\CompilerEngine.php(75): Illuminate\\View\\Engines\\PhpEngine->evaluatePath()
#2 C:\\xampp\\htdocs\\laravel-php3\\example-app\\vendor\\laravel\\framework\\src\\Illuminate\\View\\View.php(209): Illuminate\\View\\Engines\\CompilerEngine->get()
#3 C:\\xampp\\htdocs\\laravel-php3\\example-app\\vendor\\laravel\\framework\\src\\Illuminate\\View\\View.php(192): Illuminate\\View\\View->getContents()
#4 C:\\xampp\\htdocs\\laravel-php3\\example-app\\vendor\\laravel\\framework\\src\\Illuminate\\View\\View.php(161): Illuminate\\View\\View->renderContents()
#5 C:\\xampp\\htdocs\\laravel-php3\\example-app\\vendor\\laravel\\framework\\src\\Illuminate\\Http\\Response.php(79): Illuminate\\View\\View->render()
#6 C:\\xampp\\htdocs\\laravel-php3\\example-app\\vendor\\laravel\\framework\\src\\Illuminate\\Http\\Response.php(35): Illuminate\\Http\\Response->setContent()
#7 C:\\xampp\\htdocs\\laravel-php3\\example-app\\vendor\\laravel\\framework\\src\\Illuminate\\Routing\\Router.php(920): Illuminate\\Http\\Response->__construct()
#8 C:\\xampp\\htdocs\\laravel-php3\\example-app\\vendor\\laravel\\framework\\src\\Illuminate\\Routing\\Router.php(887): Illuminate\\Routing\\Router::toResponse()
#9 C:\\xampp\\htdocs\\laravel-php3\\example-app\\vendor\\laravel\\framework\\src\\Illuminate\\Routing\\Router.php(807): Illuminate\\Routing\\Router->prepareResponse()
#10 C:\\xampp\\htdocs\\laravel-php3\\example-app\\vendor\\laravel\\framework\\src\\Illuminate\\Pipeline\\Pipeline.php(170): Illuminate\\Routing\\Router->Illuminate\\Routing\\{closure}()
#11 C:\\xampp\\htdocs\\laravel-php3\\example-app\\vendor\\laravel\\framework\\src\\Illuminate\\Routing\\Middleware\\SubstituteBindings.php(51): Illuminate\\Pipeline\\Pipeline->Illuminate\\Pipeline\\{closure}()
#12 C:\\xampp\\htdocs\\laravel-php3\\example-app\\vendor\\laravel\\framework\\src\\Illuminate\\Pipeline\\Pipeline.php(209): Illuminate\\Routing\\Middleware\\SubstituteBindings->handle()
#13 C:\\xampp\\htdocs\\laravel-php3\\example-app\\vendor\\laravel\\framework\\src\\Illuminate\\Auth\\Middleware\\Authenticate.php(64): Illuminate\\Pipeline\\Pipeline->Illuminate\\Pipeline\\{closure}()
#14 C:\\xampp\\htdocs\\laravel-php3\\example-app\\vendor\\laravel\\framework\\src\\Illuminate\\Pipeline\\Pipeline.php(209): Illuminate\\Auth\\Middleware\\Authenticate->handle()
#15 C:\\xampp\\htdocs\\laravel-php3\\example-app\\vendor\\laravel\\framework\\src\\Illuminate\\Foundation\\Http\\Middleware\\VerifyCsrfToken.php(88): Illuminate\\Pipeline\\Pipeline->Illuminate\\Pipeline\\{closure}()
#16 C:\\xampp\\htdocs\\laravel-php3\\example-app\\vendor\\laravel\\framework\\src\\Illuminate\\Pipeline\\Pipeline.php(209): Illuminate\\Foundation\\Http\\Middleware\\VerifyCsrfToken->handle()
#17 C:\\xampp\\htdocs\\laravel-php3\\example-app\\vendor\\laravel\\framework\\src\\Illuminate\\View\\Middleware\\ShareErrorsFromSession.php(49): Illuminate\\Pipeline\\Pipeline->Illuminate\\Pipeline\\{closure}()
#18 C:\\xampp\\htdocs\\laravel-php3\\example-app\\vendor\\laravel\\framework\\src\\Illuminate\\Pipeline\\Pipeline.php(209): Illuminate\\View\\Middleware\\ShareErrorsFromSession->handle()
#19 C:\\xampp\\htdocs\\laravel-php3\\example-app\\vendor\\laravel\\framework\\src\\Illuminate\\Session\\Middleware\\StartSession.php(121): Illuminate\\Pipeline\\Pipeline->Illuminate\\Pipeline\\{closure}()
#20 C:\\xampp\\htdocs\\laravel-php3\\example-app\\vendor\\laravel\\framework\\src\\Illuminate\\Session\\Middleware\\StartSession.php(64): Illuminate\\Session\\Middleware\\StartSession->handleStatefulRequest()
#21 C:\\xampp\\htdocs\\laravel-php3\\example-app\\vendor\\laravel\\framework\\src\\Illuminate\\Pipeline\\Pipeline.php(209): Illuminate\\Session\\Middleware\\StartSession->handle()
#22 C:\\xampp\\htdocs\\laravel-php3\\example-app\\vendor\\laravel\\framework\\src\\Illuminate\\Cookie\\Middleware\\AddQueuedCookiesToResponse.php(37): Illuminate\\Pipeline\\Pipeline->Illuminate\\Pipeline\\{closure}()
#23 C:\\xampp\\htdocs\\laravel-php3\\example-app\\vendor\\laravel\\framework\\src\\Illuminate\\Pipeline\\Pipeline.php(209): Illuminate\\Cookie\\Middleware\\AddQueuedCookiesToResponse->handle()
#24 C:\\xampp\\htdocs\\laravel-php3\\example-app\\vendor\\laravel\\framework\\src\\Illuminate\\Cookie\\Middleware\\EncryptCookies.php(75): Illuminate\\Pipeline\\Pipeline->Illuminate\\Pipeline\\{closure}()
#25 C:\\xampp\\htdocs\\laravel-php3\\example-app\\vendor\\laravel\\framework\\src\\Illuminate\\Pipeline\\Pipeline.php(209): Illuminate\\Cookie\\Middleware\\EncryptCookies->handle()
#26 C:\\xampp\\htdocs\\laravel-php3\\example-app\\vendor\\laravel\\framework\\src\\Illuminate\\Pipeline\\Pipeline.php(127): Illuminate\\Pipeline\\Pipeline->Illuminate\\Pipeline\\{closure}()
#27 C:\\xampp\\htdocs\\laravel-php3\\example-app\\vendor\\laravel\\framework\\src\\Illuminate\\Routing\\Router.php(807): Illuminate\\Pipeline\\Pipeline->then()
#28 C:\\xampp\\htdocs\\laravel-php3\\example-app\\vendor\\laravel\\framework\\src\\Illuminate\\Routing\\Router.php(786): Illuminate\\Routing\\Router->runRouteWithinStack()
#29 C:\\xampp\\htdocs\\laravel-php3\\example-app\\vendor\\laravel\\framework\\src\\Illuminate\\Routing\\Router.php(750): Illuminate\\Routing\\Router->runRoute()
#30 C:\\xampp\\htdocs\\laravel-php3\\example-app\\vendor\\laravel\\framework\\src\\Illuminate\\Routing\\Router.php(739): Illuminate\\Routing\\Router->dispatchToRoute()
#31 C:\\xampp\\htdocs\\laravel-php3\\example-app\\vendor\\laravel\\framework\\src\\Illuminate\\Foundation\\Http\\Kernel.php(201): Illuminate\\Routing\\Router->dispatch()
#32 C:\\xampp\\htdocs\\laravel-php3\\example-app\\vendor\\laravel\\framework\\src\\Illuminate\\Pipeline\\Pipeline.php(170): Illuminate\\Foundation\\Http\\Kernel->Illuminate\\Foundation\\Http\\{closure}()
#33 C:\\xampp\\htdocs\\laravel-php3\\example-app\\vendor\\laravel\\framework\\src\\Illuminate\\Foundation\\Http\\Middleware\\TransformsRequest.php(21): Illuminate\\Pipeline\\Pipeline->Illuminate\\Pipeline\\{closure}()
#34 C:\\xampp\\htdocs\\laravel-php3\\example-app\\vendor\\laravel\\framework\\src\\Illuminate\\Foundation\\Http\\Middleware\\ConvertEmptyStringsToNull.php(31): Illuminate\\Foundation\\Http\\Middleware\\TransformsRequest->handle()
#35 C:\\xampp\\htdocs\\laravel-php3\\example-app\\vendor\\laravel\\framework\\src\\Illuminate\\Pipeline\\Pipeline.php(209): Illuminate\\Foundation\\Http\\Middleware\\ConvertEmptyStringsToNull->handle()
#36 C:\\xampp\\htdocs\\laravel-php3\\example-app\\vendor\\laravel\\framework\\src\\Illuminate\\Foundation\\Http\\Middleware\\TransformsRequest.php(21): Illuminate\\Pipeline\\Pipeline->Illuminate\\Pipeline\\{closure}()
#37 C:\\xampp\\htdocs\\laravel-php3\\example-app\\vendor\\laravel\\framework\\src\\Illuminate\\Foundation\\Http\\Middleware\\TrimStrings.php(51): Illuminate\\Foundation\\Http\\Middleware\\TransformsRequest->handle()
#38 C:\\xampp\\htdocs\\laravel-php3\\example-app\\vendor\\laravel\\framework\\src\\Illuminate\\Pipeline\\Pipeline.php(209): Illuminate\\Foundation\\Http\\Middleware\\TrimStrings->handle()
#39 C:\\xampp\\htdocs\\laravel-php3\\example-app\\vendor\\laravel\\framework\\src\\Illuminate\\Http\\Middleware\\ValidatePostSize.php(27): Illuminate\\Pipeline\\Pipeline->Illuminate\\Pipeline\\{closure}()
#40 C:\\xampp\\htdocs\\laravel-php3\\example-app\\vendor\\laravel\\framework\\src\\Illuminate\\Pipeline\\Pipeline.php(209): Illuminate\\Http\\Middleware\\ValidatePostSize->handle()
#41 C:\\xampp\\htdocs\\laravel-php3\\example-app\\vendor\\laravel\\framework\\src\\Illuminate\\Foundation\\Http\\Middleware\\PreventRequestsDuringMaintenance.php(110): Illuminate\\Pipeline\\Pipeline->Illuminate\\Pipeline\\{closure}()
#42 C:\\xampp\\htdocs\\laravel-php3\\example-app\\vendor\\laravel\\framework\\src\\Illuminate\\Pipeline\\Pipeline.php(209): Illuminate\\Foundation\\Http\\Middleware\\PreventRequestsDuringMaintenance->handle()
#43 C:\\xampp\\htdocs\\laravel-php3\\example-app\\vendor\\laravel\\framework\\src\\Illuminate\\Http\\Middleware\\HandleCors.php(49): Illuminate\\Pipeline\\Pipeline->Illuminate\\Pipeline\\{closure}()
#44 C:\\xampp\\htdocs\\laravel-php3\\example-app\\vendor\\laravel\\framework\\src\\Illuminate\\Pipeline\\Pipeline.php(209): Illuminate\\Http\\Middleware\\HandleCors->handle()
#45 C:\\xampp\\htdocs\\laravel-php3\\example-app\\vendor\\laravel\\framework\\src\\Illuminate\\Http\\Middleware\\TrustProxies.php(58): Illuminate\\Pipeline\\Pipeline->Illuminate\\Pipeline\\{closure}()
#46 C:\\xampp\\htdocs\\laravel-php3\\example-app\\vendor\\laravel\\framework\\src\\Illuminate\\Pipeline\\Pipeline.php(209): Illuminate\\Http\\Middleware\\TrustProxies->handle()
#47 C:\\xampp\\htdocs\\laravel-php3\\example-app\\vendor\\laravel\\framework\\src\\Illuminate\\Foundation\\Http\\Middleware\\InvokeDeferredCallbacks.php(22): Illuminate\\Pipeline\\Pipeline->Illuminate\\Pipeline\\{closure}()
#48 C:\\xampp\\htdocs\\laravel-php3\\example-app\\vendor\\laravel\\framework\\src\\Illuminate\\Pipeline\\Pipeline.php(209): Illuminate\\Foundation\\Http\\Middleware\\InvokeDeferredCallbacks->handle()
#49 C:\\xampp\\htdocs\\laravel-php3\\example-app\\vendor\\laravel\\framework\\src\\Illuminate\\Http\\Middleware\\ValidatePathEncoding.php(26): Illuminate\\Pipeline\\Pipeline->Illuminate\\Pipeline\\{closure}()
#50 C:\\xampp\\htdocs\\laravel-php3\\example-app\\vendor\\laravel\\framework\\src\\Illuminate\\Pipeline\\Pipeline.php(209): Illuminate\\Http\\Middleware\\ValidatePathEncoding->handle()
#51 C:\\xampp\\htdocs\\laravel-php3\\example-app\\vendor\\laravel\\framework\\src\\Illuminate\\Pipeline\\Pipeline.php(127): Illuminate\\Pipeline\\Pipeline->Illuminate\\Pipeline\\{closure}()
#52 C:\\xampp\\htdocs\\laravel-php3\\example-app\\vendor\\laravel\\framework\\src\\Illuminate\\Foundation\\Http\\Kernel.php(176): Illuminate\\Pipeline\\Pipeline->then()
#53 C:\\xampp\\htdocs\\laravel-php3\\example-app\\vendor\\laravel\\framework\\src\\Illuminate\\Foundation\\Http\\Kernel.php(145): Illuminate\\Foundation\\Http\\Kernel->sendRequestThroughRouter()
#54 C:\\xampp\\htdocs\\laravel-php3\\example-app\\vendor\\laravel\\framework\\src\\Illuminate\\Foundation\\Application.php(1220): Illuminate\\Foundation\\Http\\Kernel->handle()
#55 C:\\xampp\\htdocs\\laravel-php3\\example-app\\public\\index.php(20): Illuminate\\Foundation\\Application->handleRequest()
#56 C:\\xampp\\htdocs\\laravel-php3\\example-app\\vendor\\laravel\\framework\\src\\Illuminate\\Foundation\\resources\\server.php(23): require_once('...')
#57 {main}

[previous exception] [object] (ErrorException(code: 0): foreach() argument must be of type array|object, null given at C:\\xampp\\htdocs\\laravel-php3\\example-app\\storage\\framework\\views\\d2f25e20390eff3ee87f64eb707dce44.php:135)
[stacktrace]
#0 C:\\xampp\\htdocs\\laravel-php3\\example-app\\vendor\\laravel\\framework\\src\\Illuminate\\Foundation\\Bootstrap\\HandleExceptions.php(256): Illuminate\\Foundation\\Bootstrap\\HandleExceptions->handleError()
#1 C:\\xampp\\htdocs\\laravel-php3\\example-app\\storage\\framework\\views\\d2f25e20390eff3ee87f64eb707dce44.php(135): Illuminate\\Foundation\\Bootstrap\\HandleExceptions->Illuminate\\Foundation\\Bootstrap\\{closure}()
#2 C:\\xampp\\htdocs\\laravel-php3\\example-app\\vendor\\laravel\\framework\\src\\Illuminate\\Filesystem\\Filesystem.php(123): require('...')
#3 C:\\xampp\\htdocs\\laravel-php3\\example-app\\vendor\\laravel\\framework\\src\\Illuminate\\Filesystem\\Filesystem.php(124): Illuminate\\Filesystem\\Filesystem::Illuminate\\Filesystem\\{closure}()
#4 C:\\xampp\\htdocs\\laravel-php3\\example-app\\vendor\\laravel\\framework\\src\\Illuminate\\View\\Engines\\PhpEngine.php(58): Illuminate\\Filesystem\\Filesystem->getRequire()
#5 C:\\xampp\\htdocs\\laravel-php3\\example-app\\vendor\\laravel\\framework\\src\\Illuminate\\View\\Engines\\CompilerEngine.php(75): Illuminate\\View\\Engines\\PhpEngine->evaluatePath()
#6 C:\\xampp\\htdocs\\laravel-php3\\example-app\\vendor\\laravel\\framework\\src\\Illuminate\\View\\View.php(209): Illuminate\\View\\Engines\\CompilerEngine->get()
#7 C:\\xampp\\htdocs\\laravel-php3\\example-app\\vendor\\laravel\\framework\\src\\Illuminate\\View\\View.php(192): Illuminate\\View\\View->getContents()
#8 C:\\xampp\\htdocs\\laravel-php3\\example-app\\vendor\\laravel\\framework\\src\\Illuminate\\View\\View.php(161): Illuminate\\View\\View->renderContents()
#9 C:\\xampp\\htdocs\\laravel-php3\\example-app\\vendor\\laravel\\framework\\src\\Illuminate\\Http\\Response.php(79): Illuminate\\View\\View->render()
#10 C:\\xampp\\htdocs\\laravel-php3\\example-app\\vendor\\laravel\\framework\\src\\Illuminate\\Http\\Response.php(35): Illuminate\\Http\\Response->setContent()
#11 C:\\xampp\\htdocs\\laravel-php3\\example-app\\vendor\\laravel\\framework\\src\\Illuminate\\Routing\\Router.php(920): Illuminate\\Http\\Response->__construct()
#12 C:\\xampp\\htdocs\\laravel-php3\\example-app\\vendor\\laravel\\framework\\src\\Illuminate\\Routing\\Router.php(887): Illuminate\\Routing\\Router::toResponse()
#13 C:\\xampp\\htdocs\\laravel-php3\\example-app\\vendor\\laravel\\framework\\src\\Illuminate\\Routing\\Router.php(807): Illuminate\\Routing\\Router->prepareResponse()
#14 C:\\xampp\\htdocs\\laravel-php3\\example-app\\vendor\\laravel\\framework\\src\\Illuminate\\Pipeline\\Pipeline.php(170): Illuminate\\Routing\\Router->Illuminate\\Routing\\{closure}()
#15 C:\\xampp\\htdocs\\laravel-php3\\example-app\\vendor\\laravel\\framework\\src\\Illuminate\\Routing\\Middleware\\SubstituteBindings.php(51): Illuminate\\Pipeline\\Pipeline->Illuminate\\Pipeline\\{closure}()
#16 C:\\xampp\\htdocs\\laravel-php3\\example-app\\vendor\\laravel\\framework\\src\\Illuminate\\Pipeline\\Pipeline.php(209): Illuminate\\Routing\\Middleware\\SubstituteBindings->handle()
#17 C:\\xampp\\htdocs\\laravel-php3\\example-app\\vendor\\laravel\\framework\\src\\Illuminate\\Auth\\Middleware\\Authenticate.php(64): Illuminate\\Pipeline\\Pipeline->Illuminate\\Pipeline\\{closure}()
#18 C:\\xampp\\htdocs\\laravel-php3\\example-app\\vendor\\laravel\\framework\\src\\Illuminate\\Pipeline\\Pipeline.php(209): Illuminate\\Auth\\Middleware\\Authenticate->handle()
#19 C:\\xampp\\htdocs\\laravel-php3\\example-app\\vendor\\laravel\\framework\\src\\Illuminate\\Foundation\\Http\\Middleware\\VerifyCsrfToken.php(88): Illuminate\\Pipeline\\Pipeline->Illuminate\\Pipeline\\{closure}()
#20 C:\\xampp\\htdocs\\laravel-php3\\example-app\\vendor\\laravel\\framework\\src\\Illuminate\\Pipeline\\Pipeline.php(209): Illuminate\\Foundation\\Http\\Middleware\\VerifyCsrfToken->handle()
#21 C:\\xampp\\htdocs\\laravel-php3\\example-app\\vendor\\laravel\\framework\\src\\Illuminate\\View\\Middleware\\ShareErrorsFromSession.php(49): Illuminate\\Pipeline\\Pipeline->Illuminate\\Pipeline\\{closure}()
#22 C:\\xampp\\htdocs\\laravel-php3\\example-app\\vendor\\laravel\\framework\\src\\Illuminate\\Pipeline\\Pipeline.php(209): Illuminate\\View\\Middleware\\ShareErrorsFromSession->handle()
#23 C:\\xampp\\htdocs\\laravel-php3\\example-app\\vendor\\laravel\\framework\\src\\Illuminate\\Session\\Middleware\\StartSession.php(121): Illuminate\\Pipeline\\Pipeline->Illuminate\\Pipeline\\{closure}()
#24 C:\\xampp\\htdocs\\laravel-php3\\example-app\\vendor\\laravel\\framework\\src\\Illuminate\\Session\\Middleware\\StartSession.php(64): Illuminate\\Session\\Middleware\\StartSession->handleStatefulRequest()
#25 C:\\xampp\\htdocs\\laravel-php3\\example-app\\vendor\\laravel\\framework\\src\\Illuminate\\Pipeline\\Pipeline.php(209): Illuminate\\Session\\Middleware\\StartSession->handle()
#26 C:\\xampp\\htdocs\\laravel-php3\\example-app\\vendor\\laravel\\framework\\src\\Illuminate\\Cookie\\Middleware\\AddQueuedCookiesToResponse.php(37): Illuminate\\Pipeline\\Pipeline->Illuminate\\Pipeline\\{closure}()
#27 C:\\xampp\\htdocs\\laravel-php3\\example-app\\vendor\\laravel\\framework\\src\\Illuminate\\Pipeline\\Pipeline.php(209): Illuminate\\Cookie\\Middleware\\AddQueuedCookiesToResponse->handle()
#28 C:\\xampp\\htdocs\\laravel-php3\\example-app\\vendor\\laravel\\framework\\src\\Illuminate\\Cookie\\Middleware\\EncryptCookies.php(75): Illuminate\\Pipeline\\Pipeline->Illuminate\\Pipeline\\{closure}()
#29 C:\\xampp\\htdocs\\laravel-php3\\example-app\\vendor\\laravel\\framework\\src\\Illuminate\\Pipeline\\Pipeline.php(209): Illuminate\\Cookie\\Middleware\\EncryptCookies->handle()
#30 C:\\xampp\\htdocs\\laravel-php3\\example-app\\vendor\\laravel\\framework\\src\\Illuminate\\Pipeline\\Pipeline.php(127): Illuminate\\Pipeline\\Pipeline->Illuminate\\Pipeline\\{closure}()
#31 C:\\xampp\\htdocs\\laravel-php3\\example-app\\vendor\\laravel\\framework\\src\\Illuminate\\Routing\\Router.php(807): Illuminate\\Pipeline\\Pipeline->then()
#32 C:\\xampp\\htdocs\\laravel-php3\\example-app\\vendor\\laravel\\framework\\src\\Illuminate\\Routing\\Router.php(786): Illuminate\\Routing\\Router->runRouteWithinStack()
#33 C:\\xampp\\htdocs\\laravel-php3\\example-app\\vendor\\laravel\\framework\\src\\Illuminate\\Routing\\Router.php(750): Illuminate\\Routing\\Router->runRoute()
#34 C:\\xampp\\htdocs\\laravel-php3\\example-app\\vendor\\laravel\\framework\\src\\Illuminate\\Routing\\Router.php(739): Illuminate\\Routing\\Router->dispatchToRoute()
#35 C:\\xampp\\htdocs\\laravel-php3\\example-app\\vendor\\laravel\\framework\\src\\Illuminate\\Foundation\\Http\\Kernel.php(201): Illuminate\\Routing\\Router->dispatch()
#36 C:\\xampp\\htdocs\\laravel-php3\\example-app\\vendor\\laravel\\framework\\src\\Illuminate\\Pipeline\\Pipeline.php(170): Illuminate\\Foundation\\Http\\Kernel->Illuminate\\Foundation\\Http\\{closure}()
#37 C:\\xampp\\htdocs\\laravel-php3\\example-app\\vendor\\laravel\\framework\\src\\Illuminate\\Foundation\\Http\\Middleware\\TransformsRequest.php(21): Illuminate\\Pipeline\\Pipeline->Illuminate\\Pipeline\\{closure}()
#38 C:\\xampp\\htdocs\\laravel-php3\\example-app\\vendor\\laravel\\framework\\src\\Illuminate\\Foundation\\Http\\Middleware\\ConvertEmptyStringsToNull.php(31): Illuminate\\Foundation\\Http\\Middleware\\TransformsRequest->handle()
#39 C:\\xampp\\htdocs\\laravel-php3\\example-app\\vendor\\laravel\\framework\\src\\Illuminate\\Pipeline\\Pipeline.php(209): Illuminate\\Foundation\\Http\\Middleware\\ConvertEmptyStringsToNull->handle()
#40 C:\\xampp\\htdocs\\laravel-php3\\example-app\\vendor\\laravel\\framework\\src\\Illuminate\\Foundation\\Http\\Middleware\\TransformsRequest.php(21): Illuminate\\Pipeline\\Pipeline->Illuminate\\Pipeline\\{closure}()
#41 C:\\xampp\\htdocs\\laravel-php3\\example-app\\vendor\\laravel\\framework\\src\\Illuminate\\Foundation\\Http\\Middleware\\TrimStrings.php(51): Illuminate\\Foundation\\Http\\Middleware\\TransformsRequest->handle()
#42 C:\\xampp\\htdocs\\laravel-php3\\example-app\\vendor\\laravel\\framework\\src\\Illuminate\\Pipeline\\Pipeline.php(209): Illuminate\\Foundation\\Http\\Middleware\\TrimStrings->handle()
#43 C:\\xampp\\htdocs\\laravel-php3\\example-app\\vendor\\laravel\\framework\\src\\Illuminate\\Http\\Middleware\\ValidatePostSize.php(27): Illuminate\\Pipeline\\Pipeline->Illuminate\\Pipeline\\{closure}()
#44 C:\\xampp\\htdocs\\laravel-php3\\example-app\\vendor\\laravel\\framework\\src\\Illuminate\\Pipeline\\Pipeline.php(209): Illuminate\\Http\\Middleware\\ValidatePostSize->handle()
#45 C:\\xampp\\htdocs\\laravel-php3\\example-app\\vendor\\laravel\\framework\\src\\Illuminate\\Foundation\\Http\\Middleware\\PreventRequestsDuringMaintenance.php(110): Illuminate\\Pipeline\\Pipeline->Illuminate\\Pipeline\\{closure}()
#46 C:\\xampp\\htdocs\\laravel-php3\\example-app\\vendor\\laravel\\framework\\src\\Illuminate\\Pipeline\\Pipeline.php(209): Illuminate\\Foundation\\Http\\Middleware\\PreventRequestsDuringMaintenance->handle()
#47 C:\\xampp\\htdocs\\laravel-php3\\example-app\\vendor\\laravel\\framework\\src\\Illuminate\\Http\\Middleware\\HandleCors.php(49): Illuminate\\Pipeline\\Pipeline->Illuminate\\Pipeline\\{closure}()
#48 C:\\xampp\\htdocs\\laravel-php3\\example-app\\vendor\\laravel\\framework\\src\\Illuminate\\Pipeline\\Pipeline.php(209): Illuminate\\Http\\Middleware\\HandleCors->handle()
#49 C:\\xampp\\htdocs\\laravel-php3\\example-app\\vendor\\laravel\\framework\\src\\Illuminate\\Http\\Middleware\\TrustProxies.php(58): Illuminate\\Pipeline\\Pipeline->Illuminate\\Pipeline\\{closure}()
#50 C:\\xampp\\htdocs\\laravel-php3\\example-app\\vendor\\laravel\\framework\\src\\Illuminate\\Pipeline\\Pipeline.php(209): Illuminate\\Http\\Middleware\\TrustProxies->handle()
#51 C:\\xampp\\htdocs\\laravel-php3\\example-app\\vendor\\laravel\\framework\\src\\Illuminate\\Foundation\\Http\\Middleware\\InvokeDeferredCallbacks.php(22): Illuminate\\Pipeline\\Pipeline->Illuminate\\Pipeline\\{closure}()
#52 C:\\xampp\\htdocs\\laravel-php3\\example-app\\vendor\\laravel\\framework\\src\\Illuminate\\Pipeline\\Pipeline.php(209): Illuminate\\Foundation\\Http\\Middleware\\InvokeDeferredCallbacks->handle()
#53 C:\\xampp\\htdocs\\laravel-php3\\example-app\\vendor\\laravel\\framework\\src\\Illuminate\\Http\\Middleware\\ValidatePathEncoding.php(26): Illuminate\\Pipeline\\Pipeline->Illuminate\\Pipeline\\{closure}()
#54 C:\\xampp\\htdocs\\laravel-php3\\example-app\\vendor\\laravel\\framework\\src\\Illuminate\\Pipeline\\Pipeline.php(209): Illuminate\\Http\\Middleware\\ValidatePathEncoding->handle()
#55 C:\\xampp\\htdocs\\laravel-php3\\example-app\\vendor\\laravel\\framework\\src\\Illuminate\\Pipeline\\Pipeline.php(127): Illuminate\\Pipeline\\Pipeline->Illuminate\\Pipeline\\{closure}()
#56 C:\\xampp\\htdocs\\laravel-php3\\example-app\\vendor\\laravel\\framework\\src\\Illuminate\\Foundation\\Http\\Kernel.php(176): Illuminate\\Pipeline\\Pipeline->then()
#57 C:\\xampp\\htdocs\\laravel-php3\\example-app\\vendor\\laravel\\framework\\src\\Illuminate\\Foundation\\Http\\Kernel.php(145): Illuminate\\Foundation\\Http\\Kernel->sendRequestThroughRouter()
#58 C:\\xampp\\htdocs\\laravel-php3\\example-app\\vendor\\laravel\\framework\\src\\Illuminate\\Foundation\\Application.php(1220): Illuminate\\Foundation\\Http\\Kernel->handle()
#59 C:\\xampp\\htdocs\\laravel-php3\\example-app\\public\\index.php(20): Illuminate\\Foundation\\Application->handleRequest()
#60 C:\\xampp\\htdocs\\laravel-php3\\example-app\\vendor\\laravel\\framework\\src\\Illuminate\\Foundation\\resources\\server.php(23): require_once('...')
#61 {main}
"} 
[2025-04-10 01:59:09] local.ERROR: Route [checkout.updateShipping] not defined. (View: C:\xampp\htdocs\laravel-php3\example-app\resources\views\checkout\list.blade.php) {"userId":1,"exception":"[object] (Illuminate\\View\\ViewException(code: 0): Route [checkout.updateShipping] not defined. (View: C:\\xampp\\htdocs\\laravel-php3\\example-app\\resources\\views\\checkout\\list.blade.php) at C:\\xampp\\htdocs\\laravel-php3\\example-app\\vendor\\laravel\\framework\\src\\Illuminate\\Routing\\UrlGenerator.php:527)
[stacktrace]
#0 C:\\xampp\\htdocs\\laravel-php3\\example-app\\vendor\\laravel\\framework\\src\\Illuminate\\View\\Engines\\PhpEngine.php(60): Illuminate\\View\\Engines\\CompilerEngine->handleViewException()
#1 C:\\xampp\\htdocs\\laravel-php3\\example-app\\vendor\\laravel\\framework\\src\\Illuminate\\View\\Engines\\CompilerEngine.php(75): Illuminate\\View\\Engines\\PhpEngine->evaluatePath()
#2 C:\\xampp\\htdocs\\laravel-php3\\example-app\\vendor\\laravel\\framework\\src\\Illuminate\\View\\View.php(209): Illuminate\\View\\Engines\\CompilerEngine->get()
#3 C:\\xampp\\htdocs\\laravel-php3\\example-app\\vendor\\laravel\\framework\\src\\Illuminate\\View\\View.php(192): Illuminate\\View\\View->getContents()
#4 C:\\xampp\\htdocs\\laravel-php3\\example-app\\vendor\\laravel\\framework\\src\\Illuminate\\View\\View.php(161): Illuminate\\View\\View->renderContents()
#5 C:\\xampp\\htdocs\\laravel-php3\\example-app\\vendor\\laravel\\framework\\src\\Illuminate\\Http\\Response.php(79): Illuminate\\View\\View->render()
#6 C:\\xampp\\htdocs\\laravel-php3\\example-app\\vendor\\laravel\\framework\\src\\Illuminate\\Http\\Response.php(35): Illuminate\\Http\\Response->setContent()
#7 C:\\xampp\\htdocs\\laravel-php3\\example-app\\vendor\\laravel\\framework\\src\\Illuminate\\Routing\\Router.php(920): Illuminate\\Http\\Response->__construct()
#8 C:\\xampp\\htdocs\\laravel-php3\\example-app\\vendor\\laravel\\framework\\src\\Illuminate\\Routing\\Router.php(887): Illuminate\\Routing\\Router::toResponse()
#9 C:\\xampp\\htdocs\\laravel-php3\\example-app\\vendor\\laravel\\framework\\src\\Illuminate\\Routing\\Router.php(807): Illuminate\\Routing\\Router->prepareResponse()
#10 C:\\xampp\\htdocs\\laravel-php3\\example-app\\vendor\\laravel\\framework\\src\\Illuminate\\Pipeline\\Pipeline.php(170): Illuminate\\Routing\\Router->Illuminate\\Routing\\{closure}()
#11 C:\\xampp\\htdocs\\laravel-php3\\example-app\\vendor\\laravel\\framework\\src\\Illuminate\\Routing\\Middleware\\SubstituteBindings.php(51): Illuminate\\Pipeline\\Pipeline->Illuminate\\Pipeline\\{closure}()
#12 C:\\xampp\\htdocs\\laravel-php3\\example-app\\vendor\\laravel\\framework\\src\\Illuminate\\Pipeline\\Pipeline.php(209): Illuminate\\Routing\\Middleware\\SubstituteBindings->handle()
#13 C:\\xampp\\htdocs\\laravel-php3\\example-app\\vendor\\laravel\\framework\\src\\Illuminate\\Auth\\Middleware\\Authenticate.php(64): Illuminate\\Pipeline\\Pipeline->Illuminate\\Pipeline\\{closure}()
#14 C:\\xampp\\htdocs\\laravel-php3\\example-app\\vendor\\laravel\\framework\\src\\Illuminate\\Pipeline\\Pipeline.php(209): Illuminate\\Auth\\Middleware\\Authenticate->handle()
#15 C:\\xampp\\htdocs\\laravel-php3\\example-app\\vendor\\laravel\\framework\\src\\Illuminate\\Foundation\\Http\\Middleware\\VerifyCsrfToken.php(88): Illuminate\\Pipeline\\Pipeline->Illuminate\\Pipeline\\{closure}()
#16 C:\\xampp\\htdocs\\laravel-php3\\example-app\\vendor\\laravel\\framework\\src\\Illuminate\\Pipeline\\Pipeline.php(209): Illuminate\\Foundation\\Http\\Middleware\\VerifyCsrfToken->handle()
#17 C:\\xampp\\htdocs\\laravel-php3\\example-app\\vendor\\laravel\\framework\\src\\Illuminate\\View\\Middleware\\ShareErrorsFromSession.php(49): Illuminate\\Pipeline\\Pipeline->Illuminate\\Pipeline\\{closure}()
#18 C:\\xampp\\htdocs\\laravel-php3\\example-app\\vendor\\laravel\\framework\\src\\Illuminate\\Pipeline\\Pipeline.php(209): Illuminate\\View\\Middleware\\ShareErrorsFromSession->handle()
#19 C:\\xampp\\htdocs\\laravel-php3\\example-app\\vendor\\laravel\\framework\\src\\Illuminate\\Session\\Middleware\\StartSession.php(121): Illuminate\\Pipeline\\Pipeline->Illuminate\\Pipeline\\{closure}()
#20 C:\\xampp\\htdocs\\laravel-php3\\example-app\\vendor\\laravel\\framework\\src\\Illuminate\\Session\\Middleware\\StartSession.php(64): Illuminate\\Session\\Middleware\\StartSession->handleStatefulRequest()
#21 C:\\xampp\\htdocs\\laravel-php3\\example-app\\vendor\\laravel\\framework\\src\\Illuminate\\Pipeline\\Pipeline.php(209): Illuminate\\Session\\Middleware\\StartSession->handle()
#22 C:\\xampp\\htdocs\\laravel-php3\\example-app\\vendor\\laravel\\framework\\src\\Illuminate\\Cookie\\Middleware\\AddQueuedCookiesToResponse.php(37): Illuminate\\Pipeline\\Pipeline->Illuminate\\Pipeline\\{closure}()
#23 C:\\xampp\\htdocs\\laravel-php3\\example-app\\vendor\\laravel\\framework\\src\\Illuminate\\Pipeline\\Pipeline.php(209): Illuminate\\Cookie\\Middleware\\AddQueuedCookiesToResponse->handle()
#24 C:\\xampp\\htdocs\\laravel-php3\\example-app\\vendor\\laravel\\framework\\src\\Illuminate\\Cookie\\Middleware\\EncryptCookies.php(75): Illuminate\\Pipeline\\Pipeline->Illuminate\\Pipeline\\{closure}()
#25 C:\\xampp\\htdocs\\laravel-php3\\example-app\\vendor\\laravel\\framework\\src\\Illuminate\\Pipeline\\Pipeline.php(209): Illuminate\\Cookie\\Middleware\\EncryptCookies->handle()
#26 C:\\xampp\\htdocs\\laravel-php3\\example-app\\vendor\\laravel\\framework\\src\\Illuminate\\Pipeline\\Pipeline.php(127): Illuminate\\Pipeline\\Pipeline->Illuminate\\Pipeline\\{closure}()
#27 C:\\xampp\\htdocs\\laravel-php3\\example-app\\vendor\\laravel\\framework\\src\\Illuminate\\Routing\\Router.php(807): Illuminate\\Pipeline\\Pipeline->then()
#28 C:\\xampp\\htdocs\\laravel-php3\\example-app\\vendor\\laravel\\framework\\src\\Illuminate\\Routing\\Router.php(786): Illuminate\\Routing\\Router->runRouteWithinStack()
#29 C:\\xampp\\htdocs\\laravel-php3\\example-app\\vendor\\laravel\\framework\\src\\Illuminate\\Routing\\Router.php(750): Illuminate\\Routing\\Router->runRoute()
#30 C:\\xampp\\htdocs\\laravel-php3\\example-app\\vendor\\laravel\\framework\\src\\Illuminate\\Routing\\Router.php(739): Illuminate\\Routing\\Router->dispatchToRoute()
#31 C:\\xampp\\htdocs\\laravel-php3\\example-app\\vendor\\laravel\\framework\\src\\Illuminate\\Foundation\\Http\\Kernel.php(201): Illuminate\\Routing\\Router->dispatch()
#32 C:\\xampp\\htdocs\\laravel-php3\\example-app\\vendor\\laravel\\framework\\src\\Illuminate\\Pipeline\\Pipeline.php(170): Illuminate\\Foundation\\Http\\Kernel->Illuminate\\Foundation\\Http\\{closure}()
#33 C:\\xampp\\htdocs\\laravel-php3\\example-app\\vendor\\laravel\\framework\\src\\Illuminate\\Foundation\\Http\\Middleware\\TransformsRequest.php(21): Illuminate\\Pipeline\\Pipeline->Illuminate\\Pipeline\\{closure}()
#34 C:\\xampp\\htdocs\\laravel-php3\\example-app\\vendor\\laravel\\framework\\src\\Illuminate\\Foundation\\Http\\Middleware\\ConvertEmptyStringsToNull.php(31): Illuminate\\Foundation\\Http\\Middleware\\TransformsRequest->handle()
#35 C:\\xampp\\htdocs\\laravel-php3\\example-app\\vendor\\laravel\\framework\\src\\Illuminate\\Pipeline\\Pipeline.php(209): Illuminate\\Foundation\\Http\\Middleware\\ConvertEmptyStringsToNull->handle()
#36 C:\\xampp\\htdocs\\laravel-php3\\example-app\\vendor\\laravel\\framework\\src\\Illuminate\\Foundation\\Http\\Middleware\\TransformsRequest.php(21): Illuminate\\Pipeline\\Pipeline->Illuminate\\Pipeline\\{closure}()
#37 C:\\xampp\\htdocs\\laravel-php3\\example-app\\vendor\\laravel\\framework\\src\\Illuminate\\Foundation\\Http\\Middleware\\TrimStrings.php(51): Illuminate\\Foundation\\Http\\Middleware\\TransformsRequest->handle()
#38 C:\\xampp\\htdocs\\laravel-php3\\example-app\\vendor\\laravel\\framework\\src\\Illuminate\\Pipeline\\Pipeline.php(209): Illuminate\\Foundation\\Http\\Middleware\\TrimStrings->handle()
#39 C:\\xampp\\htdocs\\laravel-php3\\example-app\\vendor\\laravel\\framework\\src\\Illuminate\\Http\\Middleware\\ValidatePostSize.php(27): Illuminate\\Pipeline\\Pipeline->Illuminate\\Pipeline\\{closure}()
#40 C:\\xampp\\htdocs\\laravel-php3\\example-app\\vendor\\laravel\\framework\\src\\Illuminate\\Pipeline\\Pipeline.php(209): Illuminate\\Http\\Middleware\\ValidatePostSize->handle()
#41 C:\\xampp\\htdocs\\laravel-php3\\example-app\\vendor\\laravel\\framework\\src\\Illuminate\\Foundation\\Http\\Middleware\\PreventRequestsDuringMaintenance.php(110): Illuminate\\Pipeline\\Pipeline->Illuminate\\Pipeline\\{closure}()
#42 C:\\xampp\\htdocs\\laravel-php3\\example-app\\vendor\\laravel\\framework\\src\\Illuminate\\Pipeline\\Pipeline.php(209): Illuminate\\Foundation\\Http\\Middleware\\PreventRequestsDuringMaintenance->handle()
#43 C:\\xampp\\htdocs\\laravel-php3\\example-app\\vendor\\laravel\\framework\\src\\Illuminate\\Http\\Middleware\\HandleCors.php(49): Illuminate\\Pipeline\\Pipeline->Illuminate\\Pipeline\\{closure}()
#44 C:\\xampp\\htdocs\\laravel-php3\\example-app\\vendor\\laravel\\framework\\src\\Illuminate\\Pipeline\\Pipeline.php(209): Illuminate\\Http\\Middleware\\HandleCors->handle()
#45 C:\\xampp\\htdocs\\laravel-php3\\example-app\\vendor\\laravel\\framework\\src\\Illuminate\\Http\\Middleware\\TrustProxies.php(58): Illuminate\\Pipeline\\Pipeline->Illuminate\\Pipeline\\{closure}()
#46 C:\\xampp\\htdocs\\laravel-php3\\example-app\\vendor\\laravel\\framework\\src\\Illuminate\\Pipeline\\Pipeline.php(209): Illuminate\\Http\\Middleware\\TrustProxies->handle()
#47 C:\\xampp\\htdocs\\laravel-php3\\example-app\\vendor\\laravel\\framework\\src\\Illuminate\\Foundation\\Http\\Middleware\\InvokeDeferredCallbacks.php(22): Illuminate\\Pipeline\\Pipeline->Illuminate\\Pipeline\\{closure}()
#48 C:\\xampp\\htdocs\\laravel-php3\\example-app\\vendor\\laravel\\framework\\src\\Illuminate\\Pipeline\\Pipeline.php(209): Illuminate\\Foundation\\Http\\Middleware\\InvokeDeferredCallbacks->handle()
#49 C:\\xampp\\htdocs\\laravel-php3\\example-app\\vendor\\laravel\\framework\\src\\Illuminate\\Http\\Middleware\\ValidatePathEncoding.php(26): Illuminate\\Pipeline\\Pipeline->Illuminate\\Pipeline\\{closure}()
#50 C:\\xampp\\htdocs\\laravel-php3\\example-app\\vendor\\laravel\\framework\\src\\Illuminate\\Pipeline\\Pipeline.php(209): Illuminate\\Http\\Middleware\\ValidatePathEncoding->handle()
#51 C:\\xampp\\htdocs\\laravel-php3\\example-app\\vendor\\laravel\\framework\\src\\Illuminate\\Pipeline\\Pipeline.php(127): Illuminate\\Pipeline\\Pipeline->Illuminate\\Pipeline\\{closure}()
#52 C:\\xampp\\htdocs\\laravel-php3\\example-app\\vendor\\laravel\\framework\\src\\Illuminate\\Foundation\\Http\\Kernel.php(176): Illuminate\\Pipeline\\Pipeline->then()
#53 C:\\xampp\\htdocs\\laravel-php3\\example-app\\vendor\\laravel\\framework\\src\\Illuminate\\Foundation\\Http\\Kernel.php(145): Illuminate\\Foundation\\Http\\Kernel->sendRequestThroughRouter()
#54 C:\\xampp\\htdocs\\laravel-php3\\example-app\\vendor\\laravel\\framework\\src\\Illuminate\\Foundation\\Application.php(1220): Illuminate\\Foundation\\Http\\Kernel->handle()
#55 C:\\xampp\\htdocs\\laravel-php3\\example-app\\public\\index.php(20): Illuminate\\Foundation\\Application->handleRequest()
#56 C:\\xampp\\htdocs\\laravel-php3\\example-app\\vendor\\laravel\\framework\\src\\Illuminate\\Foundation\\resources\\server.php(23): require_once('...')
#57 {main}

[previous exception] [object] (Symfony\\Component\\Routing\\Exception\\RouteNotFoundException(code: 0): Route [checkout.updateShipping] not defined. at C:\\xampp\\htdocs\\laravel-php3\\example-app\\vendor\\laravel\\framework\\src\\Illuminate\\Routing\\UrlGenerator.php:527)
[stacktrace]
#0 C:\\xampp\\htdocs\\laravel-php3\\example-app\\vendor\\laravel\\framework\\src\\Illuminate\\Foundation\\helpers.php(853): Illuminate\\Routing\\UrlGenerator->route()
#1 C:\\xampp\\htdocs\\laravel-php3\\example-app\\storage\\framework\\views\\8575a407386200d9efaf357fd78fcd3f.php(33): route()
#2 C:\\xampp\\htdocs\\laravel-php3\\example-app\\vendor\\laravel\\framework\\src\\Illuminate\\Filesystem\\Filesystem.php(123): require('...')
#3 C:\\xampp\\htdocs\\laravel-php3\\example-app\\vendor\\laravel\\framework\\src\\Illuminate\\Filesystem\\Filesystem.php(124): Illuminate\\Filesystem\\Filesystem::Illuminate\\Filesystem\\{closure}()
#4 C:\\xampp\\htdocs\\laravel-php3\\example-app\\vendor\\laravel\\framework\\src\\Illuminate\\View\\Engines\\PhpEngine.php(58): Illuminate\\Filesystem\\Filesystem->getRequire()
#5 C:\\xampp\\htdocs\\laravel-php3\\example-app\\vendor\\laravel\\framework\\src\\Illuminate\\View\\Engines\\CompilerEngine.php(75): Illuminate\\View\\Engines\\PhpEngine->evaluatePath()
#6 C:\\xampp\\htdocs\\laravel-php3\\example-app\\vendor\\laravel\\framework\\src\\Illuminate\\View\\View.php(209): Illuminate\\View\\Engines\\CompilerEngine->get()
#7 C:\\xampp\\htdocs\\laravel-php3\\example-app\\vendor\\laravel\\framework\\src\\Illuminate\\View\\View.php(192): Illuminate\\View\\View->getContents()
#8 C:\\xampp\\htdocs\\laravel-php3\\example-app\\vendor\\laravel\\framework\\src\\Illuminate\\View\\View.php(161): Illuminate\\View\\View->renderContents()
#9 C:\\xampp\\htdocs\\laravel-php3\\example-app\\vendor\\laravel\\framework\\src\\Illuminate\\Http\\Response.php(79): Illuminate\\View\\View->render()
#10 C:\\xampp\\htdocs\\laravel-php3\\example-app\\vendor\\laravel\\framework\\src\\Illuminate\\Http\\Response.php(35): Illuminate\\Http\\Response->setContent()
#11 C:\\xampp\\htdocs\\laravel-php3\\example-app\\vendor\\laravel\\framework\\src\\Illuminate\\Routing\\Router.php(920): Illuminate\\Http\\Response->__construct()
#12 C:\\xampp\\htdocs\\laravel-php3\\example-app\\vendor\\laravel\\framework\\src\\Illuminate\\Routing\\Router.php(887): Illuminate\\Routing\\Router::toResponse()
#13 C:\\xampp\\htdocs\\laravel-php3\\example-app\\vendor\\laravel\\framework\\src\\Illuminate\\Routing\\Router.php(807): Illuminate\\Routing\\Router->prepareResponse()
#14 C:\\xampp\\htdocs\\laravel-php3\\example-app\\vendor\\laravel\\framework\\src\\Illuminate\\Pipeline\\Pipeline.php(170): Illuminate\\Routing\\Router->Illuminate\\Routing\\{closure}()
#15 C:\\xampp\\htdocs\\laravel-php3\\example-app\\vendor\\laravel\\framework\\src\\Illuminate\\Routing\\Middleware\\SubstituteBindings.php(51): Illuminate\\Pipeline\\Pipeline->Illuminate\\Pipeline\\{closure}()
#16 C:\\xampp\\htdocs\\laravel-php3\\example-app\\vendor\\laravel\\framework\\src\\Illuminate\\Pipeline\\Pipeline.php(209): Illuminate\\Routing\\Middleware\\SubstituteBindings->handle()
#17 C:\\xampp\\htdocs\\laravel-php3\\example-app\\vendor\\laravel\\framework\\src\\Illuminate\\Auth\\Middleware\\Authenticate.php(64): Illuminate\\Pipeline\\Pipeline->Illuminate\\Pipeline\\{closure}()
#18 C:\\xampp\\htdocs\\laravel-php3\\example-app\\vendor\\laravel\\framework\\src\\Illuminate\\Pipeline\\Pipeline.php(209): Illuminate\\Auth\\Middleware\\Authenticate->handle()
#19 C:\\xampp\\htdocs\\laravel-php3\\example-app\\vendor\\laravel\\framework\\src\\Illuminate\\Foundation\\Http\\Middleware\\VerifyCsrfToken.php(88): Illuminate\\Pipeline\\Pipeline->Illuminate\\Pipeline\\{closure}()
#20 C:\\xampp\\htdocs\\laravel-php3\\example-app\\vendor\\laravel\\framework\\src\\Illuminate\\Pipeline\\Pipeline.php(209): Illuminate\\Foundation\\Http\\Middleware\\VerifyCsrfToken->handle()
#21 C:\\xampp\\htdocs\\laravel-php3\\example-app\\vendor\\laravel\\framework\\src\\Illuminate\\View\\Middleware\\ShareErrorsFromSession.php(49): Illuminate\\Pipeline\\Pipeline->Illuminate\\Pipeline\\{closure}()
#22 C:\\xampp\\htdocs\\laravel-php3\\example-app\\vendor\\laravel\\framework\\src\\Illuminate\\Pipeline\\Pipeline.php(209): Illuminate\\View\\Middleware\\ShareErrorsFromSession->handle()
#23 C:\\xampp\\htdocs\\laravel-php3\\example-app\\vendor\\laravel\\framework\\src\\Illuminate\\Session\\Middleware\\StartSession.php(121): Illuminate\\Pipeline\\Pipeline->Illuminate\\Pipeline\\{closure}()
#24 C:\\xampp\\htdocs\\laravel-php3\\example-app\\vendor\\laravel\\framework\\src\\Illuminate\\Session\\Middleware\\StartSession.php(64): Illuminate\\Session\\Middleware\\StartSession->handleStatefulRequest()
#25 C:\\xampp\\htdocs\\laravel-php3\\example-app\\vendor\\laravel\\framework\\src\\Illuminate\\Pipeline\\Pipeline.php(209): Illuminate\\Session\\Middleware\\StartSession->handle()
#26 C:\\xampp\\htdocs\\laravel-php3\\example-app\\vendor\\laravel\\framework\\src\\Illuminate\\Cookie\\Middleware\\AddQueuedCookiesToResponse.php(37): Illuminate\\Pipeline\\Pipeline->Illuminate\\Pipeline\\{closure}()
#27 C:\\xampp\\htdocs\\laravel-php3\\example-app\\vendor\\laravel\\framework\\src\\Illuminate\\Pipeline\\Pipeline.php(209): Illuminate\\Cookie\\Middleware\\AddQueuedCookiesToResponse->handle()
#28 C:\\xampp\\htdocs\\laravel-php3\\example-app\\vendor\\laravel\\framework\\src\\Illuminate\\Cookie\\Middleware\\EncryptCookies.php(75): Illuminate\\Pipeline\\Pipeline->Illuminate\\Pipeline\\{closure}()
#29 C:\\xampp\\htdocs\\laravel-php3\\example-app\\vendor\\laravel\\framework\\src\\Illuminate\\Pipeline\\Pipeline.php(209): Illuminate\\Cookie\\Middleware\\EncryptCookies->handle()
#30 C:\\xampp\\htdocs\\laravel-php3\\example-app\\vendor\\laravel\\framework\\src\\Illuminate\\Pipeline\\Pipeline.php(127): Illuminate\\Pipeline\\Pipeline->Illuminate\\Pipeline\\{closure}()
#31 C:\\xampp\\htdocs\\laravel-php3\\example-app\\vendor\\laravel\\framework\\src\\Illuminate\\Routing\\Router.php(807): Illuminate\\Pipeline\\Pipeline->then()
#32 C:\\xampp\\htdocs\\laravel-php3\\example-app\\vendor\\laravel\\framework\\src\\Illuminate\\Routing\\Router.php(786): Illuminate\\Routing\\Router->runRouteWithinStack()
#33 C:\\xampp\\htdocs\\laravel-php3\\example-app\\vendor\\laravel\\framework\\src\\Illuminate\\Routing\\Router.php(750): Illuminate\\Routing\\Router->runRoute()
#34 C:\\xampp\\htdocs\\laravel-php3\\example-app\\vendor\\laravel\\framework\\src\\Illuminate\\Routing\\Router.php(739): Illuminate\\Routing\\Router->dispatchToRoute()
#35 C:\\xampp\\htdocs\\laravel-php3\\example-app\\vendor\\laravel\\framework\\src\\Illuminate\\Foundation\\Http\\Kernel.php(201): Illuminate\\Routing\\Router->dispatch()
#36 C:\\xampp\\htdocs\\laravel-php3\\example-app\\vendor\\laravel\\framework\\src\\Illuminate\\Pipeline\\Pipeline.php(170): Illuminate\\Foundation\\Http\\Kernel->Illuminate\\Foundation\\Http\\{closure}()
#37 C:\\xampp\\htdocs\\laravel-php3\\example-app\\vendor\\laravel\\framework\\src\\Illuminate\\Foundation\\Http\\Middleware\\TransformsRequest.php(21): Illuminate\\Pipeline\\Pipeline->Illuminate\\Pipeline\\{closure}()
#38 C:\\xampp\\htdocs\\laravel-php3\\example-app\\vendor\\laravel\\framework\\src\\Illuminate\\Foundation\\Http\\Middleware\\ConvertEmptyStringsToNull.php(31): Illuminate\\Foundation\\Http\\Middleware\\TransformsRequest->handle()
#39 C:\\xampp\\htdocs\\laravel-php3\\example-app\\vendor\\laravel\\framework\\src\\Illuminate\\Pipeline\\Pipeline.php(209): Illuminate\\Foundation\\Http\\Middleware\\ConvertEmptyStringsToNull->handle()
#40 C:\\xampp\\htdocs\\laravel-php3\\example-app\\vendor\\laravel\\framework\\src\\Illuminate\\Foundation\\Http\\Middleware\\TransformsRequest.php(21): Illuminate\\Pipeline\\Pipeline->Illuminate\\Pipeline\\{closure}()
#41 C:\\xampp\\htdocs\\laravel-php3\\example-app\\vendor\\laravel\\framework\\src\\Illuminate\\Foundation\\Http\\Middleware\\TrimStrings.php(51): Illuminate\\Foundation\\Http\\Middleware\\TransformsRequest->handle()
#42 C:\\xampp\\htdocs\\laravel-php3\\example-app\\vendor\\laravel\\framework\\src\\Illuminate\\Pipeline\\Pipeline.php(209): Illuminate\\Foundation\\Http\\Middleware\\TrimStrings->handle()
#43 C:\\xampp\\htdocs\\laravel-php3\\example-app\\vendor\\laravel\\framework\\src\\Illuminate\\Http\\Middleware\\ValidatePostSize.php(27): Illuminate\\Pipeline\\Pipeline->Illuminate\\Pipeline\\{closure}()
#44 C:\\xampp\\htdocs\\laravel-php3\\example-app\\vendor\\laravel\\framework\\src\\Illuminate\\Pipeline\\Pipeline.php(209): Illuminate\\Http\\Middleware\\ValidatePostSize->handle()
#45 C:\\xampp\\htdocs\\laravel-php3\\example-app\\vendor\\laravel\\framework\\src\\Illuminate\\Foundation\\Http\\Middleware\\PreventRequestsDuringMaintenance.php(110): Illuminate\\Pipeline\\Pipeline->Illuminate\\Pipeline\\{closure}()
#46 C:\\xampp\\htdocs\\laravel-php3\\example-app\\vendor\\laravel\\framework\\src\\Illuminate\\Pipeline\\Pipeline.php(209): Illuminate\\Foundation\\Http\\Middleware\\PreventRequestsDuringMaintenance->handle()
#47 C:\\xampp\\htdocs\\laravel-php3\\example-app\\vendor\\laravel\\framework\\src\\Illuminate\\Http\\Middleware\\HandleCors.php(49): Illuminate\\Pipeline\\Pipeline->Illuminate\\Pipeline\\{closure}()
#48 C:\\xampp\\htdocs\\laravel-php3\\example-app\\vendor\\laravel\\framework\\src\\Illuminate\\Pipeline\\Pipeline.php(209): Illuminate\\Http\\Middleware\\HandleCors->handle()
#49 C:\\xampp\\htdocs\\laravel-php3\\example-app\\vendor\\laravel\\framework\\src\\Illuminate\\Http\\Middleware\\TrustProxies.php(58): Illuminate\\Pipeline\\Pipeline->Illuminate\\Pipeline\\{closure}()
#50 C:\\xampp\\htdocs\\laravel-php3\\example-app\\vendor\\laravel\\framework\\src\\Illuminate\\Pipeline\\Pipeline.php(209): Illuminate\\Http\\Middleware\\TrustProxies->handle()
#51 C:\\xampp\\htdocs\\laravel-php3\\example-app\\vendor\\laravel\\framework\\src\\Illuminate\\Foundation\\Http\\Middleware\\InvokeDeferredCallbacks.php(22): Illuminate\\Pipeline\\Pipeline->Illuminate\\Pipeline\\{closure}()
#52 C:\\xampp\\htdocs\\laravel-php3\\example-app\\vendor\\laravel\\framework\\src\\Illuminate\\Pipeline\\Pipeline.php(209): Illuminate\\Foundation\\Http\\Middleware\\InvokeDeferredCallbacks->handle()
#53 C:\\xampp\\htdocs\\laravel-php3\\example-app\\vendor\\laravel\\framework\\src\\Illuminate\\Http\\Middleware\\ValidatePathEncoding.php(26): Illuminate\\Pipeline\\Pipeline->Illuminate\\Pipeline\\{closure}()
#54 C:\\xampp\\htdocs\\laravel-php3\\example-app\\vendor\\laravel\\framework\\src\\Illuminate\\Pipeline\\Pipeline.php(209): Illuminate\\Http\\Middleware\\ValidatePathEncoding->handle()
#55 C:\\xampp\\htdocs\\laravel-php3\\example-app\\vendor\\laravel\\framework\\src\\Illuminate\\Pipeline\\Pipeline.php(127): Illuminate\\Pipeline\\Pipeline->Illuminate\\Pipeline\\{closure}()
#56 C:\\xampp\\htdocs\\laravel-php3\\example-app\\vendor\\laravel\\framework\\src\\Illuminate\\Foundation\\Http\\Kernel.php(176): Illuminate\\Pipeline\\Pipeline->then()
#57 C:\\xampp\\htdocs\\laravel-php3\\example-app\\vendor\\laravel\\framework\\src\\Illuminate\\Foundation\\Http\\Kernel.php(145): Illuminate\\Foundation\\Http\\Kernel->sendRequestThroughRouter()
#58 C:\\xampp\\htdocs\\laravel-php3\\example-app\\vendor\\laravel\\framework\\src\\Illuminate\\Foundation\\Application.php(1220): Illuminate\\Foundation\\Http\\Kernel->handle()
#59 C:\\xampp\\htdocs\\laravel-php3\\example-app\\public\\index.php(20): Illuminate\\Foundation\\Application->handleRequest()
#60 C:\\xampp\\htdocs\\laravel-php3\\example-app\\vendor\\laravel\\framework\\src\\Illuminate\\Foundation\\resources\\server.php(23): require_once('...')
#61 {main}
"} 
[2025-04-10 01:59:15] local.ERROR: Route [checkout.updateShipping] not defined. (View: C:\xampp\htdocs\laravel-php3\example-app\resources\views\checkout\list.blade.php) {"userId":1,"exception":"[object] (Illuminate\\View\\ViewException(code: 0): Route [checkout.updateShipping] not defined. (View: C:\\xampp\\htdocs\\laravel-php3\\example-app\\resources\\views\\checkout\\list.blade.php) at C:\\xampp\\htdocs\\laravel-php3\\example-app\\vendor\\laravel\\framework\\src\\Illuminate\\Routing\\UrlGenerator.php:527)
[stacktrace]
#0 C:\\xampp\\htdocs\\laravel-php3\\example-app\\vendor\\laravel\\framework\\src\\Illuminate\\View\\Engines\\PhpEngine.php(60): Illuminate\\View\\Engines\\CompilerEngine->handleViewException()
#1 C:\\xampp\\htdocs\\laravel-php3\\example-app\\vendor\\laravel\\framework\\src\\Illuminate\\View\\Engines\\CompilerEngine.php(75): Illuminate\\View\\Engines\\PhpEngine->evaluatePath()
#2 C:\\xampp\\htdocs\\laravel-php3\\example-app\\vendor\\laravel\\framework\\src\\Illuminate\\View\\View.php(209): Illuminate\\View\\Engines\\CompilerEngine->get()
#3 C:\\xampp\\htdocs\\laravel-php3\\example-app\\vendor\\laravel\\framework\\src\\Illuminate\\View\\View.php(192): Illuminate\\View\\View->getContents()
#4 C:\\xampp\\htdocs\\laravel-php3\\example-app\\vendor\\laravel\\framework\\src\\Illuminate\\View\\View.php(161): Illuminate\\View\\View->renderContents()
#5 C:\\xampp\\htdocs\\laravel-php3\\example-app\\vendor\\laravel\\framework\\src\\Illuminate\\Http\\Response.php(79): Illuminate\\View\\View->render()
#6 C:\\xampp\\htdocs\\laravel-php3\\example-app\\vendor\\laravel\\framework\\src\\Illuminate\\Http\\Response.php(35): Illuminate\\Http\\Response->setContent()
#7 C:\\xampp\\htdocs\\laravel-php3\\example-app\\vendor\\laravel\\framework\\src\\Illuminate\\Routing\\Router.php(920): Illuminate\\Http\\Response->__construct()
#8 C:\\xampp\\htdocs\\laravel-php3\\example-app\\vendor\\laravel\\framework\\src\\Illuminate\\Routing\\Router.php(887): Illuminate\\Routing\\Router::toResponse()
#9 C:\\xampp\\htdocs\\laravel-php3\\example-app\\vendor\\laravel\\framework\\src\\Illuminate\\Routing\\Router.php(807): Illuminate\\Routing\\Router->prepareResponse()
#10 C:\\xampp\\htdocs\\laravel-php3\\example-app\\vendor\\laravel\\framework\\src\\Illuminate\\Pipeline\\Pipeline.php(170): Illuminate\\Routing\\Router->Illuminate\\Routing\\{closure}()
#11 C:\\xampp\\htdocs\\laravel-php3\\example-app\\vendor\\laravel\\framework\\src\\Illuminate\\Routing\\Middleware\\SubstituteBindings.php(51): Illuminate\\Pipeline\\Pipeline->Illuminate\\Pipeline\\{closure}()
#12 C:\\xampp\\htdocs\\laravel-php3\\example-app\\vendor\\laravel\\framework\\src\\Illuminate\\Pipeline\\Pipeline.php(209): Illuminate\\Routing\\Middleware\\SubstituteBindings->handle()
#13 C:\\xampp\\htdocs\\laravel-php3\\example-app\\vendor\\laravel\\framework\\src\\Illuminate\\Auth\\Middleware\\Authenticate.php(64): Illuminate\\Pipeline\\Pipeline->Illuminate\\Pipeline\\{closure}()
#14 C:\\xampp\\htdocs\\laravel-php3\\example-app\\vendor\\laravel\\framework\\src\\Illuminate\\Pipeline\\Pipeline.php(209): Illuminate\\Auth\\Middleware\\Authenticate->handle()
#15 C:\\xampp\\htdocs\\laravel-php3\\example-app\\vendor\\laravel\\framework\\src\\Illuminate\\Foundation\\Http\\Middleware\\VerifyCsrfToken.php(88): Illuminate\\Pipeline\\Pipeline->Illuminate\\Pipeline\\{closure}()
#16 C:\\xampp\\htdocs\\laravel-php3\\example-app\\vendor\\laravel\\framework\\src\\Illuminate\\Pipeline\\Pipeline.php(209): Illuminate\\Foundation\\Http\\Middleware\\VerifyCsrfToken->handle()
#17 C:\\xampp\\htdocs\\laravel-php3\\example-app\\vendor\\laravel\\framework\\src\\Illuminate\\View\\Middleware\\ShareErrorsFromSession.php(49): Illuminate\\Pipeline\\Pipeline->Illuminate\\Pipeline\\{closure}()
#18 C:\\xampp\\htdocs\\laravel-php3\\example-app\\vendor\\laravel\\framework\\src\\Illuminate\\Pipeline\\Pipeline.php(209): Illuminate\\View\\Middleware\\ShareErrorsFromSession->handle()
#19 C:\\xampp\\htdocs\\laravel-php3\\example-app\\vendor\\laravel\\framework\\src\\Illuminate\\Session\\Middleware\\StartSession.php(121): Illuminate\\Pipeline\\Pipeline->Illuminate\\Pipeline\\{closure}()
#20 C:\\xampp\\htdocs\\laravel-php3\\example-app\\vendor\\laravel\\framework\\src\\Illuminate\\Session\\Middleware\\StartSession.php(64): Illuminate\\Session\\Middleware\\StartSession->handleStatefulRequest()
#21 C:\\xampp\\htdocs\\laravel-php3\\example-app\\vendor\\laravel\\framework\\src\\Illuminate\\Pipeline\\Pipeline.php(209): Illuminate\\Session\\Middleware\\StartSession->handle()
#22 C:\\xampp\\htdocs\\laravel-php3\\example-app\\vendor\\laravel\\framework\\src\\Illuminate\\Cookie\\Middleware\\AddQueuedCookiesToResponse.php(37): Illuminate\\Pipeline\\Pipeline->Illuminate\\Pipeline\\{closure}()
#23 C:\\xampp\\htdocs\\laravel-php3\\example-app\\vendor\\laravel\\framework\\src\\Illuminate\\Pipeline\\Pipeline.php(209): Illuminate\\Cookie\\Middleware\\AddQueuedCookiesToResponse->handle()
#24 C:\\xampp\\htdocs\\laravel-php3\\example-app\\vendor\\laravel\\framework\\src\\Illuminate\\Cookie\\Middleware\\EncryptCookies.php(75): Illuminate\\Pipeline\\Pipeline->Illuminate\\Pipeline\\{closure}()
#25 C:\\xampp\\htdocs\\laravel-php3\\example-app\\vendor\\laravel\\framework\\src\\Illuminate\\Pipeline\\Pipeline.php(209): Illuminate\\Cookie\\Middleware\\EncryptCookies->handle()
#26 C:\\xampp\\htdocs\\laravel-php3\\example-app\\vendor\\laravel\\framework\\src\\Illuminate\\Pipeline\\Pipeline.php(127): Illuminate\\Pipeline\\Pipeline->Illuminate\\Pipeline\\{closure}()
#27 C:\\xampp\\htdocs\\laravel-php3\\example-app\\vendor\\laravel\\framework\\src\\Illuminate\\Routing\\Router.php(807): Illuminate\\Pipeline\\Pipeline->then()
#28 C:\\xampp\\htdocs\\laravel-php3\\example-app\\vendor\\laravel\\framework\\src\\Illuminate\\Routing\\Router.php(786): Illuminate\\Routing\\Router->runRouteWithinStack()
#29 C:\\xampp\\htdocs\\laravel-php3\\example-app\\vendor\\laravel\\framework\\src\\Illuminate\\Routing\\Router.php(750): Illuminate\\Routing\\Router->runRoute()
#30 C:\\xampp\\htdocs\\laravel-php3\\example-app\\vendor\\laravel\\framework\\src\\Illuminate\\Routing\\Router.php(739): Illuminate\\Routing\\Router->dispatchToRoute()
#31 C:\\xampp\\htdocs\\laravel-php3\\example-app\\vendor\\laravel\\framework\\src\\Illuminate\\Foundation\\Http\\Kernel.php(201): Illuminate\\Routing\\Router->dispatch()
#32 C:\\xampp\\htdocs\\laravel-php3\\example-app\\vendor\\laravel\\framework\\src\\Illuminate\\Pipeline\\Pipeline.php(170): Illuminate\\Foundation\\Http\\Kernel->Illuminate\\Foundation\\Http\\{closure}()
#33 C:\\xampp\\htdocs\\laravel-php3\\example-app\\vendor\\laravel\\framework\\src\\Illuminate\\Foundation\\Http\\Middleware\\TransformsRequest.php(21): Illuminate\\Pipeline\\Pipeline->Illuminate\\Pipeline\\{closure}()
#34 C:\\xampp\\htdocs\\laravel-php3\\example-app\\vendor\\laravel\\framework\\src\\Illuminate\\Foundation\\Http\\Middleware\\ConvertEmptyStringsToNull.php(31): Illuminate\\Foundation\\Http\\Middleware\\TransformsRequest->handle()
#35 C:\\xampp\\htdocs\\laravel-php3\\example-app\\vendor\\laravel\\framework\\src\\Illuminate\\Pipeline\\Pipeline.php(209): Illuminate\\Foundation\\Http\\Middleware\\ConvertEmptyStringsToNull->handle()
#36 C:\\xampp\\htdocs\\laravel-php3\\example-app\\vendor\\laravel\\framework\\src\\Illuminate\\Foundation\\Http\\Middleware\\TransformsRequest.php(21): Illuminate\\Pipeline\\Pipeline->Illuminate\\Pipeline\\{closure}()
#37 C:\\xampp\\htdocs\\laravel-php3\\example-app\\vendor\\laravel\\framework\\src\\Illuminate\\Foundation\\Http\\Middleware\\TrimStrings.php(51): Illuminate\\Foundation\\Http\\Middleware\\TransformsRequest->handle()
#38 C:\\xampp\\htdocs\\laravel-php3\\example-app\\vendor\\laravel\\framework\\src\\Illuminate\\Pipeline\\Pipeline.php(209): Illuminate\\Foundation\\Http\\Middleware\\TrimStrings->handle()
#39 C:\\xampp\\htdocs\\laravel-php3\\example-app\\vendor\\laravel\\framework\\src\\Illuminate\\Http\\Middleware\\ValidatePostSize.php(27): Illuminate\\Pipeline\\Pipeline->Illuminate\\Pipeline\\{closure}()
#40 C:\\xampp\\htdocs\\laravel-php3\\example-app\\vendor\\laravel\\framework\\src\\Illuminate\\Pipeline\\Pipeline.php(209): Illuminate\\Http\\Middleware\\ValidatePostSize->handle()
#41 C:\\xampp\\htdocs\\laravel-php3\\example-app\\vendor\\laravel\\framework\\src\\Illuminate\\Foundation\\Http\\Middleware\\PreventRequestsDuringMaintenance.php(110): Illuminate\\Pipeline\\Pipeline->Illuminate\\Pipeline\\{closure}()
#42 C:\\xampp\\htdocs\\laravel-php3\\example-app\\vendor\\laravel\\framework\\src\\Illuminate\\Pipeline\\Pipeline.php(209): Illuminate\\Foundation\\Http\\Middleware\\PreventRequestsDuringMaintenance->handle()
#43 C:\\xampp\\htdocs\\laravel-php3\\example-app\\vendor\\laravel\\framework\\src\\Illuminate\\Http\\Middleware\\HandleCors.php(49): Illuminate\\Pipeline\\Pipeline->Illuminate\\Pipeline\\{closure}()
#44 C:\\xampp\\htdocs\\laravel-php3\\example-app\\vendor\\laravel\\framework\\src\\Illuminate\\Pipeline\\Pipeline.php(209): Illuminate\\Http\\Middleware\\HandleCors->handle()
#45 C:\\xampp\\htdocs\\laravel-php3\\example-app\\vendor\\laravel\\framework\\src\\Illuminate\\Http\\Middleware\\TrustProxies.php(58): Illuminate\\Pipeline\\Pipeline->Illuminate\\Pipeline\\{closure}()
#46 C:\\xampp\\htdocs\\laravel-php3\\example-app\\vendor\\laravel\\framework\\src\\Illuminate\\Pipeline\\Pipeline.php(209): Illuminate\\Http\\Middleware\\TrustProxies->handle()
#47 C:\\xampp\\htdocs\\laravel-php3\\example-app\\vendor\\laravel\\framework\\src\\Illuminate\\Foundation\\Http\\Middleware\\InvokeDeferredCallbacks.php(22): Illuminate\\Pipeline\\Pipeline->Illuminate\\Pipeline\\{closure}()
#48 C:\\xampp\\htdocs\\laravel-php3\\example-app\\vendor\\laravel\\framework\\src\\Illuminate\\Pipeline\\Pipeline.php(209): Illuminate\\Foundation\\Http\\Middleware\\InvokeDeferredCallbacks->handle()
#49 C:\\xampp\\htdocs\\laravel-php3\\example-app\\vendor\\laravel\\framework\\src\\Illuminate\\Http\\Middleware\\ValidatePathEncoding.php(26): Illuminate\\Pipeline\\Pipeline->Illuminate\\Pipeline\\{closure}()
#50 C:\\xampp\\htdocs\\laravel-php3\\example-app\\vendor\\laravel\\framework\\src\\Illuminate\\Pipeline\\Pipeline.php(209): Illuminate\\Http\\Middleware\\ValidatePathEncoding->handle()
#51 C:\\xampp\\htdocs\\laravel-php3\\example-app\\vendor\\laravel\\framework\\src\\Illuminate\\Pipeline\\Pipeline.php(127): Illuminate\\Pipeline\\Pipeline->Illuminate\\Pipeline\\{closure}()
#52 C:\\xampp\\htdocs\\laravel-php3\\example-app\\vendor\\laravel\\framework\\src\\Illuminate\\Foundation\\Http\\Kernel.php(176): Illuminate\\Pipeline\\Pipeline->then()
#53 C:\\xampp\\htdocs\\laravel-php3\\example-app\\vendor\\laravel\\framework\\src\\Illuminate\\Foundation\\Http\\Kernel.php(145): Illuminate\\Foundation\\Http\\Kernel->sendRequestThroughRouter()
#54 C:\\xampp\\htdocs\\laravel-php3\\example-app\\vendor\\laravel\\framework\\src\\Illuminate\\Foundation\\Application.php(1220): Illuminate\\Foundation\\Http\\Kernel->handle()
#55 C:\\xampp\\htdocs\\laravel-php3\\example-app\\public\\index.php(20): Illuminate\\Foundation\\Application->handleRequest()
#56 C:\\xampp\\htdocs\\laravel-php3\\example-app\\vendor\\laravel\\framework\\src\\Illuminate\\Foundation\\resources\\server.php(23): require_once('...')
#57 {main}

[previous exception] [object] (Symfony\\Component\\Routing\\Exception\\RouteNotFoundException(code: 0): Route [checkout.updateShipping] not defined. at C:\\xampp\\htdocs\\laravel-php3\\example-app\\vendor\\laravel\\framework\\src\\Illuminate\\Routing\\UrlGenerator.php:527)
[stacktrace]
#0 C:\\xampp\\htdocs\\laravel-php3\\example-app\\vendor\\laravel\\framework\\src\\Illuminate\\Foundation\\helpers.php(853): Illuminate\\Routing\\UrlGenerator->route()
#1 C:\\xampp\\htdocs\\laravel-php3\\example-app\\storage\\framework\\views\\8575a407386200d9efaf357fd78fcd3f.php(33): route()
#2 C:\\xampp\\htdocs\\laravel-php3\\example-app\\vendor\\laravel\\framework\\src\\Illuminate\\Filesystem\\Filesystem.php(123): require('...')
#3 C:\\xampp\\htdocs\\laravel-php3\\example-app\\vendor\\laravel\\framework\\src\\Illuminate\\Filesystem\\Filesystem.php(124): Illuminate\\Filesystem\\Filesystem::Illuminate\\Filesystem\\{closure}()
#4 C:\\xampp\\htdocs\\laravel-php3\\example-app\\vendor\\laravel\\framework\\src\\Illuminate\\View\\Engines\\PhpEngine.php(58): Illuminate\\Filesystem\\Filesystem->getRequire()
#5 C:\\xampp\\htdocs\\laravel-php3\\example-app\\vendor\\laravel\\framework\\src\\Illuminate\\View\\Engines\\CompilerEngine.php(75): Illuminate\\View\\Engines\\PhpEngine->evaluatePath()
#6 C:\\xampp\\htdocs\\laravel-php3\\example-app\\vendor\\laravel\\framework\\src\\Illuminate\\View\\View.php(209): Illuminate\\View\\Engines\\CompilerEngine->get()
#7 C:\\xampp\\htdocs\\laravel-php3\\example-app\\vendor\\laravel\\framework\\src\\Illuminate\\View\\View.php(192): Illuminate\\View\\View->getContents()
#8 C:\\xampp\\htdocs\\laravel-php3\\example-app\\vendor\\laravel\\framework\\src\\Illuminate\\View\\View.php(161): Illuminate\\View\\View->renderContents()
#9 C:\\xampp\\htdocs\\laravel-php3\\example-app\\vendor\\laravel\\framework\\src\\Illuminate\\Http\\Response.php(79): Illuminate\\View\\View->render()
#10 C:\\xampp\\htdocs\\laravel-php3\\example-app\\vendor\\laravel\\framework\\src\\Illuminate\\Http\\Response.php(35): Illuminate\\Http\\Response->setContent()
#11 C:\\xampp\\htdocs\\laravel-php3\\example-app\\vendor\\laravel\\framework\\src\\Illuminate\\Routing\\Router.php(920): Illuminate\\Http\\Response->__construct()
#12 C:\\xampp\\htdocs\\laravel-php3\\example-app\\vendor\\laravel\\framework\\src\\Illuminate\\Routing\\Router.php(887): Illuminate\\Routing\\Router::toResponse()
#13 C:\\xampp\\htdocs\\laravel-php3\\example-app\\vendor\\laravel\\framework\\src\\Illuminate\\Routing\\Router.php(807): Illuminate\\Routing\\Router->prepareResponse()
#14 C:\\xampp\\htdocs\\laravel-php3\\example-app\\vendor\\laravel\\framework\\src\\Illuminate\\Pipeline\\Pipeline.php(170): Illuminate\\Routing\\Router->Illuminate\\Routing\\{closure}()
#15 C:\\xampp\\htdocs\\laravel-php3\\example-app\\vendor\\laravel\\framework\\src\\Illuminate\\Routing\\Middleware\\SubstituteBindings.php(51): Illuminate\\Pipeline\\Pipeline->Illuminate\\Pipeline\\{closure}()
#16 C:\\xampp\\htdocs\\laravel-php3\\example-app\\vendor\\laravel\\framework\\src\\Illuminate\\Pipeline\\Pipeline.php(209): Illuminate\\Routing\\Middleware\\SubstituteBindings->handle()
#17 C:\\xampp\\htdocs\\laravel-php3\\example-app\\vendor\\laravel\\framework\\src\\Illuminate\\Auth\\Middleware\\Authenticate.php(64): Illuminate\\Pipeline\\Pipeline->Illuminate\\Pipeline\\{closure}()
#18 C:\\xampp\\htdocs\\laravel-php3\\example-app\\vendor\\laravel\\framework\\src\\Illuminate\\Pipeline\\Pipeline.php(209): Illuminate\\Auth\\Middleware\\Authenticate->handle()
#19 C:\\xampp\\htdocs\\laravel-php3\\example-app\\vendor\\laravel\\framework\\src\\Illuminate\\Foundation\\Http\\Middleware\\VerifyCsrfToken.php(88): Illuminate\\Pipeline\\Pipeline->Illuminate\\Pipeline\\{closure}()
#20 C:\\xampp\\htdocs\\laravel-php3\\example-app\\vendor\\laravel\\framework\\src\\Illuminate\\Pipeline\\Pipeline.php(209): Illuminate\\Foundation\\Http\\Middleware\\VerifyCsrfToken->handle()
#21 C:\\xampp\\htdocs\\laravel-php3\\example-app\\vendor\\laravel\\framework\\src\\Illuminate\\View\\Middleware\\ShareErrorsFromSession.php(49): Illuminate\\Pipeline\\Pipeline->Illuminate\\Pipeline\\{closure}()
#22 C:\\xampp\\htdocs\\laravel-php3\\example-app\\vendor\\laravel\\framework\\src\\Illuminate\\Pipeline\\Pipeline.php(209): Illuminate\\View\\Middleware\\ShareErrorsFromSession->handle()
#23 C:\\xampp\\htdocs\\laravel-php3\\example-app\\vendor\\laravel\\framework\\src\\Illuminate\\Session\\Middleware\\StartSession.php(121): Illuminate\\Pipeline\\Pipeline->Illuminate\\Pipeline\\{closure}()
#24 C:\\xampp\\htdocs\\laravel-php3\\example-app\\vendor\\laravel\\framework\\src\\Illuminate\\Session\\Middleware\\StartSession.php(64): Illuminate\\Session\\Middleware\\StartSession->handleStatefulRequest()
#25 C:\\xampp\\htdocs\\laravel-php3\\example-app\\vendor\\laravel\\framework\\src\\Illuminate\\Pipeline\\Pipeline.php(209): Illuminate\\Session\\Middleware\\StartSession->handle()
#26 C:\\xampp\\htdocs\\laravel-php3\\example-app\\vendor\\laravel\\framework\\src\\Illuminate\\Cookie\\Middleware\\AddQueuedCookiesToResponse.php(37): Illuminate\\Pipeline\\Pipeline->Illuminate\\Pipeline\\{closure}()
#27 C:\\xampp\\htdocs\\laravel-php3\\example-app\\vendor\\laravel\\framework\\src\\Illuminate\\Pipeline\\Pipeline.php(209): Illuminate\\Cookie\\Middleware\\AddQueuedCookiesToResponse->handle()
#28 C:\\xampp\\htdocs\\laravel-php3\\example-app\\vendor\\laravel\\framework\\src\\Illuminate\\Cookie\\Middleware\\EncryptCookies.php(75): Illuminate\\Pipeline\\Pipeline->Illuminate\\Pipeline\\{closure}()
#29 C:\\xampp\\htdocs\\laravel-php3\\example-app\\vendor\\laravel\\framework\\src\\Illuminate\\Pipeline\\Pipeline.php(209): Illuminate\\Cookie\\Middleware\\EncryptCookies->handle()
#30 C:\\xampp\\htdocs\\laravel-php3\\example-app\\vendor\\laravel\\framework\\src\\Illuminate\\Pipeline\\Pipeline.php(127): Illuminate\\Pipeline\\Pipeline->Illuminate\\Pipeline\\{closure}()
#31 C:\\xampp\\htdocs\\laravel-php3\\example-app\\vendor\\laravel\\framework\\src\\Illuminate\\Routing\\Router.php(807): Illuminate\\Pipeline\\Pipeline->then()
#32 C:\\xampp\\htdocs\\laravel-php3\\example-app\\vendor\\laravel\\framework\\src\\Illuminate\\Routing\\Router.php(786): Illuminate\\Routing\\Router->runRouteWithinStack()
#33 C:\\xampp\\htdocs\\laravel-php3\\example-app\\vendor\\laravel\\framework\\src\\Illuminate\\Routing\\Router.php(750): Illuminate\\Routing\\Router->runRoute()
#34 C:\\xampp\\htdocs\\laravel-php3\\example-app\\vendor\\laravel\\framework\\src\\Illuminate\\Routing\\Router.php(739): Illuminate\\Routing\\Router->dispatchToRoute()
#35 C:\\xampp\\htdocs\\laravel-php3\\example-app\\vendor\\laravel\\framework\\src\\Illuminate\\Foundation\\Http\\Kernel.php(201): Illuminate\\Routing\\Router->dispatch()
#36 C:\\xampp\\htdocs\\laravel-php3\\example-app\\vendor\\laravel\\framework\\src\\Illuminate\\Pipeline\\Pipeline.php(170): Illuminate\\Foundation\\Http\\Kernel->Illuminate\\Foundation\\Http\\{closure}()
#37 C:\\xampp\\htdocs\\laravel-php3\\example-app\\vendor\\laravel\\framework\\src\\Illuminate\\Foundation\\Http\\Middleware\\TransformsRequest.php(21): Illuminate\\Pipeline\\Pipeline->Illuminate\\Pipeline\\{closure}()
#38 C:\\xampp\\htdocs\\laravel-php3\\example-app\\vendor\\laravel\\framework\\src\\Illuminate\\Foundation\\Http\\Middleware\\ConvertEmptyStringsToNull.php(31): Illuminate\\Foundation\\Http\\Middleware\\TransformsRequest->handle()
#39 C:\\xampp\\htdocs\\laravel-php3\\example-app\\vendor\\laravel\\framework\\src\\Illuminate\\Pipeline\\Pipeline.php(209): Illuminate\\Foundation\\Http\\Middleware\\ConvertEmptyStringsToNull->handle()
#40 C:\\xampp\\htdocs\\laravel-php3\\example-app\\vendor\\laravel\\framework\\src\\Illuminate\\Foundation\\Http\\Middleware\\TransformsRequest.php(21): Illuminate\\Pipeline\\Pipeline->Illuminate\\Pipeline\\{closure}()
#41 C:\\xampp\\htdocs\\laravel-php3\\example-app\\vendor\\laravel\\framework\\src\\Illuminate\\Foundation\\Http\\Middleware\\TrimStrings.php(51): Illuminate\\Foundation\\Http\\Middleware\\TransformsRequest->handle()
#42 C:\\xampp\\htdocs\\laravel-php3\\example-app\\vendor\\laravel\\framework\\src\\Illuminate\\Pipeline\\Pipeline.php(209): Illuminate\\Foundation\\Http\\Middleware\\TrimStrings->handle()
#43 C:\\xampp\\htdocs\\laravel-php3\\example-app\\vendor\\laravel\\framework\\src\\Illuminate\\Http\\Middleware\\ValidatePostSize.php(27): Illuminate\\Pipeline\\Pipeline->Illuminate\\Pipeline\\{closure}()
#44 C:\\xampp\\htdocs\\laravel-php3\\example-app\\vendor\\laravel\\framework\\src\\Illuminate\\Pipeline\\Pipeline.php(209): Illuminate\\Http\\Middleware\\ValidatePostSize->handle()
#45 C:\\xampp\\htdocs\\laravel-php3\\example-app\\vendor\\laravel\\framework\\src\\Illuminate\\Foundation\\Http\\Middleware\\PreventRequestsDuringMaintenance.php(110): Illuminate\\Pipeline\\Pipeline->Illuminate\\Pipeline\\{closure}()
#46 C:\\xampp\\htdocs\\laravel-php3\\example-app\\vendor\\laravel\\framework\\src\\Illuminate\\Pipeline\\Pipeline.php(209): Illuminate\\Foundation\\Http\\Middleware\\PreventRequestsDuringMaintenance->handle()
#47 C:\\xampp\\htdocs\\laravel-php3\\example-app\\vendor\\laravel\\framework\\src\\Illuminate\\Http\\Middleware\\HandleCors.php(49): Illuminate\\Pipeline\\Pipeline->Illuminate\\Pipeline\\{closure}()
#48 C:\\xampp\\htdocs\\laravel-php3\\example-app\\vendor\\laravel\\framework\\src\\Illuminate\\Pipeline\\Pipeline.php(209): Illuminate\\Http\\Middleware\\HandleCors->handle()
#49 C:\\xampp\\htdocs\\laravel-php3\\example-app\\vendor\\laravel\\framework\\src\\Illuminate\\Http\\Middleware\\TrustProxies.php(58): Illuminate\\Pipeline\\Pipeline->Illuminate\\Pipeline\\{closure}()
#50 C:\\xampp\\htdocs\\laravel-php3\\example-app\\vendor\\laravel\\framework\\src\\Illuminate\\Pipeline\\Pipeline.php(209): Illuminate\\Http\\Middleware\\TrustProxies->handle()
#51 C:\\xampp\\htdocs\\laravel-php3\\example-app\\vendor\\laravel\\framework\\src\\Illuminate\\Foundation\\Http\\Middleware\\InvokeDeferredCallbacks.php(22): Illuminate\\Pipeline\\Pipeline->Illuminate\\Pipeline\\{closure}()
#52 C:\\xampp\\htdocs\\laravel-php3\\example-app\\vendor\\laravel\\framework\\src\\Illuminate\\Pipeline\\Pipeline.php(209): Illuminate\\Foundation\\Http\\Middleware\\InvokeDeferredCallbacks->handle()
#53 C:\\xampp\\htdocs\\laravel-php3\\example-app\\vendor\\laravel\\framework\\src\\Illuminate\\Http\\Middleware\\ValidatePathEncoding.php(26): Illuminate\\Pipeline\\Pipeline->Illuminate\\Pipeline\\{closure}()
#54 C:\\xampp\\htdocs\\laravel-php3\\example-app\\vendor\\laravel\\framework\\src\\Illuminate\\Pipeline\\Pipeline.php(209): Illuminate\\Http\\Middleware\\ValidatePathEncoding->handle()
#55 C:\\xampp\\htdocs\\laravel-php3\\example-app\\vendor\\laravel\\framework\\src\\Illuminate\\Pipeline\\Pipeline.php(127): Illuminate\\Pipeline\\Pipeline->Illuminate\\Pipeline\\{closure}()
#56 C:\\xampp\\htdocs\\laravel-php3\\example-app\\vendor\\laravel\\framework\\src\\Illuminate\\Foundation\\Http\\Kernel.php(176): Illuminate\\Pipeline\\Pipeline->then()
#57 C:\\xampp\\htdocs\\laravel-php3\\example-app\\vendor\\laravel\\framework\\src\\Illuminate\\Foundation\\Http\\Kernel.php(145): Illuminate\\Foundation\\Http\\Kernel->sendRequestThroughRouter()
#58 C:\\xampp\\htdocs\\laravel-php3\\example-app\\vendor\\laravel\\framework\\src\\Illuminate\\Foundation\\Application.php(1220): Illuminate\\Foundation\\Http\\Kernel->handle()
#59 C:\\xampp\\htdocs\\laravel-php3\\example-app\\public\\index.php(20): Illuminate\\Foundation\\Application->handleRequest()
#60 C:\\xampp\\htdocs\\laravel-php3\\example-app\\vendor\\laravel\\framework\\src\\Illuminate\\Foundation\\resources\\server.php(23): require_once('...')
#61 {main}
"} 
[2025-04-10 01:59:48] local.ERROR: View [layouts.app] not found. (View: C:\xampp\htdocs\laravel-php3\example-app\resources\views\checkout\list.blade.php) {"userId":1,"exception":"[object] (Illuminate\\View\\ViewException(code: 0): View [layouts.app] not found. (View: C:\\xampp\\htdocs\\laravel-php3\\example-app\\resources\\views\\checkout\\list.blade.php) at C:\\xampp\\htdocs\\laravel-php3\\example-app\\vendor\\laravel\\framework\\src\\Illuminate\\View\\FileViewFinder.php:139)
[stacktrace]
#0 C:\\xampp\\htdocs\\laravel-php3\\example-app\\vendor\\laravel\\framework\\src\\Illuminate\\View\\Engines\\PhpEngine.php(60): Illuminate\\View\\Engines\\CompilerEngine->handleViewException()
#1 C:\\xampp\\htdocs\\laravel-php3\\example-app\\vendor\\laravel\\framework\\src\\Illuminate\\View\\Engines\\CompilerEngine.php(75): Illuminate\\View\\Engines\\PhpEngine->evaluatePath()
#2 C:\\xampp\\htdocs\\laravel-php3\\example-app\\vendor\\laravel\\framework\\src\\Illuminate\\View\\View.php(209): Illuminate\\View\\Engines\\CompilerEngine->get()
#3 C:\\xampp\\htdocs\\laravel-php3\\example-app\\vendor\\laravel\\framework\\src\\Illuminate\\View\\View.php(192): Illuminate\\View\\View->getContents()
#4 C:\\xampp\\htdocs\\laravel-php3\\example-app\\vendor\\laravel\\framework\\src\\Illuminate\\View\\View.php(161): Illuminate\\View\\View->renderContents()
#5 C:\\xampp\\htdocs\\laravel-php3\\example-app\\vendor\\laravel\\framework\\src\\Illuminate\\Http\\Response.php(79): Illuminate\\View\\View->render()
#6 C:\\xampp\\htdocs\\laravel-php3\\example-app\\vendor\\laravel\\framework\\src\\Illuminate\\Http\\Response.php(35): Illuminate\\Http\\Response->setContent()
#7 C:\\xampp\\htdocs\\laravel-php3\\example-app\\vendor\\laravel\\framework\\src\\Illuminate\\Routing\\Router.php(920): Illuminate\\Http\\Response->__construct()
#8 C:\\xampp\\htdocs\\laravel-php3\\example-app\\vendor\\laravel\\framework\\src\\Illuminate\\Routing\\Router.php(887): Illuminate\\Routing\\Router::toResponse()
#9 C:\\xampp\\htdocs\\laravel-php3\\example-app\\vendor\\laravel\\framework\\src\\Illuminate\\Routing\\Router.php(807): Illuminate\\Routing\\Router->prepareResponse()
#10 C:\\xampp\\htdocs\\laravel-php3\\example-app\\vendor\\laravel\\framework\\src\\Illuminate\\Pipeline\\Pipeline.php(170): Illuminate\\Routing\\Router->Illuminate\\Routing\\{closure}()
#11 C:\\xampp\\htdocs\\laravel-php3\\example-app\\vendor\\laravel\\framework\\src\\Illuminate\\Routing\\Middleware\\SubstituteBindings.php(51): Illuminate\\Pipeline\\Pipeline->Illuminate\\Pipeline\\{closure}()
#12 C:\\xampp\\htdocs\\laravel-php3\\example-app\\vendor\\laravel\\framework\\src\\Illuminate\\Pipeline\\Pipeline.php(209): Illuminate\\Routing\\Middleware\\SubstituteBindings->handle()
#13 C:\\xampp\\htdocs\\laravel-php3\\example-app\\vendor\\laravel\\framework\\src\\Illuminate\\Auth\\Middleware\\Authenticate.php(64): Illuminate\\Pipeline\\Pipeline->Illuminate\\Pipeline\\{closure}()
#14 C:\\xampp\\htdocs\\laravel-php3\\example-app\\vendor\\laravel\\framework\\src\\Illuminate\\Pipeline\\Pipeline.php(209): Illuminate\\Auth\\Middleware\\Authenticate->handle()
#15 C:\\xampp\\htdocs\\laravel-php3\\example-app\\vendor\\laravel\\framework\\src\\Illuminate\\Foundation\\Http\\Middleware\\VerifyCsrfToken.php(88): Illuminate\\Pipeline\\Pipeline->Illuminate\\Pipeline\\{closure}()
#16 C:\\xampp\\htdocs\\laravel-php3\\example-app\\vendor\\laravel\\framework\\src\\Illuminate\\Pipeline\\Pipeline.php(209): Illuminate\\Foundation\\Http\\Middleware\\VerifyCsrfToken->handle()
#17 C:\\xampp\\htdocs\\laravel-php3\\example-app\\vendor\\laravel\\framework\\src\\Illuminate\\View\\Middleware\\ShareErrorsFromSession.php(49): Illuminate\\Pipeline\\Pipeline->Illuminate\\Pipeline\\{closure}()
#18 C:\\xampp\\htdocs\\laravel-php3\\example-app\\vendor\\laravel\\framework\\src\\Illuminate\\Pipeline\\Pipeline.php(209): Illuminate\\View\\Middleware\\ShareErrorsFromSession->handle()
#19 C:\\xampp\\htdocs\\laravel-php3\\example-app\\vendor\\laravel\\framework\\src\\Illuminate\\Session\\Middleware\\StartSession.php(121): Illuminate\\Pipeline\\Pipeline->Illuminate\\Pipeline\\{closure}()
#20 C:\\xampp\\htdocs\\laravel-php3\\example-app\\vendor\\laravel\\framework\\src\\Illuminate\\Session\\Middleware\\StartSession.php(64): Illuminate\\Session\\Middleware\\StartSession->handleStatefulRequest()
#21 C:\\xampp\\htdocs\\laravel-php3\\example-app\\vendor\\laravel\\framework\\src\\Illuminate\\Pipeline\\Pipeline.php(209): Illuminate\\Session\\Middleware\\StartSession->handle()
#22 C:\\xampp\\htdocs\\laravel-php3\\example-app\\vendor\\laravel\\framework\\src\\Illuminate\\Cookie\\Middleware\\AddQueuedCookiesToResponse.php(37): Illuminate\\Pipeline\\Pipeline->Illuminate\\Pipeline\\{closure}()
#23 C:\\xampp\\htdocs\\laravel-php3\\example-app\\vendor\\laravel\\framework\\src\\Illuminate\\Pipeline\\Pipeline.php(209): Illuminate\\Cookie\\Middleware\\AddQueuedCookiesToResponse->handle()
#24 C:\\xampp\\htdocs\\laravel-php3\\example-app\\vendor\\laravel\\framework\\src\\Illuminate\\Cookie\\Middleware\\EncryptCookies.php(75): Illuminate\\Pipeline\\Pipeline->Illuminate\\Pipeline\\{closure}()
#25 C:\\xampp\\htdocs\\laravel-php3\\example-app\\vendor\\laravel\\framework\\src\\Illuminate\\Pipeline\\Pipeline.php(209): Illuminate\\Cookie\\Middleware\\EncryptCookies->handle()
#26 C:\\xampp\\htdocs\\laravel-php3\\example-app\\vendor\\laravel\\framework\\src\\Illuminate\\Pipeline\\Pipeline.php(127): Illuminate\\Pipeline\\Pipeline->Illuminate\\Pipeline\\{closure}()
#27 C:\\xampp\\htdocs\\laravel-php3\\example-app\\vendor\\laravel\\framework\\src\\Illuminate\\Routing\\Router.php(807): Illuminate\\Pipeline\\Pipeline->then()
#28 C:\\xampp\\htdocs\\laravel-php3\\example-app\\vendor\\laravel\\framework\\src\\Illuminate\\Routing\\Router.php(786): Illuminate\\Routing\\Router->runRouteWithinStack()
#29 C:\\xampp\\htdocs\\laravel-php3\\example-app\\vendor\\laravel\\framework\\src\\Illuminate\\Routing\\Router.php(750): Illuminate\\Routing\\Router->runRoute()
#30 C:\\xampp\\htdocs\\laravel-php3\\example-app\\vendor\\laravel\\framework\\src\\Illuminate\\Routing\\Router.php(739): Illuminate\\Routing\\Router->dispatchToRoute()
#31 C:\\xampp\\htdocs\\laravel-php3\\example-app\\vendor\\laravel\\framework\\src\\Illuminate\\Foundation\\Http\\Kernel.php(201): Illuminate\\Routing\\Router->dispatch()
#32 C:\\xampp\\htdocs\\laravel-php3\\example-app\\vendor\\laravel\\framework\\src\\Illuminate\\Pipeline\\Pipeline.php(170): Illuminate\\Foundation\\Http\\Kernel->Illuminate\\Foundation\\Http\\{closure}()
#33 C:\\xampp\\htdocs\\laravel-php3\\example-app\\vendor\\laravel\\framework\\src\\Illuminate\\Foundation\\Http\\Middleware\\TransformsRequest.php(21): Illuminate\\Pipeline\\Pipeline->Illuminate\\Pipeline\\{closure}()
#34 C:\\xampp\\htdocs\\laravel-php3\\example-app\\vendor\\laravel\\framework\\src\\Illuminate\\Foundation\\Http\\Middleware\\ConvertEmptyStringsToNull.php(31): Illuminate\\Foundation\\Http\\Middleware\\TransformsRequest->handle()
#35 C:\\xampp\\htdocs\\laravel-php3\\example-app\\vendor\\laravel\\framework\\src\\Illuminate\\Pipeline\\Pipeline.php(209): Illuminate\\Foundation\\Http\\Middleware\\ConvertEmptyStringsToNull->handle()
#36 C:\\xampp\\htdocs\\laravel-php3\\example-app\\vendor\\laravel\\framework\\src\\Illuminate\\Foundation\\Http\\Middleware\\TransformsRequest.php(21): Illuminate\\Pipeline\\Pipeline->Illuminate\\Pipeline\\{closure}()
#37 C:\\xampp\\htdocs\\laravel-php3\\example-app\\vendor\\laravel\\framework\\src\\Illuminate\\Foundation\\Http\\Middleware\\TrimStrings.php(51): Illuminate\\Foundation\\Http\\Middleware\\TransformsRequest->handle()
#38 C:\\xampp\\htdocs\\laravel-php3\\example-app\\vendor\\laravel\\framework\\src\\Illuminate\\Pipeline\\Pipeline.php(209): Illuminate\\Foundation\\Http\\Middleware\\TrimStrings->handle()
#39 C:\\xampp\\htdocs\\laravel-php3\\example-app\\vendor\\laravel\\framework\\src\\Illuminate\\Http\\Middleware\\ValidatePostSize.php(27): Illuminate\\Pipeline\\Pipeline->Illuminate\\Pipeline\\{closure}()
#40 C:\\xampp\\htdocs\\laravel-php3\\example-app\\vendor\\laravel\\framework\\src\\Illuminate\\Pipeline\\Pipeline.php(209): Illuminate\\Http\\Middleware\\ValidatePostSize->handle()
#41 C:\\xampp\\htdocs\\laravel-php3\\example-app\\vendor\\laravel\\framework\\src\\Illuminate\\Foundation\\Http\\Middleware\\PreventRequestsDuringMaintenance.php(110): Illuminate\\Pipeline\\Pipeline->Illuminate\\Pipeline\\{closure}()
#42 C:\\xampp\\htdocs\\laravel-php3\\example-app\\vendor\\laravel\\framework\\src\\Illuminate\\Pipeline\\Pipeline.php(209): Illuminate\\Foundation\\Http\\Middleware\\PreventRequestsDuringMaintenance->handle()
#43 C:\\xampp\\htdocs\\laravel-php3\\example-app\\vendor\\laravel\\framework\\src\\Illuminate\\Http\\Middleware\\HandleCors.php(49): Illuminate\\Pipeline\\Pipeline->Illuminate\\Pipeline\\{closure}()
#44 C:\\xampp\\htdocs\\laravel-php3\\example-app\\vendor\\laravel\\framework\\src\\Illuminate\\Pipeline\\Pipeline.php(209): Illuminate\\Http\\Middleware\\HandleCors->handle()
#45 C:\\xampp\\htdocs\\laravel-php3\\example-app\\vendor\\laravel\\framework\\src\\Illuminate\\Http\\Middleware\\TrustProxies.php(58): Illuminate\\Pipeline\\Pipeline->Illuminate\\Pipeline\\{closure}()
#46 C:\\xampp\\htdocs\\laravel-php3\\example-app\\vendor\\laravel\\framework\\src\\Illuminate\\Pipeline\\Pipeline.php(209): Illuminate\\Http\\Middleware\\TrustProxies->handle()
#47 C:\\xampp\\htdocs\\laravel-php3\\example-app\\vendor\\laravel\\framework\\src\\Illuminate\\Foundation\\Http\\Middleware\\InvokeDeferredCallbacks.php(22): Illuminate\\Pipeline\\Pipeline->Illuminate\\Pipeline\\{closure}()
#48 C:\\xampp\\htdocs\\laravel-php3\\example-app\\vendor\\laravel\\framework\\src\\Illuminate\\Pipeline\\Pipeline.php(209): Illuminate\\Foundation\\Http\\Middleware\\InvokeDeferredCallbacks->handle()
#49 C:\\xampp\\htdocs\\laravel-php3\\example-app\\vendor\\laravel\\framework\\src\\Illuminate\\Http\\Middleware\\ValidatePathEncoding.php(26): Illuminate\\Pipeline\\Pipeline->Illuminate\\Pipeline\\{closure}()
#50 C:\\xampp\\htdocs\\laravel-php3\\example-app\\vendor\\laravel\\framework\\src\\Illuminate\\Pipeline\\Pipeline.php(209): Illuminate\\Http\\Middleware\\ValidatePathEncoding->handle()
#51 C:\\xampp\\htdocs\\laravel-php3\\example-app\\vendor\\laravel\\framework\\src\\Illuminate\\Pipeline\\Pipeline.php(127): Illuminate\\Pipeline\\Pipeline->Illuminate\\Pipeline\\{closure}()
#52 C:\\xampp\\htdocs\\laravel-php3\\example-app\\vendor\\laravel\\framework\\src\\Illuminate\\Foundation\\Http\\Kernel.php(176): Illuminate\\Pipeline\\Pipeline->then()
#53 C:\\xampp\\htdocs\\laravel-php3\\example-app\\vendor\\laravel\\framework\\src\\Illuminate\\Foundation\\Http\\Kernel.php(145): Illuminate\\Foundation\\Http\\Kernel->sendRequestThroughRouter()
#54 C:\\xampp\\htdocs\\laravel-php3\\example-app\\vendor\\laravel\\framework\\src\\Illuminate\\Foundation\\Application.php(1220): Illuminate\\Foundation\\Http\\Kernel->handle()
#55 C:\\xampp\\htdocs\\laravel-php3\\example-app\\public\\index.php(20): Illuminate\\Foundation\\Application->handleRequest()
#56 C:\\xampp\\htdocs\\laravel-php3\\example-app\\vendor\\laravel\\framework\\src\\Illuminate\\Foundation\\resources\\server.php(23): require_once('...')
#57 {main}

[previous exception] [object] (InvalidArgumentException(code: 0): View [layouts.app] not found. at C:\\xampp\\htdocs\\laravel-php3\\example-app\\vendor\\laravel\\framework\\src\\Illuminate\\View\\FileViewFinder.php:139)
[stacktrace]
#0 C:\\xampp\\htdocs\\laravel-php3\\example-app\\vendor\\laravel\\framework\\src\\Illuminate\\View\\FileViewFinder.php(79): Illuminate\\View\\FileViewFinder->findInPaths()
#1 C:\\xampp\\htdocs\\laravel-php3\\example-app\\vendor\\laravel\\framework\\src\\Illuminate\\View\\Factory.php(151): Illuminate\\View\\FileViewFinder->find()
#2 C:\\xampp\\htdocs\\laravel-php3\\example-app\\storage\\framework\\views\\8575a407386200d9efaf357fd78fcd3f.php(129): Illuminate\\View\\Factory->make()
#3 C:\\xampp\\htdocs\\laravel-php3\\example-app\\vendor\\laravel\\framework\\src\\Illuminate\\Filesystem\\Filesystem.php(123): require('...')
#4 C:\\xampp\\htdocs\\laravel-php3\\example-app\\vendor\\laravel\\framework\\src\\Illuminate\\Filesystem\\Filesystem.php(124): Illuminate\\Filesystem\\Filesystem::Illuminate\\Filesystem\\{closure}()
#5 C:\\xampp\\htdocs\\laravel-php3\\example-app\\vendor\\laravel\\framework\\src\\Illuminate\\View\\Engines\\PhpEngine.php(58): Illuminate\\Filesystem\\Filesystem->getRequire()
#6 C:\\xampp\\htdocs\\laravel-php3\\example-app\\vendor\\laravel\\framework\\src\\Illuminate\\View\\Engines\\CompilerEngine.php(75): Illuminate\\View\\Engines\\PhpEngine->evaluatePath()
#7 C:\\xampp\\htdocs\\laravel-php3\\example-app\\vendor\\laravel\\framework\\src\\Illuminate\\View\\View.php(209): Illuminate\\View\\Engines\\CompilerEngine->get()
#8 C:\\xampp\\htdocs\\laravel-php3\\example-app\\vendor\\laravel\\framework\\src\\Illuminate\\View\\View.php(192): Illuminate\\View\\View->getContents()
#9 C:\\xampp\\htdocs\\laravel-php3\\example-app\\vendor\\laravel\\framework\\src\\Illuminate\\View\\View.php(161): Illuminate\\View\\View->renderContents()
#10 C:\\xampp\\htdocs\\laravel-php3\\example-app\\vendor\\laravel\\framework\\src\\Illuminate\\Http\\Response.php(79): Illuminate\\View\\View->render()
#11 C:\\xampp\\htdocs\\laravel-php3\\example-app\\vendor\\laravel\\framework\\src\\Illuminate\\Http\\Response.php(35): Illuminate\\Http\\Response->setContent()
#12 C:\\xampp\\htdocs\\laravel-php3\\example-app\\vendor\\laravel\\framework\\src\\Illuminate\\Routing\\Router.php(920): Illuminate\\Http\\Response->__construct()
#13 C:\\xampp\\htdocs\\laravel-php3\\example-app\\vendor\\laravel\\framework\\src\\Illuminate\\Routing\\Router.php(887): Illuminate\\Routing\\Router::toResponse()
#14 C:\\xampp\\htdocs\\laravel-php3\\example-app\\vendor\\laravel\\framework\\src\\Illuminate\\Routing\\Router.php(807): Illuminate\\Routing\\Router->prepareResponse()
#15 C:\\xampp\\htdocs\\laravel-php3\\example-app\\vendor\\laravel\\framework\\src\\Illuminate\\Pipeline\\Pipeline.php(170): Illuminate\\Routing\\Router->Illuminate\\Routing\\{closure}()
#16 C:\\xampp\\htdocs\\laravel-php3\\example-app\\vendor\\laravel\\framework\\src\\Illuminate\\Routing\\Middleware\\SubstituteBindings.php(51): Illuminate\\Pipeline\\Pipeline->Illuminate\\Pipeline\\{closure}()
#17 C:\\xampp\\htdocs\\laravel-php3\\example-app\\vendor\\laravel\\framework\\src\\Illuminate\\Pipeline\\Pipeline.php(209): Illuminate\\Routing\\Middleware\\SubstituteBindings->handle()
#18 C:\\xampp\\htdocs\\laravel-php3\\example-app\\vendor\\laravel\\framework\\src\\Illuminate\\Auth\\Middleware\\Authenticate.php(64): Illuminate\\Pipeline\\Pipeline->Illuminate\\Pipeline\\{closure}()
#19 C:\\xampp\\htdocs\\laravel-php3\\example-app\\vendor\\laravel\\framework\\src\\Illuminate\\Pipeline\\Pipeline.php(209): Illuminate\\Auth\\Middleware\\Authenticate->handle()
#20 C:\\xampp\\htdocs\\laravel-php3\\example-app\\vendor\\laravel\\framework\\src\\Illuminate\\Foundation\\Http\\Middleware\\VerifyCsrfToken.php(88): Illuminate\\Pipeline\\Pipeline->Illuminate\\Pipeline\\{closure}()
#21 C:\\xampp\\htdocs\\laravel-php3\\example-app\\vendor\\laravel\\framework\\src\\Illuminate\\Pipeline\\Pipeline.php(209): Illuminate\\Foundation\\Http\\Middleware\\VerifyCsrfToken->handle()
#22 C:\\xampp\\htdocs\\laravel-php3\\example-app\\vendor\\laravel\\framework\\src\\Illuminate\\View\\Middleware\\ShareErrorsFromSession.php(49): Illuminate\\Pipeline\\Pipeline->Illuminate\\Pipeline\\{closure}()
#23 C:\\xampp\\htdocs\\laravel-php3\\example-app\\vendor\\laravel\\framework\\src\\Illuminate\\Pipeline\\Pipeline.php(209): Illuminate\\View\\Middleware\\ShareErrorsFromSession->handle()
#24 C:\\xampp\\htdocs\\laravel-php3\\example-app\\vendor\\laravel\\framework\\src\\Illuminate\\Session\\Middleware\\StartSession.php(121): Illuminate\\Pipeline\\Pipeline->Illuminate\\Pipeline\\{closure}()
#25 C:\\xampp\\htdocs\\laravel-php3\\example-app\\vendor\\laravel\\framework\\src\\Illuminate\\Session\\Middleware\\StartSession.php(64): Illuminate\\Session\\Middleware\\StartSession->handleStatefulRequest()
#26 C:\\xampp\\htdocs\\laravel-php3\\example-app\\vendor\\laravel\\framework\\src\\Illuminate\\Pipeline\\Pipeline.php(209): Illuminate\\Session\\Middleware\\StartSession->handle()
#27 C:\\xampp\\htdocs\\laravel-php3\\example-app\\vendor\\laravel\\framework\\src\\Illuminate\\Cookie\\Middleware\\AddQueuedCookiesToResponse.php(37): Illuminate\\Pipeline\\Pipeline->Illuminate\\Pipeline\\{closure}()
#28 C:\\xampp\\htdocs\\laravel-php3\\example-app\\vendor\\laravel\\framework\\src\\Illuminate\\Pipeline\\Pipeline.php(209): Illuminate\\Cookie\\Middleware\\AddQueuedCookiesToResponse->handle()
#29 C:\\xampp\\htdocs\\laravel-php3\\example-app\\vendor\\laravel\\framework\\src\\Illuminate\\Cookie\\Middleware\\EncryptCookies.php(75): Illuminate\\Pipeline\\Pipeline->Illuminate\\Pipeline\\{closure}()
#30 C:\\xampp\\htdocs\\laravel-php3\\example-app\\vendor\\laravel\\framework\\src\\Illuminate\\Pipeline\\Pipeline.php(209): Illuminate\\Cookie\\Middleware\\EncryptCookies->handle()
#31 C:\\xampp\\htdocs\\laravel-php3\\example-app\\vendor\\laravel\\framework\\src\\Illuminate\\Pipeline\\Pipeline.php(127): Illuminate\\Pipeline\\Pipeline->Illuminate\\Pipeline\\{closure}()
#32 C:\\xampp\\htdocs\\laravel-php3\\example-app\\vendor\\laravel\\framework\\src\\Illuminate\\Routing\\Router.php(807): Illuminate\\Pipeline\\Pipeline->then()
#33 C:\\xampp\\htdocs\\laravel-php3\\example-app\\vendor\\laravel\\framework\\src\\Illuminate\\Routing\\Router.php(786): Illuminate\\Routing\\Router->runRouteWithinStack()
#34 C:\\xampp\\htdocs\\laravel-php3\\example-app\\vendor\\laravel\\framework\\src\\Illuminate\\Routing\\Router.php(750): Illuminate\\Routing\\Router->runRoute()
#35 C:\\xampp\\htdocs\\laravel-php3\\example-app\\vendor\\laravel\\framework\\src\\Illuminate\\Routing\\Router.php(739): Illuminate\\Routing\\Router->dispatchToRoute()
#36 C:\\xampp\\htdocs\\laravel-php3\\example-app\\vendor\\laravel\\framework\\src\\Illuminate\\Foundation\\Http\\Kernel.php(201): Illuminate\\Routing\\Router->dispatch()
#37 C:\\xampp\\htdocs\\laravel-php3\\example-app\\vendor\\laravel\\framework\\src\\Illuminate\\Pipeline\\Pipeline.php(170): Illuminate\\Foundation\\Http\\Kernel->Illuminate\\Foundation\\Http\\{closure}()
#38 C:\\xampp\\htdocs\\laravel-php3\\example-app\\vendor\\laravel\\framework\\src\\Illuminate\\Foundation\\Http\\Middleware\\TransformsRequest.php(21): Illuminate\\Pipeline\\Pipeline->Illuminate\\Pipeline\\{closure}()
#39 C:\\xampp\\htdocs\\laravel-php3\\example-app\\vendor\\laravel\\framework\\src\\Illuminate\\Foundation\\Http\\Middleware\\ConvertEmptyStringsToNull.php(31): Illuminate\\Foundation\\Http\\Middleware\\TransformsRequest->handle()
#40 C:\\xampp\\htdocs\\laravel-php3\\example-app\\vendor\\laravel\\framework\\src\\Illuminate\\Pipeline\\Pipeline.php(209): Illuminate\\Foundation\\Http\\Middleware\\ConvertEmptyStringsToNull->handle()
#41 C:\\xampp\\htdocs\\laravel-php3\\example-app\\vendor\\laravel\\framework\\src\\Illuminate\\Foundation\\Http\\Middleware\\TransformsRequest.php(21): Illuminate\\Pipeline\\Pipeline->Illuminate\\Pipeline\\{closure}()
#42 C:\\xampp\\htdocs\\laravel-php3\\example-app\\vendor\\laravel\\framework\\src\\Illuminate\\Foundation\\Http\\Middleware\\TrimStrings.php(51): Illuminate\\Foundation\\Http\\Middleware\\TransformsRequest->handle()
#43 C:\\xampp\\htdocs\\laravel-php3\\example-app\\vendor\\laravel\\framework\\src\\Illuminate\\Pipeline\\Pipeline.php(209): Illuminate\\Foundation\\Http\\Middleware\\TrimStrings->handle()
#44 C:\\xampp\\htdocs\\laravel-php3\\example-app\\vendor\\laravel\\framework\\src\\Illuminate\\Http\\Middleware\\ValidatePostSize.php(27): Illuminate\\Pipeline\\Pipeline->Illuminate\\Pipeline\\{closure}()
#45 C:\\xampp\\htdocs\\laravel-php3\\example-app\\vendor\\laravel\\framework\\src\\Illuminate\\Pipeline\\Pipeline.php(209): Illuminate\\Http\\Middleware\\ValidatePostSize->handle()
#46 C:\\xampp\\htdocs\\laravel-php3\\example-app\\vendor\\laravel\\framework\\src\\Illuminate\\Foundation\\Http\\Middleware\\PreventRequestsDuringMaintenance.php(110): Illuminate\\Pipeline\\Pipeline->Illuminate\\Pipeline\\{closure}()
#47 C:\\xampp\\htdocs\\laravel-php3\\example-app\\vendor\\laravel\\framework\\src\\Illuminate\\Pipeline\\Pipeline.php(209): Illuminate\\Foundation\\Http\\Middleware\\PreventRequestsDuringMaintenance->handle()
#48 C:\\xampp\\htdocs\\laravel-php3\\example-app\\vendor\\laravel\\framework\\src\\Illuminate\\Http\\Middleware\\HandleCors.php(49): Illuminate\\Pipeline\\Pipeline->Illuminate\\Pipeline\\{closure}()
#49 C:\\xampp\\htdocs\\laravel-php3\\example-app\\vendor\\laravel\\framework\\src\\Illuminate\\Pipeline\\Pipeline.php(209): Illuminate\\Http\\Middleware\\HandleCors->handle()
#50 C:\\xampp\\htdocs\\laravel-php3\\example-app\\vendor\\laravel\\framework\\src\\Illuminate\\Http\\Middleware\\TrustProxies.php(58): Illuminate\\Pipeline\\Pipeline->Illuminate\\Pipeline\\{closure}()
#51 C:\\xampp\\htdocs\\laravel-php3\\example-app\\vendor\\laravel\\framework\\src\\Illuminate\\Pipeline\\Pipeline.php(209): Illuminate\\Http\\Middleware\\TrustProxies->handle()
#52 C:\\xampp\\htdocs\\laravel-php3\\example-app\\vendor\\laravel\\framework\\src\\Illuminate\\Foundation\\Http\\Middleware\\InvokeDeferredCallbacks.php(22): Illuminate\\Pipeline\\Pipeline->Illuminate\\Pipeline\\{closure}()
#53 C:\\xampp\\htdocs\\laravel-php3\\example-app\\vendor\\laravel\\framework\\src\\Illuminate\\Pipeline\\Pipeline.php(209): Illuminate\\Foundation\\Http\\Middleware\\InvokeDeferredCallbacks->handle()
#54 C:\\xampp\\htdocs\\laravel-php3\\example-app\\vendor\\laravel\\framework\\src\\Illuminate\\Http\\Middleware\\ValidatePathEncoding.php(26): Illuminate\\Pipeline\\Pipeline->Illuminate\\Pipeline\\{closure}()
#55 C:\\xampp\\htdocs\\laravel-php3\\example-app\\vendor\\laravel\\framework\\src\\Illuminate\\Pipeline\\Pipeline.php(209): Illuminate\\Http\\Middleware\\ValidatePathEncoding->handle()
#56 C:\\xampp\\htdocs\\laravel-php3\\example-app\\vendor\\laravel\\framework\\src\\Illuminate\\Pipeline\\Pipeline.php(127): Illuminate\\Pipeline\\Pipeline->Illuminate\\Pipeline\\{closure}()
#57 C:\\xampp\\htdocs\\laravel-php3\\example-app\\vendor\\laravel\\framework\\src\\Illuminate\\Foundation\\Http\\Kernel.php(176): Illuminate\\Pipeline\\Pipeline->then()
#58 C:\\xampp\\htdocs\\laravel-php3\\example-app\\vendor\\laravel\\framework\\src\\Illuminate\\Foundation\\Http\\Kernel.php(145): Illuminate\\Foundation\\Http\\Kernel->sendRequestThroughRouter()
#59 C:\\xampp\\htdocs\\laravel-php3\\example-app\\vendor\\laravel\\framework\\src\\Illuminate\\Foundation\\Application.php(1220): Illuminate\\Foundation\\Http\\Kernel->handle()
#60 C:\\xampp\\htdocs\\laravel-php3\\example-app\\public\\index.php(20): Illuminate\\Foundation\\Application->handleRequest()
#61 C:\\xampp\\htdocs\\laravel-php3\\example-app\\vendor\\laravel\\framework\\src\\Illuminate\\Foundation\\resources\\server.php(23): require_once('...')
#62 {main}
"} 
[2025-04-10 02:00:09] local.ERROR: foreach() argument must be of type array|object, null given (View: C:\xampp\htdocs\laravel-php3\example-app\resources\views\checkout\show.blade.php) {"userId":1,"exception":"[object] (Illuminate\\View\\ViewException(code: 0): foreach() argument must be of type array|object, null given (View: C:\\xampp\\htdocs\\laravel-php3\\example-app\\resources\\views\\checkout\\show.blade.php) at C:\\xampp\\htdocs\\laravel-php3\\example-app\\storage\\framework\\views\\d2f25e20390eff3ee87f64eb707dce44.php:149)
[stacktrace]
#0 C:\\xampp\\htdocs\\laravel-php3\\example-app\\vendor\\laravel\\framework\\src\\Illuminate\\View\\Engines\\PhpEngine.php(60): Illuminate\\View\\Engines\\CompilerEngine->handleViewException()
#1 C:\\xampp\\htdocs\\laravel-php3\\example-app\\vendor\\laravel\\framework\\src\\Illuminate\\View\\Engines\\CompilerEngine.php(75): Illuminate\\View\\Engines\\PhpEngine->evaluatePath()
#2 C:\\xampp\\htdocs\\laravel-php3\\example-app\\vendor\\laravel\\framework\\src\\Illuminate\\View\\View.php(209): Illuminate\\View\\Engines\\CompilerEngine->get()
#3 C:\\xampp\\htdocs\\laravel-php3\\example-app\\vendor\\laravel\\framework\\src\\Illuminate\\View\\View.php(192): Illuminate\\View\\View->getContents()
#4 C:\\xampp\\htdocs\\laravel-php3\\example-app\\vendor\\laravel\\framework\\src\\Illuminate\\View\\View.php(161): Illuminate\\View\\View->renderContents()
#5 C:\\xampp\\htdocs\\laravel-php3\\example-app\\vendor\\laravel\\framework\\src\\Illuminate\\Http\\Response.php(79): Illuminate\\View\\View->render()
#6 C:\\xampp\\htdocs\\laravel-php3\\example-app\\vendor\\laravel\\framework\\src\\Illuminate\\Http\\Response.php(35): Illuminate\\Http\\Response->setContent()
#7 C:\\xampp\\htdocs\\laravel-php3\\example-app\\vendor\\laravel\\framework\\src\\Illuminate\\Routing\\Router.php(920): Illuminate\\Http\\Response->__construct()
#8 C:\\xampp\\htdocs\\laravel-php3\\example-app\\vendor\\laravel\\framework\\src\\Illuminate\\Routing\\Router.php(887): Illuminate\\Routing\\Router::toResponse()
#9 C:\\xampp\\htdocs\\laravel-php3\\example-app\\vendor\\laravel\\framework\\src\\Illuminate\\Routing\\Router.php(807): Illuminate\\Routing\\Router->prepareResponse()
#10 C:\\xampp\\htdocs\\laravel-php3\\example-app\\vendor\\laravel\\framework\\src\\Illuminate\\Pipeline\\Pipeline.php(170): Illuminate\\Routing\\Router->Illuminate\\Routing\\{closure}()
#11 C:\\xampp\\htdocs\\laravel-php3\\example-app\\vendor\\laravel\\framework\\src\\Illuminate\\Routing\\Middleware\\SubstituteBindings.php(51): Illuminate\\Pipeline\\Pipeline->Illuminate\\Pipeline\\{closure}()
#12 C:\\xampp\\htdocs\\laravel-php3\\example-app\\vendor\\laravel\\framework\\src\\Illuminate\\Pipeline\\Pipeline.php(209): Illuminate\\Routing\\Middleware\\SubstituteBindings->handle()
#13 C:\\xampp\\htdocs\\laravel-php3\\example-app\\vendor\\laravel\\framework\\src\\Illuminate\\Auth\\Middleware\\Authenticate.php(64): Illuminate\\Pipeline\\Pipeline->Illuminate\\Pipeline\\{closure}()
#14 C:\\xampp\\htdocs\\laravel-php3\\example-app\\vendor\\laravel\\framework\\src\\Illuminate\\Pipeline\\Pipeline.php(209): Illuminate\\Auth\\Middleware\\Authenticate->handle()
#15 C:\\xampp\\htdocs\\laravel-php3\\example-app\\vendor\\laravel\\framework\\src\\Illuminate\\Foundation\\Http\\Middleware\\VerifyCsrfToken.php(88): Illuminate\\Pipeline\\Pipeline->Illuminate\\Pipeline\\{closure}()
#16 C:\\xampp\\htdocs\\laravel-php3\\example-app\\vendor\\laravel\\framework\\src\\Illuminate\\Pipeline\\Pipeline.php(209): Illuminate\\Foundation\\Http\\Middleware\\VerifyCsrfToken->handle()
#17 C:\\xampp\\htdocs\\laravel-php3\\example-app\\vendor\\laravel\\framework\\src\\Illuminate\\View\\Middleware\\ShareErrorsFromSession.php(49): Illuminate\\Pipeline\\Pipeline->Illuminate\\Pipeline\\{closure}()
#18 C:\\xampp\\htdocs\\laravel-php3\\example-app\\vendor\\laravel\\framework\\src\\Illuminate\\Pipeline\\Pipeline.php(209): Illuminate\\View\\Middleware\\ShareErrorsFromSession->handle()
#19 C:\\xampp\\htdocs\\laravel-php3\\example-app\\vendor\\laravel\\framework\\src\\Illuminate\\Session\\Middleware\\StartSession.php(121): Illuminate\\Pipeline\\Pipeline->Illuminate\\Pipeline\\{closure}()
#20 C:\\xampp\\htdocs\\laravel-php3\\example-app\\vendor\\laravel\\framework\\src\\Illuminate\\Session\\Middleware\\StartSession.php(64): Illuminate\\Session\\Middleware\\StartSession->handleStatefulRequest()
#21 C:\\xampp\\htdocs\\laravel-php3\\example-app\\vendor\\laravel\\framework\\src\\Illuminate\\Pipeline\\Pipeline.php(209): Illuminate\\Session\\Middleware\\StartSession->handle()
#22 C:\\xampp\\htdocs\\laravel-php3\\example-app\\vendor\\laravel\\framework\\src\\Illuminate\\Cookie\\Middleware\\AddQueuedCookiesToResponse.php(37): Illuminate\\Pipeline\\Pipeline->Illuminate\\Pipeline\\{closure}()
#23 C:\\xampp\\htdocs\\laravel-php3\\example-app\\vendor\\laravel\\framework\\src\\Illuminate\\Pipeline\\Pipeline.php(209): Illuminate\\Cookie\\Middleware\\AddQueuedCookiesToResponse->handle()
#24 C:\\xampp\\htdocs\\laravel-php3\\example-app\\vendor\\laravel\\framework\\src\\Illuminate\\Cookie\\Middleware\\EncryptCookies.php(75): Illuminate\\Pipeline\\Pipeline->Illuminate\\Pipeline\\{closure}()
#25 C:\\xampp\\htdocs\\laravel-php3\\example-app\\vendor\\laravel\\framework\\src\\Illuminate\\Pipeline\\Pipeline.php(209): Illuminate\\Cookie\\Middleware\\EncryptCookies->handle()
#26 C:\\xampp\\htdocs\\laravel-php3\\example-app\\vendor\\laravel\\framework\\src\\Illuminate\\Pipeline\\Pipeline.php(127): Illuminate\\Pipeline\\Pipeline->Illuminate\\Pipeline\\{closure}()
#27 C:\\xampp\\htdocs\\laravel-php3\\example-app\\vendor\\laravel\\framework\\src\\Illuminate\\Routing\\Router.php(807): Illuminate\\Pipeline\\Pipeline->then()
#28 C:\\xampp\\htdocs\\laravel-php3\\example-app\\vendor\\laravel\\framework\\src\\Illuminate\\Routing\\Router.php(786): Illuminate\\Routing\\Router->runRouteWithinStack()
#29 C:\\xampp\\htdocs\\laravel-php3\\example-app\\vendor\\laravel\\framework\\src\\Illuminate\\Routing\\Router.php(750): Illuminate\\Routing\\Router->runRoute()
#30 C:\\xampp\\htdocs\\laravel-php3\\example-app\\vendor\\laravel\\framework\\src\\Illuminate\\Routing\\Router.php(739): Illuminate\\Routing\\Router->dispatchToRoute()
#31 C:\\xampp\\htdocs\\laravel-php3\\example-app\\vendor\\laravel\\framework\\src\\Illuminate\\Foundation\\Http\\Kernel.php(201): Illuminate\\Routing\\Router->dispatch()
#32 C:\\xampp\\htdocs\\laravel-php3\\example-app\\vendor\\laravel\\framework\\src\\Illuminate\\Pipeline\\Pipeline.php(170): Illuminate\\Foundation\\Http\\Kernel->Illuminate\\Foundation\\Http\\{closure}()
#33 C:\\xampp\\htdocs\\laravel-php3\\example-app\\vendor\\laravel\\framework\\src\\Illuminate\\Foundation\\Http\\Middleware\\TransformsRequest.php(21): Illuminate\\Pipeline\\Pipeline->Illuminate\\Pipeline\\{closure}()
#34 C:\\xampp\\htdocs\\laravel-php3\\example-app\\vendor\\laravel\\framework\\src\\Illuminate\\Foundation\\Http\\Middleware\\ConvertEmptyStringsToNull.php(31): Illuminate\\Foundation\\Http\\Middleware\\TransformsRequest->handle()
#35 C:\\xampp\\htdocs\\laravel-php3\\example-app\\vendor\\laravel\\framework\\src\\Illuminate\\Pipeline\\Pipeline.php(209): Illuminate\\Foundation\\Http\\Middleware\\ConvertEmptyStringsToNull->handle()
#36 C:\\xampp\\htdocs\\laravel-php3\\example-app\\vendor\\laravel\\framework\\src\\Illuminate\\Foundation\\Http\\Middleware\\TransformsRequest.php(21): Illuminate\\Pipeline\\Pipeline->Illuminate\\Pipeline\\{closure}()
#37 C:\\xampp\\htdocs\\laravel-php3\\example-app\\vendor\\laravel\\framework\\src\\Illuminate\\Foundation\\Http\\Middleware\\TrimStrings.php(51): Illuminate\\Foundation\\Http\\Middleware\\TransformsRequest->handle()
#38 C:\\xampp\\htdocs\\laravel-php3\\example-app\\vendor\\laravel\\framework\\src\\Illuminate\\Pipeline\\Pipeline.php(209): Illuminate\\Foundation\\Http\\Middleware\\TrimStrings->handle()
#39 C:\\xampp\\htdocs\\laravel-php3\\example-app\\vendor\\laravel\\framework\\src\\Illuminate\\Http\\Middleware\\ValidatePostSize.php(27): Illuminate\\Pipeline\\Pipeline->Illuminate\\Pipeline\\{closure}()
#40 C:\\xampp\\htdocs\\laravel-php3\\example-app\\vendor\\laravel\\framework\\src\\Illuminate\\Pipeline\\Pipeline.php(209): Illuminate\\Http\\Middleware\\ValidatePostSize->handle()
#41 C:\\xampp\\htdocs\\laravel-php3\\example-app\\vendor\\laravel\\framework\\src\\Illuminate\\Foundation\\Http\\Middleware\\PreventRequestsDuringMaintenance.php(110): Illuminate\\Pipeline\\Pipeline->Illuminate\\Pipeline\\{closure}()
#42 C:\\xampp\\htdocs\\laravel-php3\\example-app\\vendor\\laravel\\framework\\src\\Illuminate\\Pipeline\\Pipeline.php(209): Illuminate\\Foundation\\Http\\Middleware\\PreventRequestsDuringMaintenance->handle()
#43 C:\\xampp\\htdocs\\laravel-php3\\example-app\\vendor\\laravel\\framework\\src\\Illuminate\\Http\\Middleware\\HandleCors.php(49): Illuminate\\Pipeline\\Pipeline->Illuminate\\Pipeline\\{closure}()
#44 C:\\xampp\\htdocs\\laravel-php3\\example-app\\vendor\\laravel\\framework\\src\\Illuminate\\Pipeline\\Pipeline.php(209): Illuminate\\Http\\Middleware\\HandleCors->handle()
#45 C:\\xampp\\htdocs\\laravel-php3\\example-app\\vendor\\laravel\\framework\\src\\Illuminate\\Http\\Middleware\\TrustProxies.php(58): Illuminate\\Pipeline\\Pipeline->Illuminate\\Pipeline\\{closure}()
#46 C:\\xampp\\htdocs\\laravel-php3\\example-app\\vendor\\laravel\\framework\\src\\Illuminate\\Pipeline\\Pipeline.php(209): Illuminate\\Http\\Middleware\\TrustProxies->handle()
#47 C:\\xampp\\htdocs\\laravel-php3\\example-app\\vendor\\laravel\\framework\\src\\Illuminate\\Foundation\\Http\\Middleware\\InvokeDeferredCallbacks.php(22): Illuminate\\Pipeline\\Pipeline->Illuminate\\Pipeline\\{closure}()
#48 C:\\xampp\\htdocs\\laravel-php3\\example-app\\vendor\\laravel\\framework\\src\\Illuminate\\Pipeline\\Pipeline.php(209): Illuminate\\Foundation\\Http\\Middleware\\InvokeDeferredCallbacks->handle()
#49 C:\\xampp\\htdocs\\laravel-php3\\example-app\\vendor\\laravel\\framework\\src\\Illuminate\\Http\\Middleware\\ValidatePathEncoding.php(26): Illuminate\\Pipeline\\Pipeline->Illuminate\\Pipeline\\{closure}()
#50 C:\\xampp\\htdocs\\laravel-php3\\example-app\\vendor\\laravel\\framework\\src\\Illuminate\\Pipeline\\Pipeline.php(209): Illuminate\\Http\\Middleware\\ValidatePathEncoding->handle()
#51 C:\\xampp\\htdocs\\laravel-php3\\example-app\\vendor\\laravel\\framework\\src\\Illuminate\\Pipeline\\Pipeline.php(127): Illuminate\\Pipeline\\Pipeline->Illuminate\\Pipeline\\{closure}()
#52 C:\\xampp\\htdocs\\laravel-php3\\example-app\\vendor\\laravel\\framework\\src\\Illuminate\\Foundation\\Http\\Kernel.php(176): Illuminate\\Pipeline\\Pipeline->then()
#53 C:\\xampp\\htdocs\\laravel-php3\\example-app\\vendor\\laravel\\framework\\src\\Illuminate\\Foundation\\Http\\Kernel.php(145): Illuminate\\Foundation\\Http\\Kernel->sendRequestThroughRouter()
#54 C:\\xampp\\htdocs\\laravel-php3\\example-app\\vendor\\laravel\\framework\\src\\Illuminate\\Foundation\\Application.php(1220): Illuminate\\Foundation\\Http\\Kernel->handle()
#55 C:\\xampp\\htdocs\\laravel-php3\\example-app\\public\\index.php(20): Illuminate\\Foundation\\Application->handleRequest()
#56 C:\\xampp\\htdocs\\laravel-php3\\example-app\\vendor\\laravel\\framework\\src\\Illuminate\\Foundation\\resources\\server.php(23): require_once('...')
#57 {main}

[previous exception] [object] (ErrorException(code: 0): foreach() argument must be of type array|object, null given at C:\\xampp\\htdocs\\laravel-php3\\example-app\\storage\\framework\\views\\d2f25e20390eff3ee87f64eb707dce44.php:149)
[stacktrace]
#0 C:\\xampp\\htdocs\\laravel-php3\\example-app\\vendor\\laravel\\framework\\src\\Illuminate\\Foundation\\Bootstrap\\HandleExceptions.php(256): Illuminate\\Foundation\\Bootstrap\\HandleExceptions->handleError()
#1 C:\\xampp\\htdocs\\laravel-php3\\example-app\\storage\\framework\\views\\d2f25e20390eff3ee87f64eb707dce44.php(149): Illuminate\\Foundation\\Bootstrap\\HandleExceptions->Illuminate\\Foundation\\Bootstrap\\{closure}()
#2 C:\\xampp\\htdocs\\laravel-php3\\example-app\\vendor\\laravel\\framework\\src\\Illuminate\\Filesystem\\Filesystem.php(123): require('...')
#3 C:\\xampp\\htdocs\\laravel-php3\\example-app\\vendor\\laravel\\framework\\src\\Illuminate\\Filesystem\\Filesystem.php(124): Illuminate\\Filesystem\\Filesystem::Illuminate\\Filesystem\\{closure}()
#4 C:\\xampp\\htdocs\\laravel-php3\\example-app\\vendor\\laravel\\framework\\src\\Illuminate\\View\\Engines\\PhpEngine.php(58): Illuminate\\Filesystem\\Filesystem->getRequire()
#5 C:\\xampp\\htdocs\\laravel-php3\\example-app\\vendor\\laravel\\framework\\src\\Illuminate\\View\\Engines\\CompilerEngine.php(75): Illuminate\\View\\Engines\\PhpEngine->evaluatePath()
#6 C:\\xampp\\htdocs\\laravel-php3\\example-app\\vendor\\laravel\\framework\\src\\Illuminate\\View\\View.php(209): Illuminate\\View\\Engines\\CompilerEngine->get()
#7 C:\\xampp\\htdocs\\laravel-php3\\example-app\\vendor\\laravel\\framework\\src\\Illuminate\\View\\View.php(192): Illuminate\\View\\View->getContents()
#8 C:\\xampp\\htdocs\\laravel-php3\\example-app\\vendor\\laravel\\framework\\src\\Illuminate\\View\\View.php(161): Illuminate\\View\\View->renderContents()
#9 C:\\xampp\\htdocs\\laravel-php3\\example-app\\vendor\\laravel\\framework\\src\\Illuminate\\Http\\Response.php(79): Illuminate\\View\\View->render()
#10 C:\\xampp\\htdocs\\laravel-php3\\example-app\\vendor\\laravel\\framework\\src\\Illuminate\\Http\\Response.php(35): Illuminate\\Http\\Response->setContent()
#11 C:\\xampp\\htdocs\\laravel-php3\\example-app\\vendor\\laravel\\framework\\src\\Illuminate\\Routing\\Router.php(920): Illuminate\\Http\\Response->__construct()
#12 C:\\xampp\\htdocs\\laravel-php3\\example-app\\vendor\\laravel\\framework\\src\\Illuminate\\Routing\\Router.php(887): Illuminate\\Routing\\Router::toResponse()
#13 C:\\xampp\\htdocs\\laravel-php3\\example-app\\vendor\\laravel\\framework\\src\\Illuminate\\Routing\\Router.php(807): Illuminate\\Routing\\Router->prepareResponse()
#14 C:\\xampp\\htdocs\\laravel-php3\\example-app\\vendor\\laravel\\framework\\src\\Illuminate\\Pipeline\\Pipeline.php(170): Illuminate\\Routing\\Router->Illuminate\\Routing\\{closure}()
#15 C:\\xampp\\htdocs\\laravel-php3\\example-app\\vendor\\laravel\\framework\\src\\Illuminate\\Routing\\Middleware\\SubstituteBindings.php(51): Illuminate\\Pipeline\\Pipeline->Illuminate\\Pipeline\\{closure}()
#16 C:\\xampp\\htdocs\\laravel-php3\\example-app\\vendor\\laravel\\framework\\src\\Illuminate\\Pipeline\\Pipeline.php(209): Illuminate\\Routing\\Middleware\\SubstituteBindings->handle()
#17 C:\\xampp\\htdocs\\laravel-php3\\example-app\\vendor\\laravel\\framework\\src\\Illuminate\\Auth\\Middleware\\Authenticate.php(64): Illuminate\\Pipeline\\Pipeline->Illuminate\\Pipeline\\{closure}()
#18 C:\\xampp\\htdocs\\laravel-php3\\example-app\\vendor\\laravel\\framework\\src\\Illuminate\\Pipeline\\Pipeline.php(209): Illuminate\\Auth\\Middleware\\Authenticate->handle()
#19 C:\\xampp\\htdocs\\laravel-php3\\example-app\\vendor\\laravel\\framework\\src\\Illuminate\\Foundation\\Http\\Middleware\\VerifyCsrfToken.php(88): Illuminate\\Pipeline\\Pipeline->Illuminate\\Pipeline\\{closure}()
#20 C:\\xampp\\htdocs\\laravel-php3\\example-app\\vendor\\laravel\\framework\\src\\Illuminate\\Pipeline\\Pipeline.php(209): Illuminate\\Foundation\\Http\\Middleware\\VerifyCsrfToken->handle()
#21 C:\\xampp\\htdocs\\laravel-php3\\example-app\\vendor\\laravel\\framework\\src\\Illuminate\\View\\Middleware\\ShareErrorsFromSession.php(49): Illuminate\\Pipeline\\Pipeline->Illuminate\\Pipeline\\{closure}()
#22 C:\\xampp\\htdocs\\laravel-php3\\example-app\\vendor\\laravel\\framework\\src\\Illuminate\\Pipeline\\Pipeline.php(209): Illuminate\\View\\Middleware\\ShareErrorsFromSession->handle()
#23 C:\\xampp\\htdocs\\laravel-php3\\example-app\\vendor\\laravel\\framework\\src\\Illuminate\\Session\\Middleware\\StartSession.php(121): Illuminate\\Pipeline\\Pipeline->Illuminate\\Pipeline\\{closure}()
#24 C:\\xampp\\htdocs\\laravel-php3\\example-app\\vendor\\laravel\\framework\\src\\Illuminate\\Session\\Middleware\\StartSession.php(64): Illuminate\\Session\\Middleware\\StartSession->handleStatefulRequest()
#25 C:\\xampp\\htdocs\\laravel-php3\\example-app\\vendor\\laravel\\framework\\src\\Illuminate\\Pipeline\\Pipeline.php(209): Illuminate\\Session\\Middleware\\StartSession->handle()
#26 C:\\xampp\\htdocs\\laravel-php3\\example-app\\vendor\\laravel\\framework\\src\\Illuminate\\Cookie\\Middleware\\AddQueuedCookiesToResponse.php(37): Illuminate\\Pipeline\\Pipeline->Illuminate\\Pipeline\\{closure}()
#27 C:\\xampp\\htdocs\\laravel-php3\\example-app\\vendor\\laravel\\framework\\src\\Illuminate\\Pipeline\\Pipeline.php(209): Illuminate\\Cookie\\Middleware\\AddQueuedCookiesToResponse->handle()
#28 C:\\xampp\\htdocs\\laravel-php3\\example-app\\vendor\\laravel\\framework\\src\\Illuminate\\Cookie\\Middleware\\EncryptCookies.php(75): Illuminate\\Pipeline\\Pipeline->Illuminate\\Pipeline\\{closure}()
#29 C:\\xampp\\htdocs\\laravel-php3\\example-app\\vendor\\laravel\\framework\\src\\Illuminate\\Pipeline\\Pipeline.php(209): Illuminate\\Cookie\\Middleware\\EncryptCookies->handle()
#30 C:\\xampp\\htdocs\\laravel-php3\\example-app\\vendor\\laravel\\framework\\src\\Illuminate\\Pipeline\\Pipeline.php(127): Illuminate\\Pipeline\\Pipeline->Illuminate\\Pipeline\\{closure}()
#31 C:\\xampp\\htdocs\\laravel-php3\\example-app\\vendor\\laravel\\framework\\src\\Illuminate\\Routing\\Router.php(807): Illuminate\\Pipeline\\Pipeline->then()
#32 C:\\xampp\\htdocs\\laravel-php3\\example-app\\vendor\\laravel\\framework\\src\\Illuminate\\Routing\\Router.php(786): Illuminate\\Routing\\Router->runRouteWithinStack()
#33 C:\\xampp\\htdocs\\laravel-php3\\example-app\\vendor\\laravel\\framework\\src\\Illuminate\\Routing\\Router.php(750): Illuminate\\Routing\\Router->runRoute()
#34 C:\\xampp\\htdocs\\laravel-php3\\example-app\\vendor\\laravel\\framework\\src\\Illuminate\\Routing\\Router.php(739): Illuminate\\Routing\\Router->dispatchToRoute()
#35 C:\\xampp\\htdocs\\laravel-php3\\example-app\\vendor\\laravel\\framework\\src\\Illuminate\\Foundation\\Http\\Kernel.php(201): Illuminate\\Routing\\Router->dispatch()
#36 C:\\xampp\\htdocs\\laravel-php3\\example-app\\vendor\\laravel\\framework\\src\\Illuminate\\Pipeline\\Pipeline.php(170): Illuminate\\Foundation\\Http\\Kernel->Illuminate\\Foundation\\Http\\{closure}()
#37 C:\\xampp\\htdocs\\laravel-php3\\example-app\\vendor\\laravel\\framework\\src\\Illuminate\\Foundation\\Http\\Middleware\\TransformsRequest.php(21): Illuminate\\Pipeline\\Pipeline->Illuminate\\Pipeline\\{closure}()
#38 C:\\xampp\\htdocs\\laravel-php3\\example-app\\vendor\\laravel\\framework\\src\\Illuminate\\Foundation\\Http\\Middleware\\ConvertEmptyStringsToNull.php(31): Illuminate\\Foundation\\Http\\Middleware\\TransformsRequest->handle()
#39 C:\\xampp\\htdocs\\laravel-php3\\example-app\\vendor\\laravel\\framework\\src\\Illuminate\\Pipeline\\Pipeline.php(209): Illuminate\\Foundation\\Http\\Middleware\\ConvertEmptyStringsToNull->handle()
#40 C:\\xampp\\htdocs\\laravel-php3\\example-app\\vendor\\laravel\\framework\\src\\Illuminate\\Foundation\\Http\\Middleware\\TransformsRequest.php(21): Illuminate\\Pipeline\\Pipeline->Illuminate\\Pipeline\\{closure}()
#41 C:\\xampp\\htdocs\\laravel-php3\\example-app\\vendor\\laravel\\framework\\src\\Illuminate\\Foundation\\Http\\Middleware\\TrimStrings.php(51): Illuminate\\Foundation\\Http\\Middleware\\TransformsRequest->handle()
#42 C:\\xampp\\htdocs\\laravel-php3\\example-app\\vendor\\laravel\\framework\\src\\Illuminate\\Pipeline\\Pipeline.php(209): Illuminate\\Foundation\\Http\\Middleware\\TrimStrings->handle()
#43 C:\\xampp\\htdocs\\laravel-php3\\example-app\\vendor\\laravel\\framework\\src\\Illuminate\\Http\\Middleware\\ValidatePostSize.php(27): Illuminate\\Pipeline\\Pipeline->Illuminate\\Pipeline\\{closure}()
#44 C:\\xampp\\htdocs\\laravel-php3\\example-app\\vendor\\laravel\\framework\\src\\Illuminate\\Pipeline\\Pipeline.php(209): Illuminate\\Http\\Middleware\\ValidatePostSize->handle()
#45 C:\\xampp\\htdocs\\laravel-php3\\example-app\\vendor\\laravel\\framework\\src\\Illuminate\\Foundation\\Http\\Middleware\\PreventRequestsDuringMaintenance.php(110): Illuminate\\Pipeline\\Pipeline->Illuminate\\Pipeline\\{closure}()
#46 C:\\xampp\\htdocs\\laravel-php3\\example-app\\vendor\\laravel\\framework\\src\\Illuminate\\Pipeline\\Pipeline.php(209): Illuminate\\Foundation\\Http\\Middleware\\PreventRequestsDuringMaintenance->handle()
#47 C:\\xampp\\htdocs\\laravel-php3\\example-app\\vendor\\laravel\\framework\\src\\Illuminate\\Http\\Middleware\\HandleCors.php(49): Illuminate\\Pipeline\\Pipeline->Illuminate\\Pipeline\\{closure}()
#48 C:\\xampp\\htdocs\\laravel-php3\\example-app\\vendor\\laravel\\framework\\src\\Illuminate\\Pipeline\\Pipeline.php(209): Illuminate\\Http\\Middleware\\HandleCors->handle()
#49 C:\\xampp\\htdocs\\laravel-php3\\example-app\\vendor\\laravel\\framework\\src\\Illuminate\\Http\\Middleware\\TrustProxies.php(58): Illuminate\\Pipeline\\Pipeline->Illuminate\\Pipeline\\{closure}()
#50 C:\\xampp\\htdocs\\laravel-php3\\example-app\\vendor\\laravel\\framework\\src\\Illuminate\\Pipeline\\Pipeline.php(209): Illuminate\\Http\\Middleware\\TrustProxies->handle()
#51 C:\\xampp\\htdocs\\laravel-php3\\example-app\\vendor\\laravel\\framework\\src\\Illuminate\\Foundation\\Http\\Middleware\\InvokeDeferredCallbacks.php(22): Illuminate\\Pipeline\\Pipeline->Illuminate\\Pipeline\\{closure}()
#52 C:\\xampp\\htdocs\\laravel-php3\\example-app\\vendor\\laravel\\framework\\src\\Illuminate\\Pipeline\\Pipeline.php(209): Illuminate\\Foundation\\Http\\Middleware\\InvokeDeferredCallbacks->handle()
#53 C:\\xampp\\htdocs\\laravel-php3\\example-app\\vendor\\laravel\\framework\\src\\Illuminate\\Http\\Middleware\\ValidatePathEncoding.php(26): Illuminate\\Pipeline\\Pipeline->Illuminate\\Pipeline\\{closure}()
#54 C:\\xampp\\htdocs\\laravel-php3\\example-app\\vendor\\laravel\\framework\\src\\Illuminate\\Pipeline\\Pipeline.php(209): Illuminate\\Http\\Middleware\\ValidatePathEncoding->handle()
#55 C:\\xampp\\htdocs\\laravel-php3\\example-app\\vendor\\laravel\\framework\\src\\Illuminate\\Pipeline\\Pipeline.php(127): Illuminate\\Pipeline\\Pipeline->Illuminate\\Pipeline\\{closure}()
#56 C:\\xampp\\htdocs\\laravel-php3\\example-app\\vendor\\laravel\\framework\\src\\Illuminate\\Foundation\\Http\\Kernel.php(176): Illuminate\\Pipeline\\Pipeline->then()
#57 C:\\xampp\\htdocs\\laravel-php3\\example-app\\vendor\\laravel\\framework\\src\\Illuminate\\Foundation\\Http\\Kernel.php(145): Illuminate\\Foundation\\Http\\Kernel->sendRequestThroughRouter()
#58 C:\\xampp\\htdocs\\laravel-php3\\example-app\\vendor\\laravel\\framework\\src\\Illuminate\\Foundation\\Application.php(1220): Illuminate\\Foundation\\Http\\Kernel->handle()
#59 C:\\xampp\\htdocs\\laravel-php3\\example-app\\public\\index.php(20): Illuminate\\Foundation\\Application->handleRequest()
#60 C:\\xampp\\htdocs\\laravel-php3\\example-app\\vendor\\laravel\\framework\\src\\Illuminate\\Foundation\\resources\\server.php(23): require_once('...')
#61 {main}
"} 
[2025-04-10 02:00:20] local.ERROR: foreach() argument must be of type array|object, null given (View: C:\xampp\htdocs\laravel-php3\example-app\resources\views\checkout\show.blade.php) {"userId":1,"exception":"[object] (Illuminate\\View\\ViewException(code: 0): foreach() argument must be of type array|object, null given (View: C:\\xampp\\htdocs\\laravel-php3\\example-app\\resources\\views\\checkout\\show.blade.php) at C:\\xampp\\htdocs\\laravel-php3\\example-app\\storage\\framework\\views\\d2f25e20390eff3ee87f64eb707dce44.php:149)
[stacktrace]
#0 C:\\xampp\\htdocs\\laravel-php3\\example-app\\vendor\\laravel\\framework\\src\\Illuminate\\View\\Engines\\PhpEngine.php(60): Illuminate\\View\\Engines\\CompilerEngine->handleViewException()
#1 C:\\xampp\\htdocs\\laravel-php3\\example-app\\vendor\\laravel\\framework\\src\\Illuminate\\View\\Engines\\CompilerEngine.php(75): Illuminate\\View\\Engines\\PhpEngine->evaluatePath()
#2 C:\\xampp\\htdocs\\laravel-php3\\example-app\\vendor\\laravel\\framework\\src\\Illuminate\\View\\View.php(209): Illuminate\\View\\Engines\\CompilerEngine->get()
#3 C:\\xampp\\htdocs\\laravel-php3\\example-app\\vendor\\laravel\\framework\\src\\Illuminate\\View\\View.php(192): Illuminate\\View\\View->getContents()
#4 C:\\xampp\\htdocs\\laravel-php3\\example-app\\vendor\\laravel\\framework\\src\\Illuminate\\View\\View.php(161): Illuminate\\View\\View->renderContents()
#5 C:\\xampp\\htdocs\\laravel-php3\\example-app\\vendor\\laravel\\framework\\src\\Illuminate\\Http\\Response.php(79): Illuminate\\View\\View->render()
#6 C:\\xampp\\htdocs\\laravel-php3\\example-app\\vendor\\laravel\\framework\\src\\Illuminate\\Http\\Response.php(35): Illuminate\\Http\\Response->setContent()
#7 C:\\xampp\\htdocs\\laravel-php3\\example-app\\vendor\\laravel\\framework\\src\\Illuminate\\Routing\\Router.php(920): Illuminate\\Http\\Response->__construct()
#8 C:\\xampp\\htdocs\\laravel-php3\\example-app\\vendor\\laravel\\framework\\src\\Illuminate\\Routing\\Router.php(887): Illuminate\\Routing\\Router::toResponse()
#9 C:\\xampp\\htdocs\\laravel-php3\\example-app\\vendor\\laravel\\framework\\src\\Illuminate\\Routing\\Router.php(807): Illuminate\\Routing\\Router->prepareResponse()
#10 C:\\xampp\\htdocs\\laravel-php3\\example-app\\vendor\\laravel\\framework\\src\\Illuminate\\Pipeline\\Pipeline.php(170): Illuminate\\Routing\\Router->Illuminate\\Routing\\{closure}()
#11 C:\\xampp\\htdocs\\laravel-php3\\example-app\\vendor\\laravel\\framework\\src\\Illuminate\\Routing\\Middleware\\SubstituteBindings.php(51): Illuminate\\Pipeline\\Pipeline->Illuminate\\Pipeline\\{closure}()
#12 C:\\xampp\\htdocs\\laravel-php3\\example-app\\vendor\\laravel\\framework\\src\\Illuminate\\Pipeline\\Pipeline.php(209): Illuminate\\Routing\\Middleware\\SubstituteBindings->handle()
#13 C:\\xampp\\htdocs\\laravel-php3\\example-app\\vendor\\laravel\\framework\\src\\Illuminate\\Auth\\Middleware\\Authenticate.php(64): Illuminate\\Pipeline\\Pipeline->Illuminate\\Pipeline\\{closure}()
#14 C:\\xampp\\htdocs\\laravel-php3\\example-app\\vendor\\laravel\\framework\\src\\Illuminate\\Pipeline\\Pipeline.php(209): Illuminate\\Auth\\Middleware\\Authenticate->handle()
#15 C:\\xampp\\htdocs\\laravel-php3\\example-app\\vendor\\laravel\\framework\\src\\Illuminate\\Foundation\\Http\\Middleware\\VerifyCsrfToken.php(88): Illuminate\\Pipeline\\Pipeline->Illuminate\\Pipeline\\{closure}()
#16 C:\\xampp\\htdocs\\laravel-php3\\example-app\\vendor\\laravel\\framework\\src\\Illuminate\\Pipeline\\Pipeline.php(209): Illuminate\\Foundation\\Http\\Middleware\\VerifyCsrfToken->handle()
#17 C:\\xampp\\htdocs\\laravel-php3\\example-app\\vendor\\laravel\\framework\\src\\Illuminate\\View\\Middleware\\ShareErrorsFromSession.php(49): Illuminate\\Pipeline\\Pipeline->Illuminate\\Pipeline\\{closure}()
#18 C:\\xampp\\htdocs\\laravel-php3\\example-app\\vendor\\laravel\\framework\\src\\Illuminate\\Pipeline\\Pipeline.php(209): Illuminate\\View\\Middleware\\ShareErrorsFromSession->handle()
#19 C:\\xampp\\htdocs\\laravel-php3\\example-app\\vendor\\laravel\\framework\\src\\Illuminate\\Session\\Middleware\\StartSession.php(121): Illuminate\\Pipeline\\Pipeline->Illuminate\\Pipeline\\{closure}()
#20 C:\\xampp\\htdocs\\laravel-php3\\example-app\\vendor\\laravel\\framework\\src\\Illuminate\\Session\\Middleware\\StartSession.php(64): Illuminate\\Session\\Middleware\\StartSession->handleStatefulRequest()
#21 C:\\xampp\\htdocs\\laravel-php3\\example-app\\vendor\\laravel\\framework\\src\\Illuminate\\Pipeline\\Pipeline.php(209): Illuminate\\Session\\Middleware\\StartSession->handle()
#22 C:\\xampp\\htdocs\\laravel-php3\\example-app\\vendor\\laravel\\framework\\src\\Illuminate\\Cookie\\Middleware\\AddQueuedCookiesToResponse.php(37): Illuminate\\Pipeline\\Pipeline->Illuminate\\Pipeline\\{closure}()
#23 C:\\xampp\\htdocs\\laravel-php3\\example-app\\vendor\\laravel\\framework\\src\\Illuminate\\Pipeline\\Pipeline.php(209): Illuminate\\Cookie\\Middleware\\AddQueuedCookiesToResponse->handle()
#24 C:\\xampp\\htdocs\\laravel-php3\\example-app\\vendor\\laravel\\framework\\src\\Illuminate\\Cookie\\Middleware\\EncryptCookies.php(75): Illuminate\\Pipeline\\Pipeline->Illuminate\\Pipeline\\{closure}()
#25 C:\\xampp\\htdocs\\laravel-php3\\example-app\\vendor\\laravel\\framework\\src\\Illuminate\\Pipeline\\Pipeline.php(209): Illuminate\\Cookie\\Middleware\\EncryptCookies->handle()
#26 C:\\xampp\\htdocs\\laravel-php3\\example-app\\vendor\\laravel\\framework\\src\\Illuminate\\Pipeline\\Pipeline.php(127): Illuminate\\Pipeline\\Pipeline->Illuminate\\Pipeline\\{closure}()
#27 C:\\xampp\\htdocs\\laravel-php3\\example-app\\vendor\\laravel\\framework\\src\\Illuminate\\Routing\\Router.php(807): Illuminate\\Pipeline\\Pipeline->then()
#28 C:\\xampp\\htdocs\\laravel-php3\\example-app\\vendor\\laravel\\framework\\src\\Illuminate\\Routing\\Router.php(786): Illuminate\\Routing\\Router->runRouteWithinStack()
#29 C:\\xampp\\htdocs\\laravel-php3\\example-app\\vendor\\laravel\\framework\\src\\Illuminate\\Routing\\Router.php(750): Illuminate\\Routing\\Router->runRoute()
#30 C:\\xampp\\htdocs\\laravel-php3\\example-app\\vendor\\laravel\\framework\\src\\Illuminate\\Routing\\Router.php(739): Illuminate\\Routing\\Router->dispatchToRoute()
#31 C:\\xampp\\htdocs\\laravel-php3\\example-app\\vendor\\laravel\\framework\\src\\Illuminate\\Foundation\\Http\\Kernel.php(201): Illuminate\\Routing\\Router->dispatch()
#32 C:\\xampp\\htdocs\\laravel-php3\\example-app\\vendor\\laravel\\framework\\src\\Illuminate\\Pipeline\\Pipeline.php(170): Illuminate\\Foundation\\Http\\Kernel->Illuminate\\Foundation\\Http\\{closure}()
#33 C:\\xampp\\htdocs\\laravel-php3\\example-app\\vendor\\laravel\\framework\\src\\Illuminate\\Foundation\\Http\\Middleware\\TransformsRequest.php(21): Illuminate\\Pipeline\\Pipeline->Illuminate\\Pipeline\\{closure}()
#34 C:\\xampp\\htdocs\\laravel-php3\\example-app\\vendor\\laravel\\framework\\src\\Illuminate\\Foundation\\Http\\Middleware\\ConvertEmptyStringsToNull.php(31): Illuminate\\Foundation\\Http\\Middleware\\TransformsRequest->handle()
#35 C:\\xampp\\htdocs\\laravel-php3\\example-app\\vendor\\laravel\\framework\\src\\Illuminate\\Pipeline\\Pipeline.php(209): Illuminate\\Foundation\\Http\\Middleware\\ConvertEmptyStringsToNull->handle()
#36 C:\\xampp\\htdocs\\laravel-php3\\example-app\\vendor\\laravel\\framework\\src\\Illuminate\\Foundation\\Http\\Middleware\\TransformsRequest.php(21): Illuminate\\Pipeline\\Pipeline->Illuminate\\Pipeline\\{closure}()
#37 C:\\xampp\\htdocs\\laravel-php3\\example-app\\vendor\\laravel\\framework\\src\\Illuminate\\Foundation\\Http\\Middleware\\TrimStrings.php(51): Illuminate\\Foundation\\Http\\Middleware\\TransformsRequest->handle()
#38 C:\\xampp\\htdocs\\laravel-php3\\example-app\\vendor\\laravel\\framework\\src\\Illuminate\\Pipeline\\Pipeline.php(209): Illuminate\\Foundation\\Http\\Middleware\\TrimStrings->handle()
#39 C:\\xampp\\htdocs\\laravel-php3\\example-app\\vendor\\laravel\\framework\\src\\Illuminate\\Http\\Middleware\\ValidatePostSize.php(27): Illuminate\\Pipeline\\Pipeline->Illuminate\\Pipeline\\{closure}()
#40 C:\\xampp\\htdocs\\laravel-php3\\example-app\\vendor\\laravel\\framework\\src\\Illuminate\\Pipeline\\Pipeline.php(209): Illuminate\\Http\\Middleware\\ValidatePostSize->handle()
#41 C:\\xampp\\htdocs\\laravel-php3\\example-app\\vendor\\laravel\\framework\\src\\Illuminate\\Foundation\\Http\\Middleware\\PreventRequestsDuringMaintenance.php(110): Illuminate\\Pipeline\\Pipeline->Illuminate\\Pipeline\\{closure}()
#42 C:\\xampp\\htdocs\\laravel-php3\\example-app\\vendor\\laravel\\framework\\src\\Illuminate\\Pipeline\\Pipeline.php(209): Illuminate\\Foundation\\Http\\Middleware\\PreventRequestsDuringMaintenance->handle()
#43 C:\\xampp\\htdocs\\laravel-php3\\example-app\\vendor\\laravel\\framework\\src\\Illuminate\\Http\\Middleware\\HandleCors.php(49): Illuminate\\Pipeline\\Pipeline->Illuminate\\Pipeline\\{closure}()
#44 C:\\xampp\\htdocs\\laravel-php3\\example-app\\vendor\\laravel\\framework\\src\\Illuminate\\Pipeline\\Pipeline.php(209): Illuminate\\Http\\Middleware\\HandleCors->handle()
#45 C:\\xampp\\htdocs\\laravel-php3\\example-app\\vendor\\laravel\\framework\\src\\Illuminate\\Http\\Middleware\\TrustProxies.php(58): Illuminate\\Pipeline\\Pipeline->Illuminate\\Pipeline\\{closure}()
#46 C:\\xampp\\htdocs\\laravel-php3\\example-app\\vendor\\laravel\\framework\\src\\Illuminate\\Pipeline\\Pipeline.php(209): Illuminate\\Http\\Middleware\\TrustProxies->handle()
#47 C:\\xampp\\htdocs\\laravel-php3\\example-app\\vendor\\laravel\\framework\\src\\Illuminate\\Foundation\\Http\\Middleware\\InvokeDeferredCallbacks.php(22): Illuminate\\Pipeline\\Pipeline->Illuminate\\Pipeline\\{closure}()
#48 C:\\xampp\\htdocs\\laravel-php3\\example-app\\vendor\\laravel\\framework\\src\\Illuminate\\Pipeline\\Pipeline.php(209): Illuminate\\Foundation\\Http\\Middleware\\InvokeDeferredCallbacks->handle()
#49 C:\\xampp\\htdocs\\laravel-php3\\example-app\\vendor\\laravel\\framework\\src\\Illuminate\\Http\\Middleware\\ValidatePathEncoding.php(26): Illuminate\\Pipeline\\Pipeline->Illuminate\\Pipeline\\{closure}()
#50 C:\\xampp\\htdocs\\laravel-php3\\example-app\\vendor\\laravel\\framework\\src\\Illuminate\\Pipeline\\Pipeline.php(209): Illuminate\\Http\\Middleware\\ValidatePathEncoding->handle()
#51 C:\\xampp\\htdocs\\laravel-php3\\example-app\\vendor\\laravel\\framework\\src\\Illuminate\\Pipeline\\Pipeline.php(127): Illuminate\\Pipeline\\Pipeline->Illuminate\\Pipeline\\{closure}()
#52 C:\\xampp\\htdocs\\laravel-php3\\example-app\\vendor\\laravel\\framework\\src\\Illuminate\\Foundation\\Http\\Kernel.php(176): Illuminate\\Pipeline\\Pipeline->then()
#53 C:\\xampp\\htdocs\\laravel-php3\\example-app\\vendor\\laravel\\framework\\src\\Illuminate\\Foundation\\Http\\Kernel.php(145): Illuminate\\Foundation\\Http\\Kernel->sendRequestThroughRouter()
#54 C:\\xampp\\htdocs\\laravel-php3\\example-app\\vendor\\laravel\\framework\\src\\Illuminate\\Foundation\\Application.php(1220): Illuminate\\Foundation\\Http\\Kernel->handle()
#55 C:\\xampp\\htdocs\\laravel-php3\\example-app\\public\\index.php(20): Illuminate\\Foundation\\Application->handleRequest()
#56 C:\\xampp\\htdocs\\laravel-php3\\example-app\\vendor\\laravel\\framework\\src\\Illuminate\\Foundation\\resources\\server.php(23): require_once('...')
#57 {main}

[previous exception] [object] (ErrorException(code: 0): foreach() argument must be of type array|object, null given at C:\\xampp\\htdocs\\laravel-php3\\example-app\\storage\\framework\\views\\d2f25e20390eff3ee87f64eb707dce44.php:149)
[stacktrace]
#0 C:\\xampp\\htdocs\\laravel-php3\\example-app\\vendor\\laravel\\framework\\src\\Illuminate\\Foundation\\Bootstrap\\HandleExceptions.php(256): Illuminate\\Foundation\\Bootstrap\\HandleExceptions->handleError()
#1 C:\\xampp\\htdocs\\laravel-php3\\example-app\\storage\\framework\\views\\d2f25e20390eff3ee87f64eb707dce44.php(149): Illuminate\\Foundation\\Bootstrap\\HandleExceptions->Illuminate\\Foundation\\Bootstrap\\{closure}()
#2 C:\\xampp\\htdocs\\laravel-php3\\example-app\\vendor\\laravel\\framework\\src\\Illuminate\\Filesystem\\Filesystem.php(123): require('...')
#3 C:\\xampp\\htdocs\\laravel-php3\\example-app\\vendor\\laravel\\framework\\src\\Illuminate\\Filesystem\\Filesystem.php(124): Illuminate\\Filesystem\\Filesystem::Illuminate\\Filesystem\\{closure}()
#4 C:\\xampp\\htdocs\\laravel-php3\\example-app\\vendor\\laravel\\framework\\src\\Illuminate\\View\\Engines\\PhpEngine.php(58): Illuminate\\Filesystem\\Filesystem->getRequire()
#5 C:\\xampp\\htdocs\\laravel-php3\\example-app\\vendor\\laravel\\framework\\src\\Illuminate\\View\\Engines\\CompilerEngine.php(75): Illuminate\\View\\Engines\\PhpEngine->evaluatePath()
#6 C:\\xampp\\htdocs\\laravel-php3\\example-app\\vendor\\laravel\\framework\\src\\Illuminate\\View\\View.php(209): Illuminate\\View\\Engines\\CompilerEngine->get()
#7 C:\\xampp\\htdocs\\laravel-php3\\example-app\\vendor\\laravel\\framework\\src\\Illuminate\\View\\View.php(192): Illuminate\\View\\View->getContents()
#8 C:\\xampp\\htdocs\\laravel-php3\\example-app\\vendor\\laravel\\framework\\src\\Illuminate\\View\\View.php(161): Illuminate\\View\\View->renderContents()
#9 C:\\xampp\\htdocs\\laravel-php3\\example-app\\vendor\\laravel\\framework\\src\\Illuminate\\Http\\Response.php(79): Illuminate\\View\\View->render()
#10 C:\\xampp\\htdocs\\laravel-php3\\example-app\\vendor\\laravel\\framework\\src\\Illuminate\\Http\\Response.php(35): Illuminate\\Http\\Response->setContent()
#11 C:\\xampp\\htdocs\\laravel-php3\\example-app\\vendor\\laravel\\framework\\src\\Illuminate\\Routing\\Router.php(920): Illuminate\\Http\\Response->__construct()
#12 C:\\xampp\\htdocs\\laravel-php3\\example-app\\vendor\\laravel\\framework\\src\\Illuminate\\Routing\\Router.php(887): Illuminate\\Routing\\Router::toResponse()
#13 C:\\xampp\\htdocs\\laravel-php3\\example-app\\vendor\\laravel\\framework\\src\\Illuminate\\Routing\\Router.php(807): Illuminate\\Routing\\Router->prepareResponse()
#14 C:\\xampp\\htdocs\\laravel-php3\\example-app\\vendor\\laravel\\framework\\src\\Illuminate\\Pipeline\\Pipeline.php(170): Illuminate\\Routing\\Router->Illuminate\\Routing\\{closure}()
#15 C:\\xampp\\htdocs\\laravel-php3\\example-app\\vendor\\laravel\\framework\\src\\Illuminate\\Routing\\Middleware\\SubstituteBindings.php(51): Illuminate\\Pipeline\\Pipeline->Illuminate\\Pipeline\\{closure}()
#16 C:\\xampp\\htdocs\\laravel-php3\\example-app\\vendor\\laravel\\framework\\src\\Illuminate\\Pipeline\\Pipeline.php(209): Illuminate\\Routing\\Middleware\\SubstituteBindings->handle()
#17 C:\\xampp\\htdocs\\laravel-php3\\example-app\\vendor\\laravel\\framework\\src\\Illuminate\\Auth\\Middleware\\Authenticate.php(64): Illuminate\\Pipeline\\Pipeline->Illuminate\\Pipeline\\{closure}()
#18 C:\\xampp\\htdocs\\laravel-php3\\example-app\\vendor\\laravel\\framework\\src\\Illuminate\\Pipeline\\Pipeline.php(209): Illuminate\\Auth\\Middleware\\Authenticate->handle()
#19 C:\\xampp\\htdocs\\laravel-php3\\example-app\\vendor\\laravel\\framework\\src\\Illuminate\\Foundation\\Http\\Middleware\\VerifyCsrfToken.php(88): Illuminate\\Pipeline\\Pipeline->Illuminate\\Pipeline\\{closure}()
#20 C:\\xampp\\htdocs\\laravel-php3\\example-app\\vendor\\laravel\\framework\\src\\Illuminate\\Pipeline\\Pipeline.php(209): Illuminate\\Foundation\\Http\\Middleware\\VerifyCsrfToken->handle()
#21 C:\\xampp\\htdocs\\laravel-php3\\example-app\\vendor\\laravel\\framework\\src\\Illuminate\\View\\Middleware\\ShareErrorsFromSession.php(49): Illuminate\\Pipeline\\Pipeline->Illuminate\\Pipeline\\{closure}()
#22 C:\\xampp\\htdocs\\laravel-php3\\example-app\\vendor\\laravel\\framework\\src\\Illuminate\\Pipeline\\Pipeline.php(209): Illuminate\\View\\Middleware\\ShareErrorsFromSession->handle()
#23 C:\\xampp\\htdocs\\laravel-php3\\example-app\\vendor\\laravel\\framework\\src\\Illuminate\\Session\\Middleware\\StartSession.php(121): Illuminate\\Pipeline\\Pipeline->Illuminate\\Pipeline\\{closure}()
#24 C:\\xampp\\htdocs\\laravel-php3\\example-app\\vendor\\laravel\\framework\\src\\Illuminate\\Session\\Middleware\\StartSession.php(64): Illuminate\\Session\\Middleware\\StartSession->handleStatefulRequest()
#25 C:\\xampp\\htdocs\\laravel-php3\\example-app\\vendor\\laravel\\framework\\src\\Illuminate\\Pipeline\\Pipeline.php(209): Illuminate\\Session\\Middleware\\StartSession->handle()
#26 C:\\xampp\\htdocs\\laravel-php3\\example-app\\vendor\\laravel\\framework\\src\\Illuminate\\Cookie\\Middleware\\AddQueuedCookiesToResponse.php(37): Illuminate\\Pipeline\\Pipeline->Illuminate\\Pipeline\\{closure}()
#27 C:\\xampp\\htdocs\\laravel-php3\\example-app\\vendor\\laravel\\framework\\src\\Illuminate\\Pipeline\\Pipeline.php(209): Illuminate\\Cookie\\Middleware\\AddQueuedCookiesToResponse->handle()
#28 C:\\xampp\\htdocs\\laravel-php3\\example-app\\vendor\\laravel\\framework\\src\\Illuminate\\Cookie\\Middleware\\EncryptCookies.php(75): Illuminate\\Pipeline\\Pipeline->Illuminate\\Pipeline\\{closure}()
#29 C:\\xampp\\htdocs\\laravel-php3\\example-app\\vendor\\laravel\\framework\\src\\Illuminate\\Pipeline\\Pipeline.php(209): Illuminate\\Cookie\\Middleware\\EncryptCookies->handle()
#30 C:\\xampp\\htdocs\\laravel-php3\\example-app\\vendor\\laravel\\framework\\src\\Illuminate\\Pipeline\\Pipeline.php(127): Illuminate\\Pipeline\\Pipeline->Illuminate\\Pipeline\\{closure}()
#31 C:\\xampp\\htdocs\\laravel-php3\\example-app\\vendor\\laravel\\framework\\src\\Illuminate\\Routing\\Router.php(807): Illuminate\\Pipeline\\Pipeline->then()
#32 C:\\xampp\\htdocs\\laravel-php3\\example-app\\vendor\\laravel\\framework\\src\\Illuminate\\Routing\\Router.php(786): Illuminate\\Routing\\Router->runRouteWithinStack()
#33 C:\\xampp\\htdocs\\laravel-php3\\example-app\\vendor\\laravel\\framework\\src\\Illuminate\\Routing\\Router.php(750): Illuminate\\Routing\\Router->runRoute()
#34 C:\\xampp\\htdocs\\laravel-php3\\example-app\\vendor\\laravel\\framework\\src\\Illuminate\\Routing\\Router.php(739): Illuminate\\Routing\\Router->dispatchToRoute()
#35 C:\\xampp\\htdocs\\laravel-php3\\example-app\\vendor\\laravel\\framework\\src\\Illuminate\\Foundation\\Http\\Kernel.php(201): Illuminate\\Routing\\Router->dispatch()
#36 C:\\xampp\\htdocs\\laravel-php3\\example-app\\vendor\\laravel\\framework\\src\\Illuminate\\Pipeline\\Pipeline.php(170): Illuminate\\Foundation\\Http\\Kernel->Illuminate\\Foundation\\Http\\{closure}()
#37 C:\\xampp\\htdocs\\laravel-php3\\example-app\\vendor\\laravel\\framework\\src\\Illuminate\\Foundation\\Http\\Middleware\\TransformsRequest.php(21): Illuminate\\Pipeline\\Pipeline->Illuminate\\Pipeline\\{closure}()
#38 C:\\xampp\\htdocs\\laravel-php3\\example-app\\vendor\\laravel\\framework\\src\\Illuminate\\Foundation\\Http\\Middleware\\ConvertEmptyStringsToNull.php(31): Illuminate\\Foundation\\Http\\Middleware\\TransformsRequest->handle()
#39 C:\\xampp\\htdocs\\laravel-php3\\example-app\\vendor\\laravel\\framework\\src\\Illuminate\\Pipeline\\Pipeline.php(209): Illuminate\\Foundation\\Http\\Middleware\\ConvertEmptyStringsToNull->handle()
#40 C:\\xampp\\htdocs\\laravel-php3\\example-app\\vendor\\laravel\\framework\\src\\Illuminate\\Foundation\\Http\\Middleware\\TransformsRequest.php(21): Illuminate\\Pipeline\\Pipeline->Illuminate\\Pipeline\\{closure}()
#41 C:\\xampp\\htdocs\\laravel-php3\\example-app\\vendor\\laravel\\framework\\src\\Illuminate\\Foundation\\Http\\Middleware\\TrimStrings.php(51): Illuminate\\Foundation\\Http\\Middleware\\TransformsRequest->handle()
#42 C:\\xampp\\htdocs\\laravel-php3\\example-app\\vendor\\laravel\\framework\\src\\Illuminate\\Pipeline\\Pipeline.php(209): Illuminate\\Foundation\\Http\\Middleware\\TrimStrings->handle()
#43 C:\\xampp\\htdocs\\laravel-php3\\example-app\\vendor\\laravel\\framework\\src\\Illuminate\\Http\\Middleware\\ValidatePostSize.php(27): Illuminate\\Pipeline\\Pipeline->Illuminate\\Pipeline\\{closure}()
#44 C:\\xampp\\htdocs\\laravel-php3\\example-app\\vendor\\laravel\\framework\\src\\Illuminate\\Pipeline\\Pipeline.php(209): Illuminate\\Http\\Middleware\\ValidatePostSize->handle()
#45 C:\\xampp\\htdocs\\laravel-php3\\example-app\\vendor\\laravel\\framework\\src\\Illuminate\\Foundation\\Http\\Middleware\\PreventRequestsDuringMaintenance.php(110): Illuminate\\Pipeline\\Pipeline->Illuminate\\Pipeline\\{closure}()
#46 C:\\xampp\\htdocs\\laravel-php3\\example-app\\vendor\\laravel\\framework\\src\\Illuminate\\Pipeline\\Pipeline.php(209): Illuminate\\Foundation\\Http\\Middleware\\PreventRequestsDuringMaintenance->handle()
#47 C:\\xampp\\htdocs\\laravel-php3\\example-app\\vendor\\laravel\\framework\\src\\Illuminate\\Http\\Middleware\\HandleCors.php(49): Illuminate\\Pipeline\\Pipeline->Illuminate\\Pipeline\\{closure}()
#48 C:\\xampp\\htdocs\\laravel-php3\\example-app\\vendor\\laravel\\framework\\src\\Illuminate\\Pipeline\\Pipeline.php(209): Illuminate\\Http\\Middleware\\HandleCors->handle()
#49 C:\\xampp\\htdocs\\laravel-php3\\example-app\\vendor\\laravel\\framework\\src\\Illuminate\\Http\\Middleware\\TrustProxies.php(58): Illuminate\\Pipeline\\Pipeline->Illuminate\\Pipeline\\{closure}()
#50 C:\\xampp\\htdocs\\laravel-php3\\example-app\\vendor\\laravel\\framework\\src\\Illuminate\\Pipeline\\Pipeline.php(209): Illuminate\\Http\\Middleware\\TrustProxies->handle()
#51 C:\\xampp\\htdocs\\laravel-php3\\example-app\\vendor\\laravel\\framework\\src\\Illuminate\\Foundation\\Http\\Middleware\\InvokeDeferredCallbacks.php(22): Illuminate\\Pipeline\\Pipeline->Illuminate\\Pipeline\\{closure}()
#52 C:\\xampp\\htdocs\\laravel-php3\\example-app\\vendor\\laravel\\framework\\src\\Illuminate\\Pipeline\\Pipeline.php(209): Illuminate\\Foundation\\Http\\Middleware\\InvokeDeferredCallbacks->handle()
#53 C:\\xampp\\htdocs\\laravel-php3\\example-app\\vendor\\laravel\\framework\\src\\Illuminate\\Http\\Middleware\\ValidatePathEncoding.php(26): Illuminate\\Pipeline\\Pipeline->Illuminate\\Pipeline\\{closure}()
#54 C:\\xampp\\htdocs\\laravel-php3\\example-app\\vendor\\laravel\\framework\\src\\Illuminate\\Pipeline\\Pipeline.php(209): Illuminate\\Http\\Middleware\\ValidatePathEncoding->handle()
#55 C:\\xampp\\htdocs\\laravel-php3\\example-app\\vendor\\laravel\\framework\\src\\Illuminate\\Pipeline\\Pipeline.php(127): Illuminate\\Pipeline\\Pipeline->Illuminate\\Pipeline\\{closure}()
#56 C:\\xampp\\htdocs\\laravel-php3\\example-app\\vendor\\laravel\\framework\\src\\Illuminate\\Foundation\\Http\\Kernel.php(176): Illuminate\\Pipeline\\Pipeline->then()
#57 C:\\xampp\\htdocs\\laravel-php3\\example-app\\vendor\\laravel\\framework\\src\\Illuminate\\Foundation\\Http\\Kernel.php(145): Illuminate\\Foundation\\Http\\Kernel->sendRequestThroughRouter()
#58 C:\\xampp\\htdocs\\laravel-php3\\example-app\\vendor\\laravel\\framework\\src\\Illuminate\\Foundation\\Application.php(1220): Illuminate\\Foundation\\Http\\Kernel->handle()
#59 C:\\xampp\\htdocs\\laravel-php3\\example-app\\public\\index.php(20): Illuminate\\Foundation\\Application->handleRequest()
#60 C:\\xampp\\htdocs\\laravel-php3\\example-app\\vendor\\laravel\\framework\\src\\Illuminate\\Foundation\\resources\\server.php(23): require_once('...')
#61 {main}
"} 
[2025-04-10 02:01:01] local.INFO: Checkout request: {"_token":"o2QTcwfbvVX0G9xfN37s026aoN2ev1w58HFZaefU","shipping_name":"vuche123","shipping_address":"sdsd","shipping_phone":"0964417609","note":"sdsd","payment_method":"cod"} 
[2025-04-10 02:01:06] local.ERROR: Target class [OrderController] does not exist. {"userId":2,"exception":"[object] (Illuminate\\Contracts\\Container\\BindingResolutionException(code: 0): Target class [OrderController] does not exist. at C:\\xampp\\htdocs\\laravel-php3\\example-app\\vendor\\laravel\\framework\\src\\Illuminate\\Container\\Container.php:1019)
[stacktrace]
#0 C:\\xampp\\htdocs\\laravel-php3\\example-app\\vendor\\laravel\\framework\\src\\Illuminate\\Container\\Container.php(890): Illuminate\\Container\\Container->build()
#1 C:\\xampp\\htdocs\\laravel-php3\\example-app\\vendor\\laravel\\framework\\src\\Illuminate\\Foundation\\Application.php(1078): Illuminate\\Container\\Container->resolve()
#2 C:\\xampp\\htdocs\\laravel-php3\\example-app\\vendor\\laravel\\framework\\src\\Illuminate\\Container\\Container.php(821): Illuminate\\Foundation\\Application->resolve()
#3 C:\\xampp\\htdocs\\laravel-php3\\example-app\\vendor\\laravel\\framework\\src\\Illuminate\\Foundation\\Application.php(1058): Illuminate\\Container\\Container->make()
#4 C:\\xampp\\htdocs\\laravel-php3\\example-app\\vendor\\laravel\\framework\\src\\Illuminate\\Routing\\Route.php(285): Illuminate\\Foundation\\Application->make()
#5 C:\\xampp\\htdocs\\laravel-php3\\example-app\\vendor\\laravel\\framework\\src\\Illuminate\\Routing\\Route.php(267): Illuminate\\Routing\\Route->getController()
#6 C:\\xampp\\htdocs\\laravel-php3\\example-app\\vendor\\laravel\\framework\\src\\Illuminate\\Routing\\Route.php(212): Illuminate\\Routing\\Route->runController()
#7 C:\\xampp\\htdocs\\laravel-php3\\example-app\\vendor\\laravel\\framework\\src\\Illuminate\\Routing\\Router.php(808): Illuminate\\Routing\\Route->run()
#8 C:\\xampp\\htdocs\\laravel-php3\\example-app\\vendor\\laravel\\framework\\src\\Illuminate\\Pipeline\\Pipeline.php(170): Illuminate\\Routing\\Router->Illuminate\\Routing\\{closure}()
#9 C:\\xampp\\htdocs\\laravel-php3\\example-app\\vendor\\laravel\\framework\\src\\Illuminate\\Routing\\Middleware\\SubstituteBindings.php(51): Illuminate\\Pipeline\\Pipeline->Illuminate\\Pipeline\\{closure}()
#10 C:\\xampp\\htdocs\\laravel-php3\\example-app\\vendor\\laravel\\framework\\src\\Illuminate\\Pipeline\\Pipeline.php(209): Illuminate\\Routing\\Middleware\\SubstituteBindings->handle()
#11 C:\\xampp\\htdocs\\laravel-php3\\example-app\\vendor\\laravel\\framework\\src\\Illuminate\\Auth\\Middleware\\Authenticate.php(64): Illuminate\\Pipeline\\Pipeline->Illuminate\\Pipeline\\{closure}()
#12 C:\\xampp\\htdocs\\laravel-php3\\example-app\\vendor\\laravel\\framework\\src\\Illuminate\\Pipeline\\Pipeline.php(209): Illuminate\\Auth\\Middleware\\Authenticate->handle()
#13 C:\\xampp\\htdocs\\laravel-php3\\example-app\\vendor\\laravel\\framework\\src\\Illuminate\\Foundation\\Http\\Middleware\\VerifyCsrfToken.php(88): Illuminate\\Pipeline\\Pipeline->Illuminate\\Pipeline\\{closure}()
#14 C:\\xampp\\htdocs\\laravel-php3\\example-app\\vendor\\laravel\\framework\\src\\Illuminate\\Pipeline\\Pipeline.php(209): Illuminate\\Foundation\\Http\\Middleware\\VerifyCsrfToken->handle()
#15 C:\\xampp\\htdocs\\laravel-php3\\example-app\\vendor\\laravel\\framework\\src\\Illuminate\\View\\Middleware\\ShareErrorsFromSession.php(49): Illuminate\\Pipeline\\Pipeline->Illuminate\\Pipeline\\{closure}()
#16 C:\\xampp\\htdocs\\laravel-php3\\example-app\\vendor\\laravel\\framework\\src\\Illuminate\\Pipeline\\Pipeline.php(209): Illuminate\\View\\Middleware\\ShareErrorsFromSession->handle()
#17 C:\\xampp\\htdocs\\laravel-php3\\example-app\\vendor\\laravel\\framework\\src\\Illuminate\\Session\\Middleware\\StartSession.php(121): Illuminate\\Pipeline\\Pipeline->Illuminate\\Pipeline\\{closure}()
#18 C:\\xampp\\htdocs\\laravel-php3\\example-app\\vendor\\laravel\\framework\\src\\Illuminate\\Session\\Middleware\\StartSession.php(64): Illuminate\\Session\\Middleware\\StartSession->handleStatefulRequest()
#19 C:\\xampp\\htdocs\\laravel-php3\\example-app\\vendor\\laravel\\framework\\src\\Illuminate\\Pipeline\\Pipeline.php(209): Illuminate\\Session\\Middleware\\StartSession->handle()
#20 C:\\xampp\\htdocs\\laravel-php3\\example-app\\vendor\\laravel\\framework\\src\\Illuminate\\Cookie\\Middleware\\AddQueuedCookiesToResponse.php(37): Illuminate\\Pipeline\\Pipeline->Illuminate\\Pipeline\\{closure}()
#21 C:\\xampp\\htdocs\\laravel-php3\\example-app\\vendor\\laravel\\framework\\src\\Illuminate\\Pipeline\\Pipeline.php(209): Illuminate\\Cookie\\Middleware\\AddQueuedCookiesToResponse->handle()
#22 C:\\xampp\\htdocs\\laravel-php3\\example-app\\vendor\\laravel\\framework\\src\\Illuminate\\Cookie\\Middleware\\EncryptCookies.php(75): Illuminate\\Pipeline\\Pipeline->Illuminate\\Pipeline\\{closure}()
#23 C:\\xampp\\htdocs\\laravel-php3\\example-app\\vendor\\laravel\\framework\\src\\Illuminate\\Pipeline\\Pipeline.php(209): Illuminate\\Cookie\\Middleware\\EncryptCookies->handle()
#24 C:\\xampp\\htdocs\\laravel-php3\\example-app\\vendor\\laravel\\framework\\src\\Illuminate\\Pipeline\\Pipeline.php(127): Illuminate\\Pipeline\\Pipeline->Illuminate\\Pipeline\\{closure}()
#25 C:\\xampp\\htdocs\\laravel-php3\\example-app\\vendor\\laravel\\framework\\src\\Illuminate\\Routing\\Router.php(807): Illuminate\\Pipeline\\Pipeline->then()
#26 C:\\xampp\\htdocs\\laravel-php3\\example-app\\vendor\\laravel\\framework\\src\\Illuminate\\Routing\\Router.php(786): Illuminate\\Routing\\Router->runRouteWithinStack()
#27 C:\\xampp\\htdocs\\laravel-php3\\example-app\\vendor\\laravel\\framework\\src\\Illuminate\\Routing\\Router.php(750): Illuminate\\Routing\\Router->runRoute()
#28 C:\\xampp\\htdocs\\laravel-php3\\example-app\\vendor\\laravel\\framework\\src\\Illuminate\\Routing\\Router.php(739): Illuminate\\Routing\\Router->dispatchToRoute()
#29 C:\\xampp\\htdocs\\laravel-php3\\example-app\\vendor\\laravel\\framework\\src\\Illuminate\\Foundation\\Http\\Kernel.php(201): Illuminate\\Routing\\Router->dispatch()
#30 C:\\xampp\\htdocs\\laravel-php3\\example-app\\vendor\\laravel\\framework\\src\\Illuminate\\Pipeline\\Pipeline.php(170): Illuminate\\Foundation\\Http\\Kernel->Illuminate\\Foundation\\Http\\{closure}()
#31 C:\\xampp\\htdocs\\laravel-php3\\example-app\\vendor\\laravel\\framework\\src\\Illuminate\\Foundation\\Http\\Middleware\\TransformsRequest.php(21): Illuminate\\Pipeline\\Pipeline->Illuminate\\Pipeline\\{closure}()
#32 C:\\xampp\\htdocs\\laravel-php3\\example-app\\vendor\\laravel\\framework\\src\\Illuminate\\Foundation\\Http\\Middleware\\ConvertEmptyStringsToNull.php(31): Illuminate\\Foundation\\Http\\Middleware\\TransformsRequest->handle()
#33 C:\\xampp\\htdocs\\laravel-php3\\example-app\\vendor\\laravel\\framework\\src\\Illuminate\\Pipeline\\Pipeline.php(209): Illuminate\\Foundation\\Http\\Middleware\\ConvertEmptyStringsToNull->handle()
#34 C:\\xampp\\htdocs\\laravel-php3\\example-app\\vendor\\laravel\\framework\\src\\Illuminate\\Foundation\\Http\\Middleware\\TransformsRequest.php(21): Illuminate\\Pipeline\\Pipeline->Illuminate\\Pipeline\\{closure}()
#35 C:\\xampp\\htdocs\\laravel-php3\\example-app\\vendor\\laravel\\framework\\src\\Illuminate\\Foundation\\Http\\Middleware\\TrimStrings.php(51): Illuminate\\Foundation\\Http\\Middleware\\TransformsRequest->handle()
#36 C:\\xampp\\htdocs\\laravel-php3\\example-app\\vendor\\laravel\\framework\\src\\Illuminate\\Pipeline\\Pipeline.php(209): Illuminate\\Foundation\\Http\\Middleware\\TrimStrings->handle()
#37 C:\\xampp\\htdocs\\laravel-php3\\example-app\\vendor\\laravel\\framework\\src\\Illuminate\\Http\\Middleware\\ValidatePostSize.php(27): Illuminate\\Pipeline\\Pipeline->Illuminate\\Pipeline\\{closure}()
#38 C:\\xampp\\htdocs\\laravel-php3\\example-app\\vendor\\laravel\\framework\\src\\Illuminate\\Pipeline\\Pipeline.php(209): Illuminate\\Http\\Middleware\\ValidatePostSize->handle()
#39 C:\\xampp\\htdocs\\laravel-php3\\example-app\\vendor\\laravel\\framework\\src\\Illuminate\\Foundation\\Http\\Middleware\\PreventRequestsDuringMaintenance.php(110): Illuminate\\Pipeline\\Pipeline->Illuminate\\Pipeline\\{closure}()
#40 C:\\xampp\\htdocs\\laravel-php3\\example-app\\vendor\\laravel\\framework\\src\\Illuminate\\Pipeline\\Pipeline.php(209): Illuminate\\Foundation\\Http\\Middleware\\PreventRequestsDuringMaintenance->handle()
#41 C:\\xampp\\htdocs\\laravel-php3\\example-app\\vendor\\laravel\\framework\\src\\Illuminate\\Http\\Middleware\\HandleCors.php(49): Illuminate\\Pipeline\\Pipeline->Illuminate\\Pipeline\\{closure}()
#42 C:\\xampp\\htdocs\\laravel-php3\\example-app\\vendor\\laravel\\framework\\src\\Illuminate\\Pipeline\\Pipeline.php(209): Illuminate\\Http\\Middleware\\HandleCors->handle()
#43 C:\\xampp\\htdocs\\laravel-php3\\example-app\\vendor\\laravel\\framework\\src\\Illuminate\\Http\\Middleware\\TrustProxies.php(58): Illuminate\\Pipeline\\Pipeline->Illuminate\\Pipeline\\{closure}()
#44 C:\\xampp\\htdocs\\laravel-php3\\example-app\\vendor\\laravel\\framework\\src\\Illuminate\\Pipeline\\Pipeline.php(209): Illuminate\\Http\\Middleware\\TrustProxies->handle()
#45 C:\\xampp\\htdocs\\laravel-php3\\example-app\\vendor\\laravel\\framework\\src\\Illuminate\\Foundation\\Http\\Middleware\\InvokeDeferredCallbacks.php(22): Illuminate\\Pipeline\\Pipeline->Illuminate\\Pipeline\\{closure}()
#46 C:\\xampp\\htdocs\\laravel-php3\\example-app\\vendor\\laravel\\framework\\src\\Illuminate\\Pipeline\\Pipeline.php(209): Illuminate\\Foundation\\Http\\Middleware\\InvokeDeferredCallbacks->handle()
#47 C:\\xampp\\htdocs\\laravel-php3\\example-app\\vendor\\laravel\\framework\\src\\Illuminate\\Http\\Middleware\\ValidatePathEncoding.php(26): Illuminate\\Pipeline\\Pipeline->Illuminate\\Pipeline\\{closure}()
#48 C:\\xampp\\htdocs\\laravel-php3\\example-app\\vendor\\laravel\\framework\\src\\Illuminate\\Pipeline\\Pipeline.php(209): Illuminate\\Http\\Middleware\\ValidatePathEncoding->handle()
#49 C:\\xampp\\htdocs\\laravel-php3\\example-app\\vendor\\laravel\\framework\\src\\Illuminate\\Pipeline\\Pipeline.php(127): Illuminate\\Pipeline\\Pipeline->Illuminate\\Pipeline\\{closure}()
#50 C:\\xampp\\htdocs\\laravel-php3\\example-app\\vendor\\laravel\\framework\\src\\Illuminate\\Foundation\\Http\\Kernel.php(176): Illuminate\\Pipeline\\Pipeline->then()
#51 C:\\xampp\\htdocs\\laravel-php3\\example-app\\vendor\\laravel\\framework\\src\\Illuminate\\Foundation\\Http\\Kernel.php(145): Illuminate\\Foundation\\Http\\Kernel->sendRequestThroughRouter()
#52 C:\\xampp\\htdocs\\laravel-php3\\example-app\\vendor\\laravel\\framework\\src\\Illuminate\\Foundation\\Application.php(1220): Illuminate\\Foundation\\Http\\Kernel->handle()
#53 C:\\xampp\\htdocs\\laravel-php3\\example-app\\public\\index.php(20): Illuminate\\Foundation\\Application->handleRequest()
#54 C:\\xampp\\htdocs\\laravel-php3\\example-app\\vendor\\laravel\\framework\\src\\Illuminate\\Foundation\\resources\\server.php(23): require_once('...')
#55 {main}

[previous exception] [object] (ReflectionException(code: -1): Class \"OrderController\" does not exist at C:\\xampp\\htdocs\\laravel-php3\\example-app\\vendor\\laravel\\framework\\src\\Illuminate\\Container\\Container.php:1017)
[stacktrace]
#0 C:\\xampp\\htdocs\\laravel-php3\\example-app\\vendor\\laravel\\framework\\src\\Illuminate\\Container\\Container.php(1017): ReflectionClass->__construct()
#1 C:\\xampp\\htdocs\\laravel-php3\\example-app\\vendor\\laravel\\framework\\src\\Illuminate\\Container\\Container.php(890): Illuminate\\Container\\Container->build()
#2 C:\\xampp\\htdocs\\laravel-php3\\example-app\\vendor\\laravel\\framework\\src\\Illuminate\\Foundation\\Application.php(1078): Illuminate\\Container\\Container->resolve()
#3 C:\\xampp\\htdocs\\laravel-php3\\example-app\\vendor\\laravel\\framework\\src\\Illuminate\\Container\\Container.php(821): Illuminate\\Foundation\\Application->resolve()
#4 C:\\xampp\\htdocs\\laravel-php3\\example-app\\vendor\\laravel\\framework\\src\\Illuminate\\Foundation\\Application.php(1058): Illuminate\\Container\\Container->make()
#5 C:\\xampp\\htdocs\\laravel-php3\\example-app\\vendor\\laravel\\framework\\src\\Illuminate\\Routing\\Route.php(285): Illuminate\\Foundation\\Application->make()
#6 C:\\xampp\\htdocs\\laravel-php3\\example-app\\vendor\\laravel\\framework\\src\\Illuminate\\Routing\\Route.php(267): Illuminate\\Routing\\Route->getController()
#7 C:\\xampp\\htdocs\\laravel-php3\\example-app\\vendor\\laravel\\framework\\src\\Illuminate\\Routing\\Route.php(212): Illuminate\\Routing\\Route->runController()
#8 C:\\xampp\\htdocs\\laravel-php3\\example-app\\vendor\\laravel\\framework\\src\\Illuminate\\Routing\\Router.php(808): Illuminate\\Routing\\Route->run()
#9 C:\\xampp\\htdocs\\laravel-php3\\example-app\\vendor\\laravel\\framework\\src\\Illuminate\\Pipeline\\Pipeline.php(170): Illuminate\\Routing\\Router->Illuminate\\Routing\\{closure}()
#10 C:\\xampp\\htdocs\\laravel-php3\\example-app\\vendor\\laravel\\framework\\src\\Illuminate\\Routing\\Middleware\\SubstituteBindings.php(51): Illuminate\\Pipeline\\Pipeline->Illuminate\\Pipeline\\{closure}()
#11 C:\\xampp\\htdocs\\laravel-php3\\example-app\\vendor\\laravel\\framework\\src\\Illuminate\\Pipeline\\Pipeline.php(209): Illuminate\\Routing\\Middleware\\SubstituteBindings->handle()
#12 C:\\xampp\\htdocs\\laravel-php3\\example-app\\vendor\\laravel\\framework\\src\\Illuminate\\Auth\\Middleware\\Authenticate.php(64): Illuminate\\Pipeline\\Pipeline->Illuminate\\Pipeline\\{closure}()
#13 C:\\xampp\\htdocs\\laravel-php3\\example-app\\vendor\\laravel\\framework\\src\\Illuminate\\Pipeline\\Pipeline.php(209): Illuminate\\Auth\\Middleware\\Authenticate->handle()
#14 C:\\xampp\\htdocs\\laravel-php3\\example-app\\vendor\\laravel\\framework\\src\\Illuminate\\Foundation\\Http\\Middleware\\VerifyCsrfToken.php(88): Illuminate\\Pipeline\\Pipeline->Illuminate\\Pipeline\\{closure}()
#15 C:\\xampp\\htdocs\\laravel-php3\\example-app\\vendor\\laravel\\framework\\src\\Illuminate\\Pipeline\\Pipeline.php(209): Illuminate\\Foundation\\Http\\Middleware\\VerifyCsrfToken->handle()
#16 C:\\xampp\\htdocs\\laravel-php3\\example-app\\vendor\\laravel\\framework\\src\\Illuminate\\View\\Middleware\\ShareErrorsFromSession.php(49): Illuminate\\Pipeline\\Pipeline->Illuminate\\Pipeline\\{closure}()
#17 C:\\xampp\\htdocs\\laravel-php3\\example-app\\vendor\\laravel\\framework\\src\\Illuminate\\Pipeline\\Pipeline.php(209): Illuminate\\View\\Middleware\\ShareErrorsFromSession->handle()
#18 C:\\xampp\\htdocs\\laravel-php3\\example-app\\vendor\\laravel\\framework\\src\\Illuminate\\Session\\Middleware\\StartSession.php(121): Illuminate\\Pipeline\\Pipeline->Illuminate\\Pipeline\\{closure}()
#19 C:\\xampp\\htdocs\\laravel-php3\\example-app\\vendor\\laravel\\framework\\src\\Illuminate\\Session\\Middleware\\StartSession.php(64): Illuminate\\Session\\Middleware\\StartSession->handleStatefulRequest()
#20 C:\\xampp\\htdocs\\laravel-php3\\example-app\\vendor\\laravel\\framework\\src\\Illuminate\\Pipeline\\Pipeline.php(209): Illuminate\\Session\\Middleware\\StartSession->handle()
#21 C:\\xampp\\htdocs\\laravel-php3\\example-app\\vendor\\laravel\\framework\\src\\Illuminate\\Cookie\\Middleware\\AddQueuedCookiesToResponse.php(37): Illuminate\\Pipeline\\Pipeline->Illuminate\\Pipeline\\{closure}()
#22 C:\\xampp\\htdocs\\laravel-php3\\example-app\\vendor\\laravel\\framework\\src\\Illuminate\\Pipeline\\Pipeline.php(209): Illuminate\\Cookie\\Middleware\\AddQueuedCookiesToResponse->handle()
#23 C:\\xampp\\htdocs\\laravel-php3\\example-app\\vendor\\laravel\\framework\\src\\Illuminate\\Cookie\\Middleware\\EncryptCookies.php(75): Illuminate\\Pipeline\\Pipeline->Illuminate\\Pipeline\\{closure}()
#24 C:\\xampp\\htdocs\\laravel-php3\\example-app\\vendor\\laravel\\framework\\src\\Illuminate\\Pipeline\\Pipeline.php(209): Illuminate\\Cookie\\Middleware\\EncryptCookies->handle()
#25 C:\\xampp\\htdocs\\laravel-php3\\example-app\\vendor\\laravel\\framework\\src\\Illuminate\\Pipeline\\Pipeline.php(127): Illuminate\\Pipeline\\Pipeline->Illuminate\\Pipeline\\{closure}()
#26 C:\\xampp\\htdocs\\laravel-php3\\example-app\\vendor\\laravel\\framework\\src\\Illuminate\\Routing\\Router.php(807): Illuminate\\Pipeline\\Pipeline->then()
#27 C:\\xampp\\htdocs\\laravel-php3\\example-app\\vendor\\laravel\\framework\\src\\Illuminate\\Routing\\Router.php(786): Illuminate\\Routing\\Router->runRouteWithinStack()
#28 C:\\xampp\\htdocs\\laravel-php3\\example-app\\vendor\\laravel\\framework\\src\\Illuminate\\Routing\\Router.php(750): Illuminate\\Routing\\Router->runRoute()
#29 C:\\xampp\\htdocs\\laravel-php3\\example-app\\vendor\\laravel\\framework\\src\\Illuminate\\Routing\\Router.php(739): Illuminate\\Routing\\Router->dispatchToRoute()
#30 C:\\xampp\\htdocs\\laravel-php3\\example-app\\vendor\\laravel\\framework\\src\\Illuminate\\Foundation\\Http\\Kernel.php(201): Illuminate\\Routing\\Router->dispatch()
#31 C:\\xampp\\htdocs\\laravel-php3\\example-app\\vendor\\laravel\\framework\\src\\Illuminate\\Pipeline\\Pipeline.php(170): Illuminate\\Foundation\\Http\\Kernel->Illuminate\\Foundation\\Http\\{closure}()
#32 C:\\xampp\\htdocs\\laravel-php3\\example-app\\vendor\\laravel\\framework\\src\\Illuminate\\Foundation\\Http\\Middleware\\TransformsRequest.php(21): Illuminate\\Pipeline\\Pipeline->Illuminate\\Pipeline\\{closure}()
#33 C:\\xampp\\htdocs\\laravel-php3\\example-app\\vendor\\laravel\\framework\\src\\Illuminate\\Foundation\\Http\\Middleware\\ConvertEmptyStringsToNull.php(31): Illuminate\\Foundation\\Http\\Middleware\\TransformsRequest->handle()
#34 C:\\xampp\\htdocs\\laravel-php3\\example-app\\vendor\\laravel\\framework\\src\\Illuminate\\Pipeline\\Pipeline.php(209): Illuminate\\Foundation\\Http\\Middleware\\ConvertEmptyStringsToNull->handle()
#35 C:\\xampp\\htdocs\\laravel-php3\\example-app\\vendor\\laravel\\framework\\src\\Illuminate\\Foundation\\Http\\Middleware\\TransformsRequest.php(21): Illuminate\\Pipeline\\Pipeline->Illuminate\\Pipeline\\{closure}()
#36 C:\\xampp\\htdocs\\laravel-php3\\example-app\\vendor\\laravel\\framework\\src\\Illuminate\\Foundation\\Http\\Middleware\\TrimStrings.php(51): Illuminate\\Foundation\\Http\\Middleware\\TransformsRequest->handle()
#37 C:\\xampp\\htdocs\\laravel-php3\\example-app\\vendor\\laravel\\framework\\src\\Illuminate\\Pipeline\\Pipeline.php(209): Illuminate\\Foundation\\Http\\Middleware\\TrimStrings->handle()
#38 C:\\xampp\\htdocs\\laravel-php3\\example-app\\vendor\\laravel\\framework\\src\\Illuminate\\Http\\Middleware\\ValidatePostSize.php(27): Illuminate\\Pipeline\\Pipeline->Illuminate\\Pipeline\\{closure}()
#39 C:\\xampp\\htdocs\\laravel-php3\\example-app\\vendor\\laravel\\framework\\src\\Illuminate\\Pipeline\\Pipeline.php(209): Illuminate\\Http\\Middleware\\ValidatePostSize->handle()
#40 C:\\xampp\\htdocs\\laravel-php3\\example-app\\vendor\\laravel\\framework\\src\\Illuminate\\Foundation\\Http\\Middleware\\PreventRequestsDuringMaintenance.php(110): Illuminate\\Pipeline\\Pipeline->Illuminate\\Pipeline\\{closure}()
#41 C:\\xampp\\htdocs\\laravel-php3\\example-app\\vendor\\laravel\\framework\\src\\Illuminate\\Pipeline\\Pipeline.php(209): Illuminate\\Foundation\\Http\\Middleware\\PreventRequestsDuringMaintenance->handle()
#42 C:\\xampp\\htdocs\\laravel-php3\\example-app\\vendor\\laravel\\framework\\src\\Illuminate\\Http\\Middleware\\HandleCors.php(49): Illuminate\\Pipeline\\Pipeline->Illuminate\\Pipeline\\{closure}()
#43 C:\\xampp\\htdocs\\laravel-php3\\example-app\\vendor\\laravel\\framework\\src\\Illuminate\\Pipeline\\Pipeline.php(209): Illuminate\\Http\\Middleware\\HandleCors->handle()
#44 C:\\xampp\\htdocs\\laravel-php3\\example-app\\vendor\\laravel\\framework\\src\\Illuminate\\Http\\Middleware\\TrustProxies.php(58): Illuminate\\Pipeline\\Pipeline->Illuminate\\Pipeline\\{closure}()
#45 C:\\xampp\\htdocs\\laravel-php3\\example-app\\vendor\\laravel\\framework\\src\\Illuminate\\Pipeline\\Pipeline.php(209): Illuminate\\Http\\Middleware\\TrustProxies->handle()
#46 C:\\xampp\\htdocs\\laravel-php3\\example-app\\vendor\\laravel\\framework\\src\\Illuminate\\Foundation\\Http\\Middleware\\InvokeDeferredCallbacks.php(22): Illuminate\\Pipeline\\Pipeline->Illuminate\\Pipeline\\{closure}()
#47 C:\\xampp\\htdocs\\laravel-php3\\example-app\\vendor\\laravel\\framework\\src\\Illuminate\\Pipeline\\Pipeline.php(209): Illuminate\\Foundation\\Http\\Middleware\\InvokeDeferredCallbacks->handle()
#48 C:\\xampp\\htdocs\\laravel-php3\\example-app\\vendor\\laravel\\framework\\src\\Illuminate\\Http\\Middleware\\ValidatePathEncoding.php(26): Illuminate\\Pipeline\\Pipeline->Illuminate\\Pipeline\\{closure}()
#49 C:\\xampp\\htdocs\\laravel-php3\\example-app\\vendor\\laravel\\framework\\src\\Illuminate\\Pipeline\\Pipeline.php(209): Illuminate\\Http\\Middleware\\ValidatePathEncoding->handle()
#50 C:\\xampp\\htdocs\\laravel-php3\\example-app\\vendor\\laravel\\framework\\src\\Illuminate\\Pipeline\\Pipeline.php(127): Illuminate\\Pipeline\\Pipeline->Illuminate\\Pipeline\\{closure}()
#51 C:\\xampp\\htdocs\\laravel-php3\\example-app\\vendor\\laravel\\framework\\src\\Illuminate\\Foundation\\Http\\Kernel.php(176): Illuminate\\Pipeline\\Pipeline->then()
#52 C:\\xampp\\htdocs\\laravel-php3\\example-app\\vendor\\laravel\\framework\\src\\Illuminate\\Foundation\\Http\\Kernel.php(145): Illuminate\\Foundation\\Http\\Kernel->sendRequestThroughRouter()
#53 C:\\xampp\\htdocs\\laravel-php3\\example-app\\vendor\\laravel\\framework\\src\\Illuminate\\Foundation\\Application.php(1220): Illuminate\\Foundation\\Http\\Kernel->handle()
#54 C:\\xampp\\htdocs\\laravel-php3\\example-app\\public\\index.php(20): Illuminate\\Foundation\\Application->handleRequest()
#55 C:\\xampp\\htdocs\\laravel-php3\\example-app\\vendor\\laravel\\framework\\src\\Illuminate\\Foundation\\resources\\server.php(23): require_once('...')
#56 {main}
"} 
[2025-04-10 02:01:14] local.ERROR: foreach() argument must be of type array|object, null given (View: C:\xampp\htdocs\laravel-php3\example-app\resources\views\checkout\show.blade.php) {"userId":2,"exception":"[object] (Illuminate\\View\\ViewException(code: 0): foreach() argument must be of type array|object, null given (View: C:\\xampp\\htdocs\\laravel-php3\\example-app\\resources\\views\\checkout\\show.blade.php) at C:\\xampp\\htdocs\\laravel-php3\\example-app\\storage\\framework\\views\\d2f25e20390eff3ee87f64eb707dce44.php:149)
[stacktrace]
#0 C:\\xampp\\htdocs\\laravel-php3\\example-app\\vendor\\laravel\\framework\\src\\Illuminate\\View\\Engines\\PhpEngine.php(60): Illuminate\\View\\Engines\\CompilerEngine->handleViewException()
#1 C:\\xampp\\htdocs\\laravel-php3\\example-app\\vendor\\laravel\\framework\\src\\Illuminate\\View\\Engines\\CompilerEngine.php(75): Illuminate\\View\\Engines\\PhpEngine->evaluatePath()
#2 C:\\xampp\\htdocs\\laravel-php3\\example-app\\vendor\\laravel\\framework\\src\\Illuminate\\View\\View.php(209): Illuminate\\View\\Engines\\CompilerEngine->get()
#3 C:\\xampp\\htdocs\\laravel-php3\\example-app\\vendor\\laravel\\framework\\src\\Illuminate\\View\\View.php(192): Illuminate\\View\\View->getContents()
#4 C:\\xampp\\htdocs\\laravel-php3\\example-app\\vendor\\laravel\\framework\\src\\Illuminate\\View\\View.php(161): Illuminate\\View\\View->renderContents()
#5 C:\\xampp\\htdocs\\laravel-php3\\example-app\\vendor\\laravel\\framework\\src\\Illuminate\\Http\\Response.php(79): Illuminate\\View\\View->render()
#6 C:\\xampp\\htdocs\\laravel-php3\\example-app\\vendor\\laravel\\framework\\src\\Illuminate\\Http\\Response.php(35): Illuminate\\Http\\Response->setContent()
#7 C:\\xampp\\htdocs\\laravel-php3\\example-app\\vendor\\laravel\\framework\\src\\Illuminate\\Routing\\Router.php(920): Illuminate\\Http\\Response->__construct()
#8 C:\\xampp\\htdocs\\laravel-php3\\example-app\\vendor\\laravel\\framework\\src\\Illuminate\\Routing\\Router.php(887): Illuminate\\Routing\\Router::toResponse()
#9 C:\\xampp\\htdocs\\laravel-php3\\example-app\\vendor\\laravel\\framework\\src\\Illuminate\\Routing\\Router.php(807): Illuminate\\Routing\\Router->prepareResponse()
#10 C:\\xampp\\htdocs\\laravel-php3\\example-app\\vendor\\laravel\\framework\\src\\Illuminate\\Pipeline\\Pipeline.php(170): Illuminate\\Routing\\Router->Illuminate\\Routing\\{closure}()
#11 C:\\xampp\\htdocs\\laravel-php3\\example-app\\vendor\\laravel\\framework\\src\\Illuminate\\Routing\\Middleware\\SubstituteBindings.php(51): Illuminate\\Pipeline\\Pipeline->Illuminate\\Pipeline\\{closure}()
#12 C:\\xampp\\htdocs\\laravel-php3\\example-app\\vendor\\laravel\\framework\\src\\Illuminate\\Pipeline\\Pipeline.php(209): Illuminate\\Routing\\Middleware\\SubstituteBindings->handle()
#13 C:\\xampp\\htdocs\\laravel-php3\\example-app\\vendor\\laravel\\framework\\src\\Illuminate\\Auth\\Middleware\\Authenticate.php(64): Illuminate\\Pipeline\\Pipeline->Illuminate\\Pipeline\\{closure}()
#14 C:\\xampp\\htdocs\\laravel-php3\\example-app\\vendor\\laravel\\framework\\src\\Illuminate\\Pipeline\\Pipeline.php(209): Illuminate\\Auth\\Middleware\\Authenticate->handle()
#15 C:\\xampp\\htdocs\\laravel-php3\\example-app\\vendor\\laravel\\framework\\src\\Illuminate\\Foundation\\Http\\Middleware\\VerifyCsrfToken.php(88): Illuminate\\Pipeline\\Pipeline->Illuminate\\Pipeline\\{closure}()
#16 C:\\xampp\\htdocs\\laravel-php3\\example-app\\vendor\\laravel\\framework\\src\\Illuminate\\Pipeline\\Pipeline.php(209): Illuminate\\Foundation\\Http\\Middleware\\VerifyCsrfToken->handle()
#17 C:\\xampp\\htdocs\\laravel-php3\\example-app\\vendor\\laravel\\framework\\src\\Illuminate\\View\\Middleware\\ShareErrorsFromSession.php(49): Illuminate\\Pipeline\\Pipeline->Illuminate\\Pipeline\\{closure}()
#18 C:\\xampp\\htdocs\\laravel-php3\\example-app\\vendor\\laravel\\framework\\src\\Illuminate\\Pipeline\\Pipeline.php(209): Illuminate\\View\\Middleware\\ShareErrorsFromSession->handle()
#19 C:\\xampp\\htdocs\\laravel-php3\\example-app\\vendor\\laravel\\framework\\src\\Illuminate\\Session\\Middleware\\StartSession.php(121): Illuminate\\Pipeline\\Pipeline->Illuminate\\Pipeline\\{closure}()
#20 C:\\xampp\\htdocs\\laravel-php3\\example-app\\vendor\\laravel\\framework\\src\\Illuminate\\Session\\Middleware\\StartSession.php(64): Illuminate\\Session\\Middleware\\StartSession->handleStatefulRequest()
#21 C:\\xampp\\htdocs\\laravel-php3\\example-app\\vendor\\laravel\\framework\\src\\Illuminate\\Pipeline\\Pipeline.php(209): Illuminate\\Session\\Middleware\\StartSession->handle()
#22 C:\\xampp\\htdocs\\laravel-php3\\example-app\\vendor\\laravel\\framework\\src\\Illuminate\\Cookie\\Middleware\\AddQueuedCookiesToResponse.php(37): Illuminate\\Pipeline\\Pipeline->Illuminate\\Pipeline\\{closure}()
#23 C:\\xampp\\htdocs\\laravel-php3\\example-app\\vendor\\laravel\\framework\\src\\Illuminate\\Pipeline\\Pipeline.php(209): Illuminate\\Cookie\\Middleware\\AddQueuedCookiesToResponse->handle()
#24 C:\\xampp\\htdocs\\laravel-php3\\example-app\\vendor\\laravel\\framework\\src\\Illuminate\\Cookie\\Middleware\\EncryptCookies.php(75): Illuminate\\Pipeline\\Pipeline->Illuminate\\Pipeline\\{closure}()
#25 C:\\xampp\\htdocs\\laravel-php3\\example-app\\vendor\\laravel\\framework\\src\\Illuminate\\Pipeline\\Pipeline.php(209): Illuminate\\Cookie\\Middleware\\EncryptCookies->handle()
#26 C:\\xampp\\htdocs\\laravel-php3\\example-app\\vendor\\laravel\\framework\\src\\Illuminate\\Pipeline\\Pipeline.php(127): Illuminate\\Pipeline\\Pipeline->Illuminate\\Pipeline\\{closure}()
#27 C:\\xampp\\htdocs\\laravel-php3\\example-app\\vendor\\laravel\\framework\\src\\Illuminate\\Routing\\Router.php(807): Illuminate\\Pipeline\\Pipeline->then()
#28 C:\\xampp\\htdocs\\laravel-php3\\example-app\\vendor\\laravel\\framework\\src\\Illuminate\\Routing\\Router.php(786): Illuminate\\Routing\\Router->runRouteWithinStack()
#29 C:\\xampp\\htdocs\\laravel-php3\\example-app\\vendor\\laravel\\framework\\src\\Illuminate\\Routing\\Router.php(750): Illuminate\\Routing\\Router->runRoute()
#30 C:\\xampp\\htdocs\\laravel-php3\\example-app\\vendor\\laravel\\framework\\src\\Illuminate\\Routing\\Router.php(739): Illuminate\\Routing\\Router->dispatchToRoute()
#31 C:\\xampp\\htdocs\\laravel-php3\\example-app\\vendor\\laravel\\framework\\src\\Illuminate\\Foundation\\Http\\Kernel.php(201): Illuminate\\Routing\\Router->dispatch()
#32 C:\\xampp\\htdocs\\laravel-php3\\example-app\\vendor\\laravel\\framework\\src\\Illuminate\\Pipeline\\Pipeline.php(170): Illuminate\\Foundation\\Http\\Kernel->Illuminate\\Foundation\\Http\\{closure}()
#33 C:\\xampp\\htdocs\\laravel-php3\\example-app\\vendor\\laravel\\framework\\src\\Illuminate\\Foundation\\Http\\Middleware\\TransformsRequest.php(21): Illuminate\\Pipeline\\Pipeline->Illuminate\\Pipeline\\{closure}()
#34 C:\\xampp\\htdocs\\laravel-php3\\example-app\\vendor\\laravel\\framework\\src\\Illuminate\\Foundation\\Http\\Middleware\\ConvertEmptyStringsToNull.php(31): Illuminate\\Foundation\\Http\\Middleware\\TransformsRequest->handle()
#35 C:\\xampp\\htdocs\\laravel-php3\\example-app\\vendor\\laravel\\framework\\src\\Illuminate\\Pipeline\\Pipeline.php(209): Illuminate\\Foundation\\Http\\Middleware\\ConvertEmptyStringsToNull->handle()
#36 C:\\xampp\\htdocs\\laravel-php3\\example-app\\vendor\\laravel\\framework\\src\\Illuminate\\Foundation\\Http\\Middleware\\TransformsRequest.php(21): Illuminate\\Pipeline\\Pipeline->Illuminate\\Pipeline\\{closure}()
#37 C:\\xampp\\htdocs\\laravel-php3\\example-app\\vendor\\laravel\\framework\\src\\Illuminate\\Foundation\\Http\\Middleware\\TrimStrings.php(51): Illuminate\\Foundation\\Http\\Middleware\\TransformsRequest->handle()
#38 C:\\xampp\\htdocs\\laravel-php3\\example-app\\vendor\\laravel\\framework\\src\\Illuminate\\Pipeline\\Pipeline.php(209): Illuminate\\Foundation\\Http\\Middleware\\TrimStrings->handle()
#39 C:\\xampp\\htdocs\\laravel-php3\\example-app\\vendor\\laravel\\framework\\src\\Illuminate\\Http\\Middleware\\ValidatePostSize.php(27): Illuminate\\Pipeline\\Pipeline->Illuminate\\Pipeline\\{closure}()
#40 C:\\xampp\\htdocs\\laravel-php3\\example-app\\vendor\\laravel\\framework\\src\\Illuminate\\Pipeline\\Pipeline.php(209): Illuminate\\Http\\Middleware\\ValidatePostSize->handle()
#41 C:\\xampp\\htdocs\\laravel-php3\\example-app\\vendor\\laravel\\framework\\src\\Illuminate\\Foundation\\Http\\Middleware\\PreventRequestsDuringMaintenance.php(110): Illuminate\\Pipeline\\Pipeline->Illuminate\\Pipeline\\{closure}()
#42 C:\\xampp\\htdocs\\laravel-php3\\example-app\\vendor\\laravel\\framework\\src\\Illuminate\\Pipeline\\Pipeline.php(209): Illuminate\\Foundation\\Http\\Middleware\\PreventRequestsDuringMaintenance->handle()
#43 C:\\xampp\\htdocs\\laravel-php3\\example-app\\vendor\\laravel\\framework\\src\\Illuminate\\Http\\Middleware\\HandleCors.php(49): Illuminate\\Pipeline\\Pipeline->Illuminate\\Pipeline\\{closure}()
#44 C:\\xampp\\htdocs\\laravel-php3\\example-app\\vendor\\laravel\\framework\\src\\Illuminate\\Pipeline\\Pipeline.php(209): Illuminate\\Http\\Middleware\\HandleCors->handle()
#45 C:\\xampp\\htdocs\\laravel-php3\\example-app\\vendor\\laravel\\framework\\src\\Illuminate\\Http\\Middleware\\TrustProxies.php(58): Illuminate\\Pipeline\\Pipeline->Illuminate\\Pipeline\\{closure}()
#46 C:\\xampp\\htdocs\\laravel-php3\\example-app\\vendor\\laravel\\framework\\src\\Illuminate\\Pipeline\\Pipeline.php(209): Illuminate\\Http\\Middleware\\TrustProxies->handle()
#47 C:\\xampp\\htdocs\\laravel-php3\\example-app\\vendor\\laravel\\framework\\src\\Illuminate\\Foundation\\Http\\Middleware\\InvokeDeferredCallbacks.php(22): Illuminate\\Pipeline\\Pipeline->Illuminate\\Pipeline\\{closure}()
#48 C:\\xampp\\htdocs\\laravel-php3\\example-app\\vendor\\laravel\\framework\\src\\Illuminate\\Pipeline\\Pipeline.php(209): Illuminate\\Foundation\\Http\\Middleware\\InvokeDeferredCallbacks->handle()
#49 C:\\xampp\\htdocs\\laravel-php3\\example-app\\vendor\\laravel\\framework\\src\\Illuminate\\Http\\Middleware\\ValidatePathEncoding.php(26): Illuminate\\Pipeline\\Pipeline->Illuminate\\Pipeline\\{closure}()
#50 C:\\xampp\\htdocs\\laravel-php3\\example-app\\vendor\\laravel\\framework\\src\\Illuminate\\Pipeline\\Pipeline.php(209): Illuminate\\Http\\Middleware\\ValidatePathEncoding->handle()
#51 C:\\xampp\\htdocs\\laravel-php3\\example-app\\vendor\\laravel\\framework\\src\\Illuminate\\Pipeline\\Pipeline.php(127): Illuminate\\Pipeline\\Pipeline->Illuminate\\Pipeline\\{closure}()
#52 C:\\xampp\\htdocs\\laravel-php3\\example-app\\vendor\\laravel\\framework\\src\\Illuminate\\Foundation\\Http\\Kernel.php(176): Illuminate\\Pipeline\\Pipeline->then()
#53 C:\\xampp\\htdocs\\laravel-php3\\example-app\\vendor\\laravel\\framework\\src\\Illuminate\\Foundation\\Http\\Kernel.php(145): Illuminate\\Foundation\\Http\\Kernel->sendRequestThroughRouter()
#54 C:\\xampp\\htdocs\\laravel-php3\\example-app\\vendor\\laravel\\framework\\src\\Illuminate\\Foundation\\Application.php(1220): Illuminate\\Foundation\\Http\\Kernel->handle()
#55 C:\\xampp\\htdocs\\laravel-php3\\example-app\\public\\index.php(20): Illuminate\\Foundation\\Application->handleRequest()
#56 C:\\xampp\\htdocs\\laravel-php3\\example-app\\vendor\\laravel\\framework\\src\\Illuminate\\Foundation\\resources\\server.php(23): require_once('...')
#57 {main}

[previous exception] [object] (ErrorException(code: 0): foreach() argument must be of type array|object, null given at C:\\xampp\\htdocs\\laravel-php3\\example-app\\storage\\framework\\views\\d2f25e20390eff3ee87f64eb707dce44.php:149)
[stacktrace]
#0 C:\\xampp\\htdocs\\laravel-php3\\example-app\\vendor\\laravel\\framework\\src\\Illuminate\\Foundation\\Bootstrap\\HandleExceptions.php(256): Illuminate\\Foundation\\Bootstrap\\HandleExceptions->handleError()
#1 C:\\xampp\\htdocs\\laravel-php3\\example-app\\storage\\framework\\views\\d2f25e20390eff3ee87f64eb707dce44.php(149): Illuminate\\Foundation\\Bootstrap\\HandleExceptions->Illuminate\\Foundation\\Bootstrap\\{closure}()
#2 C:\\xampp\\htdocs\\laravel-php3\\example-app\\vendor\\laravel\\framework\\src\\Illuminate\\Filesystem\\Filesystem.php(123): require('...')
#3 C:\\xampp\\htdocs\\laravel-php3\\example-app\\vendor\\laravel\\framework\\src\\Illuminate\\Filesystem\\Filesystem.php(124): Illuminate\\Filesystem\\Filesystem::Illuminate\\Filesystem\\{closure}()
#4 C:\\xampp\\htdocs\\laravel-php3\\example-app\\vendor\\laravel\\framework\\src\\Illuminate\\View\\Engines\\PhpEngine.php(58): Illuminate\\Filesystem\\Filesystem->getRequire()
#5 C:\\xampp\\htdocs\\laravel-php3\\example-app\\vendor\\laravel\\framework\\src\\Illuminate\\View\\Engines\\CompilerEngine.php(75): Illuminate\\View\\Engines\\PhpEngine->evaluatePath()
#6 C:\\xampp\\htdocs\\laravel-php3\\example-app\\vendor\\laravel\\framework\\src\\Illuminate\\View\\View.php(209): Illuminate\\View\\Engines\\CompilerEngine->get()
#7 C:\\xampp\\htdocs\\laravel-php3\\example-app\\vendor\\laravel\\framework\\src\\Illuminate\\View\\View.php(192): Illuminate\\View\\View->getContents()
#8 C:\\xampp\\htdocs\\laravel-php3\\example-app\\vendor\\laravel\\framework\\src\\Illuminate\\View\\View.php(161): Illuminate\\View\\View->renderContents()
#9 C:\\xampp\\htdocs\\laravel-php3\\example-app\\vendor\\laravel\\framework\\src\\Illuminate\\Http\\Response.php(79): Illuminate\\View\\View->render()
#10 C:\\xampp\\htdocs\\laravel-php3\\example-app\\vendor\\laravel\\framework\\src\\Illuminate\\Http\\Response.php(35): Illuminate\\Http\\Response->setContent()
#11 C:\\xampp\\htdocs\\laravel-php3\\example-app\\vendor\\laravel\\framework\\src\\Illuminate\\Routing\\Router.php(920): Illuminate\\Http\\Response->__construct()
#12 C:\\xampp\\htdocs\\laravel-php3\\example-app\\vendor\\laravel\\framework\\src\\Illuminate\\Routing\\Router.php(887): Illuminate\\Routing\\Router::toResponse()
#13 C:\\xampp\\htdocs\\laravel-php3\\example-app\\vendor\\laravel\\framework\\src\\Illuminate\\Routing\\Router.php(807): Illuminate\\Routing\\Router->prepareResponse()
#14 C:\\xampp\\htdocs\\laravel-php3\\example-app\\vendor\\laravel\\framework\\src\\Illuminate\\Pipeline\\Pipeline.php(170): Illuminate\\Routing\\Router->Illuminate\\Routing\\{closure}()
#15 C:\\xampp\\htdocs\\laravel-php3\\example-app\\vendor\\laravel\\framework\\src\\Illuminate\\Routing\\Middleware\\SubstituteBindings.php(51): Illuminate\\Pipeline\\Pipeline->Illuminate\\Pipeline\\{closure}()
#16 C:\\xampp\\htdocs\\laravel-php3\\example-app\\vendor\\laravel\\framework\\src\\Illuminate\\Pipeline\\Pipeline.php(209): Illuminate\\Routing\\Middleware\\SubstituteBindings->handle()
#17 C:\\xampp\\htdocs\\laravel-php3\\example-app\\vendor\\laravel\\framework\\src\\Illuminate\\Auth\\Middleware\\Authenticate.php(64): Illuminate\\Pipeline\\Pipeline->Illuminate\\Pipeline\\{closure}()
#18 C:\\xampp\\htdocs\\laravel-php3\\example-app\\vendor\\laravel\\framework\\src\\Illuminate\\Pipeline\\Pipeline.php(209): Illuminate\\Auth\\Middleware\\Authenticate->handle()
#19 C:\\xampp\\htdocs\\laravel-php3\\example-app\\vendor\\laravel\\framework\\src\\Illuminate\\Foundation\\Http\\Middleware\\VerifyCsrfToken.php(88): Illuminate\\Pipeline\\Pipeline->Illuminate\\Pipeline\\{closure}()
#20 C:\\xampp\\htdocs\\laravel-php3\\example-app\\vendor\\laravel\\framework\\src\\Illuminate\\Pipeline\\Pipeline.php(209): Illuminate\\Foundation\\Http\\Middleware\\VerifyCsrfToken->handle()
#21 C:\\xampp\\htdocs\\laravel-php3\\example-app\\vendor\\laravel\\framework\\src\\Illuminate\\View\\Middleware\\ShareErrorsFromSession.php(49): Illuminate\\Pipeline\\Pipeline->Illuminate\\Pipeline\\{closure}()
#22 C:\\xampp\\htdocs\\laravel-php3\\example-app\\vendor\\laravel\\framework\\src\\Illuminate\\Pipeline\\Pipeline.php(209): Illuminate\\View\\Middleware\\ShareErrorsFromSession->handle()
#23 C:\\xampp\\htdocs\\laravel-php3\\example-app\\vendor\\laravel\\framework\\src\\Illuminate\\Session\\Middleware\\StartSession.php(121): Illuminate\\Pipeline\\Pipeline->Illuminate\\Pipeline\\{closure}()
#24 C:\\xampp\\htdocs\\laravel-php3\\example-app\\vendor\\laravel\\framework\\src\\Illuminate\\Session\\Middleware\\StartSession.php(64): Illuminate\\Session\\Middleware\\StartSession->handleStatefulRequest()
#25 C:\\xampp\\htdocs\\laravel-php3\\example-app\\vendor\\laravel\\framework\\src\\Illuminate\\Pipeline\\Pipeline.php(209): Illuminate\\Session\\Middleware\\StartSession->handle()
#26 C:\\xampp\\htdocs\\laravel-php3\\example-app\\vendor\\laravel\\framework\\src\\Illuminate\\Cookie\\Middleware\\AddQueuedCookiesToResponse.php(37): Illuminate\\Pipeline\\Pipeline->Illuminate\\Pipeline\\{closure}()
#27 C:\\xampp\\htdocs\\laravel-php3\\example-app\\vendor\\laravel\\framework\\src\\Illuminate\\Pipeline\\Pipeline.php(209): Illuminate\\Cookie\\Middleware\\AddQueuedCookiesToResponse->handle()
#28 C:\\xampp\\htdocs\\laravel-php3\\example-app\\vendor\\laravel\\framework\\src\\Illuminate\\Cookie\\Middleware\\EncryptCookies.php(75): Illuminate\\Pipeline\\Pipeline->Illuminate\\Pipeline\\{closure}()
#29 C:\\xampp\\htdocs\\laravel-php3\\example-app\\vendor\\laravel\\framework\\src\\Illuminate\\Pipeline\\Pipeline.php(209): Illuminate\\Cookie\\Middleware\\EncryptCookies->handle()
#30 C:\\xampp\\htdocs\\laravel-php3\\example-app\\vendor\\laravel\\framework\\src\\Illuminate\\Pipeline\\Pipeline.php(127): Illuminate\\Pipeline\\Pipeline->Illuminate\\Pipeline\\{closure}()
#31 C:\\xampp\\htdocs\\laravel-php3\\example-app\\vendor\\laravel\\framework\\src\\Illuminate\\Routing\\Router.php(807): Illuminate\\Pipeline\\Pipeline->then()
#32 C:\\xampp\\htdocs\\laravel-php3\\example-app\\vendor\\laravel\\framework\\src\\Illuminate\\Routing\\Router.php(786): Illuminate\\Routing\\Router->runRouteWithinStack()
#33 C:\\xampp\\htdocs\\laravel-php3\\example-app\\vendor\\laravel\\framework\\src\\Illuminate\\Routing\\Router.php(750): Illuminate\\Routing\\Router->runRoute()
#34 C:\\xampp\\htdocs\\laravel-php3\\example-app\\vendor\\laravel\\framework\\src\\Illuminate\\Routing\\Router.php(739): Illuminate\\Routing\\Router->dispatchToRoute()
#35 C:\\xampp\\htdocs\\laravel-php3\\example-app\\vendor\\laravel\\framework\\src\\Illuminate\\Foundation\\Http\\Kernel.php(201): Illuminate\\Routing\\Router->dispatch()
#36 C:\\xampp\\htdocs\\laravel-php3\\example-app\\vendor\\laravel\\framework\\src\\Illuminate\\Pipeline\\Pipeline.php(170): Illuminate\\Foundation\\Http\\Kernel->Illuminate\\Foundation\\Http\\{closure}()
#37 C:\\xampp\\htdocs\\laravel-php3\\example-app\\vendor\\laravel\\framework\\src\\Illuminate\\Foundation\\Http\\Middleware\\TransformsRequest.php(21): Illuminate\\Pipeline\\Pipeline->Illuminate\\Pipeline\\{closure}()
#38 C:\\xampp\\htdocs\\laravel-php3\\example-app\\vendor\\laravel\\framework\\src\\Illuminate\\Foundation\\Http\\Middleware\\ConvertEmptyStringsToNull.php(31): Illuminate\\Foundation\\Http\\Middleware\\TransformsRequest->handle()
#39 C:\\xampp\\htdocs\\laravel-php3\\example-app\\vendor\\laravel\\framework\\src\\Illuminate\\Pipeline\\Pipeline.php(209): Illuminate\\Foundation\\Http\\Middleware\\ConvertEmptyStringsToNull->handle()
#40 C:\\xampp\\htdocs\\laravel-php3\\example-app\\vendor\\laravel\\framework\\src\\Illuminate\\Foundation\\Http\\Middleware\\TransformsRequest.php(21): Illuminate\\Pipeline\\Pipeline->Illuminate\\Pipeline\\{closure}()
#41 C:\\xampp\\htdocs\\laravel-php3\\example-app\\vendor\\laravel\\framework\\src\\Illuminate\\Foundation\\Http\\Middleware\\TrimStrings.php(51): Illuminate\\Foundation\\Http\\Middleware\\TransformsRequest->handle()
#42 C:\\xampp\\htdocs\\laravel-php3\\example-app\\vendor\\laravel\\framework\\src\\Illuminate\\Pipeline\\Pipeline.php(209): Illuminate\\Foundation\\Http\\Middleware\\TrimStrings->handle()
#43 C:\\xampp\\htdocs\\laravel-php3\\example-app\\vendor\\laravel\\framework\\src\\Illuminate\\Http\\Middleware\\ValidatePostSize.php(27): Illuminate\\Pipeline\\Pipeline->Illuminate\\Pipeline\\{closure}()
#44 C:\\xampp\\htdocs\\laravel-php3\\example-app\\vendor\\laravel\\framework\\src\\Illuminate\\Pipeline\\Pipeline.php(209): Illuminate\\Http\\Middleware\\ValidatePostSize->handle()
#45 C:\\xampp\\htdocs\\laravel-php3\\example-app\\vendor\\laravel\\framework\\src\\Illuminate\\Foundation\\Http\\Middleware\\PreventRequestsDuringMaintenance.php(110): Illuminate\\Pipeline\\Pipeline->Illuminate\\Pipeline\\{closure}()
#46 C:\\xampp\\htdocs\\laravel-php3\\example-app\\vendor\\laravel\\framework\\src\\Illuminate\\Pipeline\\Pipeline.php(209): Illuminate\\Foundation\\Http\\Middleware\\PreventRequestsDuringMaintenance->handle()
#47 C:\\xampp\\htdocs\\laravel-php3\\example-app\\vendor\\laravel\\framework\\src\\Illuminate\\Http\\Middleware\\HandleCors.php(49): Illuminate\\Pipeline\\Pipeline->Illuminate\\Pipeline\\{closure}()
#48 C:\\xampp\\htdocs\\laravel-php3\\example-app\\vendor\\laravel\\framework\\src\\Illuminate\\Pipeline\\Pipeline.php(209): Illuminate\\Http\\Middleware\\HandleCors->handle()
#49 C:\\xampp\\htdocs\\laravel-php3\\example-app\\vendor\\laravel\\framework\\src\\Illuminate\\Http\\Middleware\\TrustProxies.php(58): Illuminate\\Pipeline\\Pipeline->Illuminate\\Pipeline\\{closure}()
#50 C:\\xampp\\htdocs\\laravel-php3\\example-app\\vendor\\laravel\\framework\\src\\Illuminate\\Pipeline\\Pipeline.php(209): Illuminate\\Http\\Middleware\\TrustProxies->handle()
#51 C:\\xampp\\htdocs\\laravel-php3\\example-app\\vendor\\laravel\\framework\\src\\Illuminate\\Foundation\\Http\\Middleware\\InvokeDeferredCallbacks.php(22): Illuminate\\Pipeline\\Pipeline->Illuminate\\Pipeline\\{closure}()
#52 C:\\xampp\\htdocs\\laravel-php3\\example-app\\vendor\\laravel\\framework\\src\\Illuminate\\Pipeline\\Pipeline.php(209): Illuminate\\Foundation\\Http\\Middleware\\InvokeDeferredCallbacks->handle()
#53 C:\\xampp\\htdocs\\laravel-php3\\example-app\\vendor\\laravel\\framework\\src\\Illuminate\\Http\\Middleware\\ValidatePathEncoding.php(26): Illuminate\\Pipeline\\Pipeline->Illuminate\\Pipeline\\{closure}()
#54 C:\\xampp\\htdocs\\laravel-php3\\example-app\\vendor\\laravel\\framework\\src\\Illuminate\\Pipeline\\Pipeline.php(209): Illuminate\\Http\\Middleware\\ValidatePathEncoding->handle()
#55 C:\\xampp\\htdocs\\laravel-php3\\example-app\\vendor\\laravel\\framework\\src\\Illuminate\\Pipeline\\Pipeline.php(127): Illuminate\\Pipeline\\Pipeline->Illuminate\\Pipeline\\{closure}()
#56 C:\\xampp\\htdocs\\laravel-php3\\example-app\\vendor\\laravel\\framework\\src\\Illuminate\\Foundation\\Http\\Kernel.php(176): Illuminate\\Pipeline\\Pipeline->then()
#57 C:\\xampp\\htdocs\\laravel-php3\\example-app\\vendor\\laravel\\framework\\src\\Illuminate\\Foundation\\Http\\Kernel.php(145): Illuminate\\Foundation\\Http\\Kernel->sendRequestThroughRouter()
#58 C:\\xampp\\htdocs\\laravel-php3\\example-app\\vendor\\laravel\\framework\\src\\Illuminate\\Foundation\\Application.php(1220): Illuminate\\Foundation\\Http\\Kernel->handle()
#59 C:\\xampp\\htdocs\\laravel-php3\\example-app\\public\\index.php(20): Illuminate\\Foundation\\Application->handleRequest()
#60 C:\\xampp\\htdocs\\laravel-php3\\example-app\\vendor\\laravel\\framework\\src\\Illuminate\\Foundation\\resources\\server.php(23): require_once('...')
#61 {main}
"} 
[2025-04-10 02:01:59] local.ERROR: Call to undefined relationship [items] on model [App\Models\Order]. {"userId":2,"exception":"[object] (Illuminate\\Database\\Eloquent\\RelationNotFoundException(code: 0): Call to undefined relationship [items] on model [App\\Models\\Order]. at C:\\xampp\\htdocs\\laravel-php3\\example-app\\vendor\\laravel\\framework\\src\\Illuminate\\Database\\Eloquent\\RelationNotFoundException.php:35)
[stacktrace]
#0 C:\\xampp\\htdocs\\laravel-php3\\example-app\\vendor\\laravel\\framework\\src\\Illuminate\\Database\\Eloquent\\Builder.php(878): Illuminate\\Database\\Eloquent\\RelationNotFoundException::make()
#1 C:\\xampp\\htdocs\\laravel-php3\\example-app\\vendor\\laravel\\framework\\src\\Illuminate\\Database\\Eloquent\\Relations\\Relation.php(120): Illuminate\\Database\\Eloquent\\Builder->Illuminate\\Database\\Eloquent\\{closure}()
#2 C:\\xampp\\htdocs\\laravel-php3\\example-app\\vendor\\laravel\\framework\\src\\Illuminate\\Database\\Eloquent\\Builder.php(874): Illuminate\\Database\\Eloquent\\Relations\\Relation::noConstraints()
#3 C:\\xampp\\htdocs\\laravel-php3\\example-app\\vendor\\laravel\\framework\\src\\Illuminate\\Database\\Eloquent\\Builder.php(848): Illuminate\\Database\\Eloquent\\Builder->getRelation()
#4 C:\\xampp\\htdocs\\laravel-php3\\example-app\\vendor\\laravel\\framework\\src\\Illuminate\\Database\\Eloquent\\Builder.php(828): Illuminate\\Database\\Eloquent\\Builder->eagerLoadRelation()
#5 C:\\xampp\\htdocs\\laravel-php3\\example-app\\vendor\\laravel\\framework\\src\\Illuminate\\Database\\Eloquent\\Model.php(724): Illuminate\\Database\\Eloquent\\Builder->eagerLoadRelations()
#6 C:\\xampp\\htdocs\\laravel-php3\\example-app\\app\\Http\\Controllers\\CheckoutController.php(388): Illuminate\\Database\\Eloquent\\Model->load()
#7 C:\\xampp\\htdocs\\laravel-php3\\example-app\\vendor\\laravel\\framework\\src\\Illuminate\\Routing\\ControllerDispatcher.php(47): App\\Http\\Controllers\\CheckoutController->show()
#8 C:\\xampp\\htdocs\\laravel-php3\\example-app\\vendor\\laravel\\framework\\src\\Illuminate\\Routing\\Route.php(266): Illuminate\\Routing\\ControllerDispatcher->dispatch()
#9 C:\\xampp\\htdocs\\laravel-php3\\example-app\\vendor\\laravel\\framework\\src\\Illuminate\\Routing\\Route.php(212): Illuminate\\Routing\\Route->runController()
#10 C:\\xampp\\htdocs\\laravel-php3\\example-app\\vendor\\laravel\\framework\\src\\Illuminate\\Routing\\Router.php(808): Illuminate\\Routing\\Route->run()
#11 C:\\xampp\\htdocs\\laravel-php3\\example-app\\vendor\\laravel\\framework\\src\\Illuminate\\Pipeline\\Pipeline.php(170): Illuminate\\Routing\\Router->Illuminate\\Routing\\{closure}()
#12 C:\\xampp\\htdocs\\laravel-php3\\example-app\\vendor\\laravel\\framework\\src\\Illuminate\\Routing\\Middleware\\SubstituteBindings.php(51): Illuminate\\Pipeline\\Pipeline->Illuminate\\Pipeline\\{closure}()
#13 C:\\xampp\\htdocs\\laravel-php3\\example-app\\vendor\\laravel\\framework\\src\\Illuminate\\Pipeline\\Pipeline.php(209): Illuminate\\Routing\\Middleware\\SubstituteBindings->handle()
#14 C:\\xampp\\htdocs\\laravel-php3\\example-app\\vendor\\laravel\\framework\\src\\Illuminate\\Auth\\Middleware\\Authenticate.php(64): Illuminate\\Pipeline\\Pipeline->Illuminate\\Pipeline\\{closure}()
#15 C:\\xampp\\htdocs\\laravel-php3\\example-app\\vendor\\laravel\\framework\\src\\Illuminate\\Pipeline\\Pipeline.php(209): Illuminate\\Auth\\Middleware\\Authenticate->handle()
#16 C:\\xampp\\htdocs\\laravel-php3\\example-app\\vendor\\laravel\\framework\\src\\Illuminate\\Foundation\\Http\\Middleware\\VerifyCsrfToken.php(88): Illuminate\\Pipeline\\Pipeline->Illuminate\\Pipeline\\{closure}()
#17 C:\\xampp\\htdocs\\laravel-php3\\example-app\\vendor\\laravel\\framework\\src\\Illuminate\\Pipeline\\Pipeline.php(209): Illuminate\\Foundation\\Http\\Middleware\\VerifyCsrfToken->handle()
#18 C:\\xampp\\htdocs\\laravel-php3\\example-app\\vendor\\laravel\\framework\\src\\Illuminate\\View\\Middleware\\ShareErrorsFromSession.php(49): Illuminate\\Pipeline\\Pipeline->Illuminate\\Pipeline\\{closure}()
#19 C:\\xampp\\htdocs\\laravel-php3\\example-app\\vendor\\laravel\\framework\\src\\Illuminate\\Pipeline\\Pipeline.php(209): Illuminate\\View\\Middleware\\ShareErrorsFromSession->handle()
#20 C:\\xampp\\htdocs\\laravel-php3\\example-app\\vendor\\laravel\\framework\\src\\Illuminate\\Session\\Middleware\\StartSession.php(121): Illuminate\\Pipeline\\Pipeline->Illuminate\\Pipeline\\{closure}()
#21 C:\\xampp\\htdocs\\laravel-php3\\example-app\\vendor\\laravel\\framework\\src\\Illuminate\\Session\\Middleware\\StartSession.php(64): Illuminate\\Session\\Middleware\\StartSession->handleStatefulRequest()
#22 C:\\xampp\\htdocs\\laravel-php3\\example-app\\vendor\\laravel\\framework\\src\\Illuminate\\Pipeline\\Pipeline.php(209): Illuminate\\Session\\Middleware\\StartSession->handle()
#23 C:\\xampp\\htdocs\\laravel-php3\\example-app\\vendor\\laravel\\framework\\src\\Illuminate\\Cookie\\Middleware\\AddQueuedCookiesToResponse.php(37): Illuminate\\Pipeline\\Pipeline->Illuminate\\Pipeline\\{closure}()
#24 C:\\xampp\\htdocs\\laravel-php3\\example-app\\vendor\\laravel\\framework\\src\\Illuminate\\Pipeline\\Pipeline.php(209): Illuminate\\Cookie\\Middleware\\AddQueuedCookiesToResponse->handle()
#25 C:\\xampp\\htdocs\\laravel-php3\\example-app\\vendor\\laravel\\framework\\src\\Illuminate\\Cookie\\Middleware\\EncryptCookies.php(75): Illuminate\\Pipeline\\Pipeline->Illuminate\\Pipeline\\{closure}()
#26 C:\\xampp\\htdocs\\laravel-php3\\example-app\\vendor\\laravel\\framework\\src\\Illuminate\\Pipeline\\Pipeline.php(209): Illuminate\\Cookie\\Middleware\\EncryptCookies->handle()
#27 C:\\xampp\\htdocs\\laravel-php3\\example-app\\vendor\\laravel\\framework\\src\\Illuminate\\Pipeline\\Pipeline.php(127): Illuminate\\Pipeline\\Pipeline->Illuminate\\Pipeline\\{closure}()
#28 C:\\xampp\\htdocs\\laravel-php3\\example-app\\vendor\\laravel\\framework\\src\\Illuminate\\Routing\\Router.php(807): Illuminate\\Pipeline\\Pipeline->then()
#29 C:\\xampp\\htdocs\\laravel-php3\\example-app\\vendor\\laravel\\framework\\src\\Illuminate\\Routing\\Router.php(786): Illuminate\\Routing\\Router->runRouteWithinStack()
#30 C:\\xampp\\htdocs\\laravel-php3\\example-app\\vendor\\laravel\\framework\\src\\Illuminate\\Routing\\Router.php(750): Illuminate\\Routing\\Router->runRoute()
#31 C:\\xampp\\htdocs\\laravel-php3\\example-app\\vendor\\laravel\\framework\\src\\Illuminate\\Routing\\Router.php(739): Illuminate\\Routing\\Router->dispatchToRoute()
#32 C:\\xampp\\htdocs\\laravel-php3\\example-app\\vendor\\laravel\\framework\\src\\Illuminate\\Foundation\\Http\\Kernel.php(201): Illuminate\\Routing\\Router->dispatch()
#33 C:\\xampp\\htdocs\\laravel-php3\\example-app\\vendor\\laravel\\framework\\src\\Illuminate\\Pipeline\\Pipeline.php(170): Illuminate\\Foundation\\Http\\Kernel->Illuminate\\Foundation\\Http\\{closure}()
#34 C:\\xampp\\htdocs\\laravel-php3\\example-app\\vendor\\laravel\\framework\\src\\Illuminate\\Foundation\\Http\\Middleware\\TransformsRequest.php(21): Illuminate\\Pipeline\\Pipeline->Illuminate\\Pipeline\\{closure}()
#35 C:\\xampp\\htdocs\\laravel-php3\\example-app\\vendor\\laravel\\framework\\src\\Illuminate\\Foundation\\Http\\Middleware\\ConvertEmptyStringsToNull.php(31): Illuminate\\Foundation\\Http\\Middleware\\TransformsRequest->handle()
#36 C:\\xampp\\htdocs\\laravel-php3\\example-app\\vendor\\laravel\\framework\\src\\Illuminate\\Pipeline\\Pipeline.php(209): Illuminate\\Foundation\\Http\\Middleware\\ConvertEmptyStringsToNull->handle()
#37 C:\\xampp\\htdocs\\laravel-php3\\example-app\\vendor\\laravel\\framework\\src\\Illuminate\\Foundation\\Http\\Middleware\\TransformsRequest.php(21): Illuminate\\Pipeline\\Pipeline->Illuminate\\Pipeline\\{closure}()
#38 C:\\xampp\\htdocs\\laravel-php3\\example-app\\vendor\\laravel\\framework\\src\\Illuminate\\Foundation\\Http\\Middleware\\TrimStrings.php(51): Illuminate\\Foundation\\Http\\Middleware\\TransformsRequest->handle()
#39 C:\\xampp\\htdocs\\laravel-php3\\example-app\\vendor\\laravel\\framework\\src\\Illuminate\\Pipeline\\Pipeline.php(209): Illuminate\\Foundation\\Http\\Middleware\\TrimStrings->handle()
#40 C:\\xampp\\htdocs\\laravel-php3\\example-app\\vendor\\laravel\\framework\\src\\Illuminate\\Http\\Middleware\\ValidatePostSize.php(27): Illuminate\\Pipeline\\Pipeline->Illuminate\\Pipeline\\{closure}()
#41 C:\\xampp\\htdocs\\laravel-php3\\example-app\\vendor\\laravel\\framework\\src\\Illuminate\\Pipeline\\Pipeline.php(209): Illuminate\\Http\\Middleware\\ValidatePostSize->handle()
#42 C:\\xampp\\htdocs\\laravel-php3\\example-app\\vendor\\laravel\\framework\\src\\Illuminate\\Foundation\\Http\\Middleware\\PreventRequestsDuringMaintenance.php(110): Illuminate\\Pipeline\\Pipeline->Illuminate\\Pipeline\\{closure}()
#43 C:\\xampp\\htdocs\\laravel-php3\\example-app\\vendor\\laravel\\framework\\src\\Illuminate\\Pipeline\\Pipeline.php(209): Illuminate\\Foundation\\Http\\Middleware\\PreventRequestsDuringMaintenance->handle()
#44 C:\\xampp\\htdocs\\laravel-php3\\example-app\\vendor\\laravel\\framework\\src\\Illuminate\\Http\\Middleware\\HandleCors.php(49): Illuminate\\Pipeline\\Pipeline->Illuminate\\Pipeline\\{closure}()
#45 C:\\xampp\\htdocs\\laravel-php3\\example-app\\vendor\\laravel\\framework\\src\\Illuminate\\Pipeline\\Pipeline.php(209): Illuminate\\Http\\Middleware\\HandleCors->handle()
#46 C:\\xampp\\htdocs\\laravel-php3\\example-app\\vendor\\laravel\\framework\\src\\Illuminate\\Http\\Middleware\\TrustProxies.php(58): Illuminate\\Pipeline\\Pipeline->Illuminate\\Pipeline\\{closure}()
#47 C:\\xampp\\htdocs\\laravel-php3\\example-app\\vendor\\laravel\\framework\\src\\Illuminate\\Pipeline\\Pipeline.php(209): Illuminate\\Http\\Middleware\\TrustProxies->handle()
#48 C:\\xampp\\htdocs\\laravel-php3\\example-app\\vendor\\laravel\\framework\\src\\Illuminate\\Foundation\\Http\\Middleware\\InvokeDeferredCallbacks.php(22): Illuminate\\Pipeline\\Pipeline->Illuminate\\Pipeline\\{closure}()
#49 C:\\xampp\\htdocs\\laravel-php3\\example-app\\vendor\\laravel\\framework\\src\\Illuminate\\Pipeline\\Pipeline.php(209): Illuminate\\Foundation\\Http\\Middleware\\InvokeDeferredCallbacks->handle()
#50 C:\\xampp\\htdocs\\laravel-php3\\example-app\\vendor\\laravel\\framework\\src\\Illuminate\\Http\\Middleware\\ValidatePathEncoding.php(26): Illuminate\\Pipeline\\Pipeline->Illuminate\\Pipeline\\{closure}()
#51 C:\\xampp\\htdocs\\laravel-php3\\example-app\\vendor\\laravel\\framework\\src\\Illuminate\\Pipeline\\Pipeline.php(209): Illuminate\\Http\\Middleware\\ValidatePathEncoding->handle()
#52 C:\\xampp\\htdocs\\laravel-php3\\example-app\\vendor\\laravel\\framework\\src\\Illuminate\\Pipeline\\Pipeline.php(127): Illuminate\\Pipeline\\Pipeline->Illuminate\\Pipeline\\{closure}()
#53 C:\\xampp\\htdocs\\laravel-php3\\example-app\\vendor\\laravel\\framework\\src\\Illuminate\\Foundation\\Http\\Kernel.php(176): Illuminate\\Pipeline\\Pipeline->then()
#54 C:\\xampp\\htdocs\\laravel-php3\\example-app\\vendor\\laravel\\framework\\src\\Illuminate\\Foundation\\Http\\Kernel.php(145): Illuminate\\Foundation\\Http\\Kernel->sendRequestThroughRouter()
#55 C:\\xampp\\htdocs\\laravel-php3\\example-app\\vendor\\laravel\\framework\\src\\Illuminate\\Foundation\\Application.php(1220): Illuminate\\Foundation\\Http\\Kernel->handle()
#56 C:\\xampp\\htdocs\\laravel-php3\\example-app\\public\\index.php(20): Illuminate\\Foundation\\Application->handleRequest()
#57 C:\\xampp\\htdocs\\laravel-php3\\example-app\\vendor\\laravel\\framework\\src\\Illuminate\\Foundation\\resources\\server.php(23): require_once('...')
#58 {main}
"} 
[2025-04-10 02:02:31] local.ERROR: View [layouts.app] not found. (View: C:\xampp\htdocs\laravel-php3\example-app\resources\views\checkout\show.blade.php) {"userId":2,"exception":"[object] (Illuminate\\View\\ViewException(code: 0): View [layouts.app] not found. (View: C:\\xampp\\htdocs\\laravel-php3\\example-app\\resources\\views\\checkout\\show.blade.php) at C:\\xampp\\htdocs\\laravel-php3\\example-app\\vendor\\laravel\\framework\\src\\Illuminate\\View\\FileViewFinder.php:139)
[stacktrace]
#0 C:\\xampp\\htdocs\\laravel-php3\\example-app\\vendor\\laravel\\framework\\src\\Illuminate\\View\\Engines\\PhpEngine.php(60): Illuminate\\View\\Engines\\CompilerEngine->handleViewException()
#1 C:\\xampp\\htdocs\\laravel-php3\\example-app\\vendor\\laravel\\framework\\src\\Illuminate\\View\\Engines\\CompilerEngine.php(75): Illuminate\\View\\Engines\\PhpEngine->evaluatePath()
#2 C:\\xampp\\htdocs\\laravel-php3\\example-app\\vendor\\laravel\\framework\\src\\Illuminate\\View\\View.php(209): Illuminate\\View\\Engines\\CompilerEngine->get()
#3 C:\\xampp\\htdocs\\laravel-php3\\example-app\\vendor\\laravel\\framework\\src\\Illuminate\\View\\View.php(192): Illuminate\\View\\View->getContents()
#4 C:\\xampp\\htdocs\\laravel-php3\\example-app\\vendor\\laravel\\framework\\src\\Illuminate\\View\\View.php(161): Illuminate\\View\\View->renderContents()
#5 C:\\xampp\\htdocs\\laravel-php3\\example-app\\vendor\\laravel\\framework\\src\\Illuminate\\Http\\Response.php(79): Illuminate\\View\\View->render()
#6 C:\\xampp\\htdocs\\laravel-php3\\example-app\\vendor\\laravel\\framework\\src\\Illuminate\\Http\\Response.php(35): Illuminate\\Http\\Response->setContent()
#7 C:\\xampp\\htdocs\\laravel-php3\\example-app\\vendor\\laravel\\framework\\src\\Illuminate\\Routing\\Router.php(920): Illuminate\\Http\\Response->__construct()
#8 C:\\xampp\\htdocs\\laravel-php3\\example-app\\vendor\\laravel\\framework\\src\\Illuminate\\Routing\\Router.php(887): Illuminate\\Routing\\Router::toResponse()
#9 C:\\xampp\\htdocs\\laravel-php3\\example-app\\vendor\\laravel\\framework\\src\\Illuminate\\Routing\\Router.php(807): Illuminate\\Routing\\Router->prepareResponse()
#10 C:\\xampp\\htdocs\\laravel-php3\\example-app\\vendor\\laravel\\framework\\src\\Illuminate\\Pipeline\\Pipeline.php(170): Illuminate\\Routing\\Router->Illuminate\\Routing\\{closure}()
#11 C:\\xampp\\htdocs\\laravel-php3\\example-app\\vendor\\laravel\\framework\\src\\Illuminate\\Routing\\Middleware\\SubstituteBindings.php(51): Illuminate\\Pipeline\\Pipeline->Illuminate\\Pipeline\\{closure}()
#12 C:\\xampp\\htdocs\\laravel-php3\\example-app\\vendor\\laravel\\framework\\src\\Illuminate\\Pipeline\\Pipeline.php(209): Illuminate\\Routing\\Middleware\\SubstituteBindings->handle()
#13 C:\\xampp\\htdocs\\laravel-php3\\example-app\\vendor\\laravel\\framework\\src\\Illuminate\\Auth\\Middleware\\Authenticate.php(64): Illuminate\\Pipeline\\Pipeline->Illuminate\\Pipeline\\{closure}()
#14 C:\\xampp\\htdocs\\laravel-php3\\example-app\\vendor\\laravel\\framework\\src\\Illuminate\\Pipeline\\Pipeline.php(209): Illuminate\\Auth\\Middleware\\Authenticate->handle()
#15 C:\\xampp\\htdocs\\laravel-php3\\example-app\\vendor\\laravel\\framework\\src\\Illuminate\\Foundation\\Http\\Middleware\\VerifyCsrfToken.php(88): Illuminate\\Pipeline\\Pipeline->Illuminate\\Pipeline\\{closure}()
#16 C:\\xampp\\htdocs\\laravel-php3\\example-app\\vendor\\laravel\\framework\\src\\Illuminate\\Pipeline\\Pipeline.php(209): Illuminate\\Foundation\\Http\\Middleware\\VerifyCsrfToken->handle()
#17 C:\\xampp\\htdocs\\laravel-php3\\example-app\\vendor\\laravel\\framework\\src\\Illuminate\\View\\Middleware\\ShareErrorsFromSession.php(49): Illuminate\\Pipeline\\Pipeline->Illuminate\\Pipeline\\{closure}()
#18 C:\\xampp\\htdocs\\laravel-php3\\example-app\\vendor\\laravel\\framework\\src\\Illuminate\\Pipeline\\Pipeline.php(209): Illuminate\\View\\Middleware\\ShareErrorsFromSession->handle()
#19 C:\\xampp\\htdocs\\laravel-php3\\example-app\\vendor\\laravel\\framework\\src\\Illuminate\\Session\\Middleware\\StartSession.php(121): Illuminate\\Pipeline\\Pipeline->Illuminate\\Pipeline\\{closure}()
#20 C:\\xampp\\htdocs\\laravel-php3\\example-app\\vendor\\laravel\\framework\\src\\Illuminate\\Session\\Middleware\\StartSession.php(64): Illuminate\\Session\\Middleware\\StartSession->handleStatefulRequest()
#21 C:\\xampp\\htdocs\\laravel-php3\\example-app\\vendor\\laravel\\framework\\src\\Illuminate\\Pipeline\\Pipeline.php(209): Illuminate\\Session\\Middleware\\StartSession->handle()
#22 C:\\xampp\\htdocs\\laravel-php3\\example-app\\vendor\\laravel\\framework\\src\\Illuminate\\Cookie\\Middleware\\AddQueuedCookiesToResponse.php(37): Illuminate\\Pipeline\\Pipeline->Illuminate\\Pipeline\\{closure}()
#23 C:\\xampp\\htdocs\\laravel-php3\\example-app\\vendor\\laravel\\framework\\src\\Illuminate\\Pipeline\\Pipeline.php(209): Illuminate\\Cookie\\Middleware\\AddQueuedCookiesToResponse->handle()
#24 C:\\xampp\\htdocs\\laravel-php3\\example-app\\vendor\\laravel\\framework\\src\\Illuminate\\Cookie\\Middleware\\EncryptCookies.php(75): Illuminate\\Pipeline\\Pipeline->Illuminate\\Pipeline\\{closure}()
#25 C:\\xampp\\htdocs\\laravel-php3\\example-app\\vendor\\laravel\\framework\\src\\Illuminate\\Pipeline\\Pipeline.php(209): Illuminate\\Cookie\\Middleware\\EncryptCookies->handle()
#26 C:\\xampp\\htdocs\\laravel-php3\\example-app\\vendor\\laravel\\framework\\src\\Illuminate\\Pipeline\\Pipeline.php(127): Illuminate\\Pipeline\\Pipeline->Illuminate\\Pipeline\\{closure}()
#27 C:\\xampp\\htdocs\\laravel-php3\\example-app\\vendor\\laravel\\framework\\src\\Illuminate\\Routing\\Router.php(807): Illuminate\\Pipeline\\Pipeline->then()
#28 C:\\xampp\\htdocs\\laravel-php3\\example-app\\vendor\\laravel\\framework\\src\\Illuminate\\Routing\\Router.php(786): Illuminate\\Routing\\Router->runRouteWithinStack()
#29 C:\\xampp\\htdocs\\laravel-php3\\example-app\\vendor\\laravel\\framework\\src\\Illuminate\\Routing\\Router.php(750): Illuminate\\Routing\\Router->runRoute()
#30 C:\\xampp\\htdocs\\laravel-php3\\example-app\\vendor\\laravel\\framework\\src\\Illuminate\\Routing\\Router.php(739): Illuminate\\Routing\\Router->dispatchToRoute()
#31 C:\\xampp\\htdocs\\laravel-php3\\example-app\\vendor\\laravel\\framework\\src\\Illuminate\\Foundation\\Http\\Kernel.php(201): Illuminate\\Routing\\Router->dispatch()
#32 C:\\xampp\\htdocs\\laravel-php3\\example-app\\vendor\\laravel\\framework\\src\\Illuminate\\Pipeline\\Pipeline.php(170): Illuminate\\Foundation\\Http\\Kernel->Illuminate\\Foundation\\Http\\{closure}()
#33 C:\\xampp\\htdocs\\laravel-php3\\example-app\\vendor\\laravel\\framework\\src\\Illuminate\\Foundation\\Http\\Middleware\\TransformsRequest.php(21): Illuminate\\Pipeline\\Pipeline->Illuminate\\Pipeline\\{closure}()
#34 C:\\xampp\\htdocs\\laravel-php3\\example-app\\vendor\\laravel\\framework\\src\\Illuminate\\Foundation\\Http\\Middleware\\ConvertEmptyStringsToNull.php(31): Illuminate\\Foundation\\Http\\Middleware\\TransformsRequest->handle()
#35 C:\\xampp\\htdocs\\laravel-php3\\example-app\\vendor\\laravel\\framework\\src\\Illuminate\\Pipeline\\Pipeline.php(209): Illuminate\\Foundation\\Http\\Middleware\\ConvertEmptyStringsToNull->handle()
#36 C:\\xampp\\htdocs\\laravel-php3\\example-app\\vendor\\laravel\\framework\\src\\Illuminate\\Foundation\\Http\\Middleware\\TransformsRequest.php(21): Illuminate\\Pipeline\\Pipeline->Illuminate\\Pipeline\\{closure}()
#37 C:\\xampp\\htdocs\\laravel-php3\\example-app\\vendor\\laravel\\framework\\src\\Illuminate\\Foundation\\Http\\Middleware\\TrimStrings.php(51): Illuminate\\Foundation\\Http\\Middleware\\TransformsRequest->handle()
#38 C:\\xampp\\htdocs\\laravel-php3\\example-app\\vendor\\laravel\\framework\\src\\Illuminate\\Pipeline\\Pipeline.php(209): Illuminate\\Foundation\\Http\\Middleware\\TrimStrings->handle()
#39 C:\\xampp\\htdocs\\laravel-php3\\example-app\\vendor\\laravel\\framework\\src\\Illuminate\\Http\\Middleware\\ValidatePostSize.php(27): Illuminate\\Pipeline\\Pipeline->Illuminate\\Pipeline\\{closure}()
#40 C:\\xampp\\htdocs\\laravel-php3\\example-app\\vendor\\laravel\\framework\\src\\Illuminate\\Pipeline\\Pipeline.php(209): Illuminate\\Http\\Middleware\\ValidatePostSize->handle()
#41 C:\\xampp\\htdocs\\laravel-php3\\example-app\\vendor\\laravel\\framework\\src\\Illuminate\\Foundation\\Http\\Middleware\\PreventRequestsDuringMaintenance.php(110): Illuminate\\Pipeline\\Pipeline->Illuminate\\Pipeline\\{closure}()
#42 C:\\xampp\\htdocs\\laravel-php3\\example-app\\vendor\\laravel\\framework\\src\\Illuminate\\Pipeline\\Pipeline.php(209): Illuminate\\Foundation\\Http\\Middleware\\PreventRequestsDuringMaintenance->handle()
#43 C:\\xampp\\htdocs\\laravel-php3\\example-app\\vendor\\laravel\\framework\\src\\Illuminate\\Http\\Middleware\\HandleCors.php(49): Illuminate\\Pipeline\\Pipeline->Illuminate\\Pipeline\\{closure}()
#44 C:\\xampp\\htdocs\\laravel-php3\\example-app\\vendor\\laravel\\framework\\src\\Illuminate\\Pipeline\\Pipeline.php(209): Illuminate\\Http\\Middleware\\HandleCors->handle()
#45 C:\\xampp\\htdocs\\laravel-php3\\example-app\\vendor\\laravel\\framework\\src\\Illuminate\\Http\\Middleware\\TrustProxies.php(58): Illuminate\\Pipeline\\Pipeline->Illuminate\\Pipeline\\{closure}()
#46 C:\\xampp\\htdocs\\laravel-php3\\example-app\\vendor\\laravel\\framework\\src\\Illuminate\\Pipeline\\Pipeline.php(209): Illuminate\\Http\\Middleware\\TrustProxies->handle()
#47 C:\\xampp\\htdocs\\laravel-php3\\example-app\\vendor\\laravel\\framework\\src\\Illuminate\\Foundation\\Http\\Middleware\\InvokeDeferredCallbacks.php(22): Illuminate\\Pipeline\\Pipeline->Illuminate\\Pipeline\\{closure}()
#48 C:\\xampp\\htdocs\\laravel-php3\\example-app\\vendor\\laravel\\framework\\src\\Illuminate\\Pipeline\\Pipeline.php(209): Illuminate\\Foundation\\Http\\Middleware\\InvokeDeferredCallbacks->handle()
#49 C:\\xampp\\htdocs\\laravel-php3\\example-app\\vendor\\laravel\\framework\\src\\Illuminate\\Http\\Middleware\\ValidatePathEncoding.php(26): Illuminate\\Pipeline\\Pipeline->Illuminate\\Pipeline\\{closure}()
#50 C:\\xampp\\htdocs\\laravel-php3\\example-app\\vendor\\laravel\\framework\\src\\Illuminate\\Pipeline\\Pipeline.php(209): Illuminate\\Http\\Middleware\\ValidatePathEncoding->handle()
#51 C:\\xampp\\htdocs\\laravel-php3\\example-app\\vendor\\laravel\\framework\\src\\Illuminate\\Pipeline\\Pipeline.php(127): Illuminate\\Pipeline\\Pipeline->Illuminate\\Pipeline\\{closure}()
#52 C:\\xampp\\htdocs\\laravel-php3\\example-app\\vendor\\laravel\\framework\\src\\Illuminate\\Foundation\\Http\\Kernel.php(176): Illuminate\\Pipeline\\Pipeline->then()
#53 C:\\xampp\\htdocs\\laravel-php3\\example-app\\vendor\\laravel\\framework\\src\\Illuminate\\Foundation\\Http\\Kernel.php(145): Illuminate\\Foundation\\Http\\Kernel->sendRequestThroughRouter()
#54 C:\\xampp\\htdocs\\laravel-php3\\example-app\\vendor\\laravel\\framework\\src\\Illuminate\\Foundation\\Application.php(1220): Illuminate\\Foundation\\Http\\Kernel->handle()
#55 C:\\xampp\\htdocs\\laravel-php3\\example-app\\public\\index.php(20): Illuminate\\Foundation\\Application->handleRequest()
#56 C:\\xampp\\htdocs\\laravel-php3\\example-app\\vendor\\laravel\\framework\\src\\Illuminate\\Foundation\\resources\\server.php(23): require_once('...')
#57 {main}

[previous exception] [object] (InvalidArgumentException(code: 0): View [layouts.app] not found. at C:\\xampp\\htdocs\\laravel-php3\\example-app\\vendor\\laravel\\framework\\src\\Illuminate\\View\\FileViewFinder.php:139)
[stacktrace]
#0 C:\\xampp\\htdocs\\laravel-php3\\example-app\\vendor\\laravel\\framework\\src\\Illuminate\\View\\FileViewFinder.php(79): Illuminate\\View\\FileViewFinder->findInPaths()
#1 C:\\xampp\\htdocs\\laravel-php3\\example-app\\vendor\\laravel\\framework\\src\\Illuminate\\View\\Factory.php(151): Illuminate\\View\\FileViewFinder->find()
#2 C:\\xampp\\htdocs\\laravel-php3\\example-app\\storage\\framework\\views\\d2f25e20390eff3ee87f64eb707dce44.php(276): Illuminate\\View\\Factory->make()
#3 C:\\xampp\\htdocs\\laravel-php3\\example-app\\vendor\\laravel\\framework\\src\\Illuminate\\Filesystem\\Filesystem.php(123): require('...')
#4 C:\\xampp\\htdocs\\laravel-php3\\example-app\\vendor\\laravel\\framework\\src\\Illuminate\\Filesystem\\Filesystem.php(124): Illuminate\\Filesystem\\Filesystem::Illuminate\\Filesystem\\{closure}()
#5 C:\\xampp\\htdocs\\laravel-php3\\example-app\\vendor\\laravel\\framework\\src\\Illuminate\\View\\Engines\\PhpEngine.php(58): Illuminate\\Filesystem\\Filesystem->getRequire()
#6 C:\\xampp\\htdocs\\laravel-php3\\example-app\\vendor\\laravel\\framework\\src\\Illuminate\\View\\Engines\\CompilerEngine.php(75): Illuminate\\View\\Engines\\PhpEngine->evaluatePath()
#7 C:\\xampp\\htdocs\\laravel-php3\\example-app\\vendor\\laravel\\framework\\src\\Illuminate\\View\\View.php(209): Illuminate\\View\\Engines\\CompilerEngine->get()
#8 C:\\xampp\\htdocs\\laravel-php3\\example-app\\vendor\\laravel\\framework\\src\\Illuminate\\View\\View.php(192): Illuminate\\View\\View->getContents()
#9 C:\\xampp\\htdocs\\laravel-php3\\example-app\\vendor\\laravel\\framework\\src\\Illuminate\\View\\View.php(161): Illuminate\\View\\View->renderContents()
#10 C:\\xampp\\htdocs\\laravel-php3\\example-app\\vendor\\laravel\\framework\\src\\Illuminate\\Http\\Response.php(79): Illuminate\\View\\View->render()
#11 C:\\xampp\\htdocs\\laravel-php3\\example-app\\vendor\\laravel\\framework\\src\\Illuminate\\Http\\Response.php(35): Illuminate\\Http\\Response->setContent()
#12 C:\\xampp\\htdocs\\laravel-php3\\example-app\\vendor\\laravel\\framework\\src\\Illuminate\\Routing\\Router.php(920): Illuminate\\Http\\Response->__construct()
#13 C:\\xampp\\htdocs\\laravel-php3\\example-app\\vendor\\laravel\\framework\\src\\Illuminate\\Routing\\Router.php(887): Illuminate\\Routing\\Router::toResponse()
#14 C:\\xampp\\htdocs\\laravel-php3\\example-app\\vendor\\laravel\\framework\\src\\Illuminate\\Routing\\Router.php(807): Illuminate\\Routing\\Router->prepareResponse()
#15 C:\\xampp\\htdocs\\laravel-php3\\example-app\\vendor\\laravel\\framework\\src\\Illuminate\\Pipeline\\Pipeline.php(170): Illuminate\\Routing\\Router->Illuminate\\Routing\\{closure}()
#16 C:\\xampp\\htdocs\\laravel-php3\\example-app\\vendor\\laravel\\framework\\src\\Illuminate\\Routing\\Middleware\\SubstituteBindings.php(51): Illuminate\\Pipeline\\Pipeline->Illuminate\\Pipeline\\{closure}()
#17 C:\\xampp\\htdocs\\laravel-php3\\example-app\\vendor\\laravel\\framework\\src\\Illuminate\\Pipeline\\Pipeline.php(209): Illuminate\\Routing\\Middleware\\SubstituteBindings->handle()
#18 C:\\xampp\\htdocs\\laravel-php3\\example-app\\vendor\\laravel\\framework\\src\\Illuminate\\Auth\\Middleware\\Authenticate.php(64): Illuminate\\Pipeline\\Pipeline->Illuminate\\Pipeline\\{closure}()
#19 C:\\xampp\\htdocs\\laravel-php3\\example-app\\vendor\\laravel\\framework\\src\\Illuminate\\Pipeline\\Pipeline.php(209): Illuminate\\Auth\\Middleware\\Authenticate->handle()
#20 C:\\xampp\\htdocs\\laravel-php3\\example-app\\vendor\\laravel\\framework\\src\\Illuminate\\Foundation\\Http\\Middleware\\VerifyCsrfToken.php(88): Illuminate\\Pipeline\\Pipeline->Illuminate\\Pipeline\\{closure}()
#21 C:\\xampp\\htdocs\\laravel-php3\\example-app\\vendor\\laravel\\framework\\src\\Illuminate\\Pipeline\\Pipeline.php(209): Illuminate\\Foundation\\Http\\Middleware\\VerifyCsrfToken->handle()
#22 C:\\xampp\\htdocs\\laravel-php3\\example-app\\vendor\\laravel\\framework\\src\\Illuminate\\View\\Middleware\\ShareErrorsFromSession.php(49): Illuminate\\Pipeline\\Pipeline->Illuminate\\Pipeline\\{closure}()
#23 C:\\xampp\\htdocs\\laravel-php3\\example-app\\vendor\\laravel\\framework\\src\\Illuminate\\Pipeline\\Pipeline.php(209): Illuminate\\View\\Middleware\\ShareErrorsFromSession->handle()
#24 C:\\xampp\\htdocs\\laravel-php3\\example-app\\vendor\\laravel\\framework\\src\\Illuminate\\Session\\Middleware\\StartSession.php(121): Illuminate\\Pipeline\\Pipeline->Illuminate\\Pipeline\\{closure}()
#25 C:\\xampp\\htdocs\\laravel-php3\\example-app\\vendor\\laravel\\framework\\src\\Illuminate\\Session\\Middleware\\StartSession.php(64): Illuminate\\Session\\Middleware\\StartSession->handleStatefulRequest()
#26 C:\\xampp\\htdocs\\laravel-php3\\example-app\\vendor\\laravel\\framework\\src\\Illuminate\\Pipeline\\Pipeline.php(209): Illuminate\\Session\\Middleware\\StartSession->handle()
#27 C:\\xampp\\htdocs\\laravel-php3\\example-app\\vendor\\laravel\\framework\\src\\Illuminate\\Cookie\\Middleware\\AddQueuedCookiesToResponse.php(37): Illuminate\\Pipeline\\Pipeline->Illuminate\\Pipeline\\{closure}()
#28 C:\\xampp\\htdocs\\laravel-php3\\example-app\\vendor\\laravel\\framework\\src\\Illuminate\\Pipeline\\Pipeline.php(209): Illuminate\\Cookie\\Middleware\\AddQueuedCookiesToResponse->handle()
#29 C:\\xampp\\htdocs\\laravel-php3\\example-app\\vendor\\laravel\\framework\\src\\Illuminate\\Cookie\\Middleware\\EncryptCookies.php(75): Illuminate\\Pipeline\\Pipeline->Illuminate\\Pipeline\\{closure}()
#30 C:\\xampp\\htdocs\\laravel-php3\\example-app\\vendor\\laravel\\framework\\src\\Illuminate\\Pipeline\\Pipeline.php(209): Illuminate\\Cookie\\Middleware\\EncryptCookies->handle()
#31 C:\\xampp\\htdocs\\laravel-php3\\example-app\\vendor\\laravel\\framework\\src\\Illuminate\\Pipeline\\Pipeline.php(127): Illuminate\\Pipeline\\Pipeline->Illuminate\\Pipeline\\{closure}()
#32 C:\\xampp\\htdocs\\laravel-php3\\example-app\\vendor\\laravel\\framework\\src\\Illuminate\\Routing\\Router.php(807): Illuminate\\Pipeline\\Pipeline->then()
#33 C:\\xampp\\htdocs\\laravel-php3\\example-app\\vendor\\laravel\\framework\\src\\Illuminate\\Routing\\Router.php(786): Illuminate\\Routing\\Router->runRouteWithinStack()
#34 C:\\xampp\\htdocs\\laravel-php3\\example-app\\vendor\\laravel\\framework\\src\\Illuminate\\Routing\\Router.php(750): Illuminate\\Routing\\Router->runRoute()
#35 C:\\xampp\\htdocs\\laravel-php3\\example-app\\vendor\\laravel\\framework\\src\\Illuminate\\Routing\\Router.php(739): Illuminate\\Routing\\Router->dispatchToRoute()
#36 C:\\xampp\\htdocs\\laravel-php3\\example-app\\vendor\\laravel\\framework\\src\\Illuminate\\Foundation\\Http\\Kernel.php(201): Illuminate\\Routing\\Router->dispatch()
#37 C:\\xampp\\htdocs\\laravel-php3\\example-app\\vendor\\laravel\\framework\\src\\Illuminate\\Pipeline\\Pipeline.php(170): Illuminate\\Foundation\\Http\\Kernel->Illuminate\\Foundation\\Http\\{closure}()
#38 C:\\xampp\\htdocs\\laravel-php3\\example-app\\vendor\\laravel\\framework\\src\\Illuminate\\Foundation\\Http\\Middleware\\TransformsRequest.php(21): Illuminate\\Pipeline\\Pipeline->Illuminate\\Pipeline\\{closure}()
#39 C:\\xampp\\htdocs\\laravel-php3\\example-app\\vendor\\laravel\\framework\\src\\Illuminate\\Foundation\\Http\\Middleware\\ConvertEmptyStringsToNull.php(31): Illuminate\\Foundation\\Http\\Middleware\\TransformsRequest->handle()
#40 C:\\xampp\\htdocs\\laravel-php3\\example-app\\vendor\\laravel\\framework\\src\\Illuminate\\Pipeline\\Pipeline.php(209): Illuminate\\Foundation\\Http\\Middleware\\ConvertEmptyStringsToNull->handle()
#41 C:\\xampp\\htdocs\\laravel-php3\\example-app\\vendor\\laravel\\framework\\src\\Illuminate\\Foundation\\Http\\Middleware\\TransformsRequest.php(21): Illuminate\\Pipeline\\Pipeline->Illuminate\\Pipeline\\{closure}()
#42 C:\\xampp\\htdocs\\laravel-php3\\example-app\\vendor\\laravel\\framework\\src\\Illuminate\\Foundation\\Http\\Middleware\\TrimStrings.php(51): Illuminate\\Foundation\\Http\\Middleware\\TransformsRequest->handle()
#43 C:\\xampp\\htdocs\\laravel-php3\\example-app\\vendor\\laravel\\framework\\src\\Illuminate\\Pipeline\\Pipeline.php(209): Illuminate\\Foundation\\Http\\Middleware\\TrimStrings->handle()
#44 C:\\xampp\\htdocs\\laravel-php3\\example-app\\vendor\\laravel\\framework\\src\\Illuminate\\Http\\Middleware\\ValidatePostSize.php(27): Illuminate\\Pipeline\\Pipeline->Illuminate\\Pipeline\\{closure}()
#45 C:\\xampp\\htdocs\\laravel-php3\\example-app\\vendor\\laravel\\framework\\src\\Illuminate\\Pipeline\\Pipeline.php(209): Illuminate\\Http\\Middleware\\ValidatePostSize->handle()
#46 C:\\xampp\\htdocs\\laravel-php3\\example-app\\vendor\\laravel\\framework\\src\\Illuminate\\Foundation\\Http\\Middleware\\PreventRequestsDuringMaintenance.php(110): Illuminate\\Pipeline\\Pipeline->Illuminate\\Pipeline\\{closure}()
#47 C:\\xampp\\htdocs\\laravel-php3\\example-app\\vendor\\laravel\\framework\\src\\Illuminate\\Pipeline\\Pipeline.php(209): Illuminate\\Foundation\\Http\\Middleware\\PreventRequestsDuringMaintenance->handle()
#48 C:\\xampp\\htdocs\\laravel-php3\\example-app\\vendor\\laravel\\framework\\src\\Illuminate\\Http\\Middleware\\HandleCors.php(49): Illuminate\\Pipeline\\Pipeline->Illuminate\\Pipeline\\{closure}()
#49 C:\\xampp\\htdocs\\laravel-php3\\example-app\\vendor\\laravel\\framework\\src\\Illuminate\\Pipeline\\Pipeline.php(209): Illuminate\\Http\\Middleware\\HandleCors->handle()
#50 C:\\xampp\\htdocs\\laravel-php3\\example-app\\vendor\\laravel\\framework\\src\\Illuminate\\Http\\Middleware\\TrustProxies.php(58): Illuminate\\Pipeline\\Pipeline->Illuminate\\Pipeline\\{closure}()
#51 C:\\xampp\\htdocs\\laravel-php3\\example-app\\vendor\\laravel\\framework\\src\\Illuminate\\Pipeline\\Pipeline.php(209): Illuminate\\Http\\Middleware\\TrustProxies->handle()
#52 C:\\xampp\\htdocs\\laravel-php3\\example-app\\vendor\\laravel\\framework\\src\\Illuminate\\Foundation\\Http\\Middleware\\InvokeDeferredCallbacks.php(22): Illuminate\\Pipeline\\Pipeline->Illuminate\\Pipeline\\{closure}()
#53 C:\\xampp\\htdocs\\laravel-php3\\example-app\\vendor\\laravel\\framework\\src\\Illuminate\\Pipeline\\Pipeline.php(209): Illuminate\\Foundation\\Http\\Middleware\\InvokeDeferredCallbacks->handle()
#54 C:\\xampp\\htdocs\\laravel-php3\\example-app\\vendor\\laravel\\framework\\src\\Illuminate\\Http\\Middleware\\ValidatePathEncoding.php(26): Illuminate\\Pipeline\\Pipeline->Illuminate\\Pipeline\\{closure}()
#55 C:\\xampp\\htdocs\\laravel-php3\\example-app\\vendor\\laravel\\framework\\src\\Illuminate\\Pipeline\\Pipeline.php(209): Illuminate\\Http\\Middleware\\ValidatePathEncoding->handle()
#56 C:\\xampp\\htdocs\\laravel-php3\\example-app\\vendor\\laravel\\framework\\src\\Illuminate\\Pipeline\\Pipeline.php(127): Illuminate\\Pipeline\\Pipeline->Illuminate\\Pipeline\\{closure}()
#57 C:\\xampp\\htdocs\\laravel-php3\\example-app\\vendor\\laravel\\framework\\src\\Illuminate\\Foundation\\Http\\Kernel.php(176): Illuminate\\Pipeline\\Pipeline->then()
#58 C:\\xampp\\htdocs\\laravel-php3\\example-app\\vendor\\laravel\\framework\\src\\Illuminate\\Foundation\\Http\\Kernel.php(145): Illuminate\\Foundation\\Http\\Kernel->sendRequestThroughRouter()
#59 C:\\xampp\\htdocs\\laravel-php3\\example-app\\vendor\\laravel\\framework\\src\\Illuminate\\Foundation\\Application.php(1220): Illuminate\\Foundation\\Http\\Kernel->handle()
#60 C:\\xampp\\htdocs\\laravel-php3\\example-app\\public\\index.php(20): Illuminate\\Foundation\\Application->handleRequest()
#61 C:\\xampp\\htdocs\\laravel-php3\\example-app\\vendor\\laravel\\framework\\src\\Illuminate\\Foundation\\resources\\server.php(23): require_once('...')
#62 {main}
"} 
[2025-04-10 02:11:40] local.INFO: Checkout request: {"_token":"o2QTcwfbvVX0G9xfN37s026aoN2ev1w58HFZaefU","shipping_name":"vuche123","shipping_address":"sds","shipping_phone":"0964417609","note":"sds","payment_method":"cod"} 
[2025-04-10 02:12:23] local.INFO: Checkout request: {"_token":"o2QTcwfbvVX0G9xfN37s026aoN2ev1w58HFZaefU","shipping_name":"vuche123","shipping_address":"sds","shipping_phone":"0964417609","note":"sds","payment_method":"vnpay"} 
[2025-04-10 02:13:25] local.ERROR: Call to undefined method App\Http\Controllers\CheckoutController::adminIndex() {"userId":1,"exception":"[object] (Error(code: 0): Call to undefined method App\\Http\\Controllers\\CheckoutController::adminIndex() at C:\\xampp\\htdocs\\laravel-php3\\example-app\\vendor\\laravel\\framework\\src\\Illuminate\\Routing\\ControllerDispatcher.php:47)
[stacktrace]
#0 C:\\xampp\\htdocs\\laravel-php3\\example-app\\vendor\\laravel\\framework\\src\\Illuminate\\Routing\\Route.php(266): Illuminate\\Routing\\ControllerDispatcher->dispatch()
#1 C:\\xampp\\htdocs\\laravel-php3\\example-app\\vendor\\laravel\\framework\\src\\Illuminate\\Routing\\Route.php(212): Illuminate\\Routing\\Route->runController()
#2 C:\\xampp\\htdocs\\laravel-php3\\example-app\\vendor\\laravel\\framework\\src\\Illuminate\\Routing\\Router.php(808): Illuminate\\Routing\\Route->run()
#3 C:\\xampp\\htdocs\\laravel-php3\\example-app\\vendor\\laravel\\framework\\src\\Illuminate\\Pipeline\\Pipeline.php(170): Illuminate\\Routing\\Router->Illuminate\\Routing\\{closure}()
#4 C:\\xampp\\htdocs\\laravel-php3\\example-app\\vendor\\laravel\\framework\\src\\Illuminate\\Routing\\Middleware\\SubstituteBindings.php(51): Illuminate\\Pipeline\\Pipeline->Illuminate\\Pipeline\\{closure}()
#5 C:\\xampp\\htdocs\\laravel-php3\\example-app\\vendor\\laravel\\framework\\src\\Illuminate\\Pipeline\\Pipeline.php(209): Illuminate\\Routing\\Middleware\\SubstituteBindings->handle()
#6 C:\\xampp\\htdocs\\laravel-php3\\example-app\\vendor\\laravel\\framework\\src\\Illuminate\\Foundation\\Http\\Middleware\\VerifyCsrfToken.php(88): Illuminate\\Pipeline\\Pipeline->Illuminate\\Pipeline\\{closure}()
#7 C:\\xampp\\htdocs\\laravel-php3\\example-app\\vendor\\laravel\\framework\\src\\Illuminate\\Pipeline\\Pipeline.php(209): Illuminate\\Foundation\\Http\\Middleware\\VerifyCsrfToken->handle()
#8 C:\\xampp\\htdocs\\laravel-php3\\example-app\\vendor\\laravel\\framework\\src\\Illuminate\\View\\Middleware\\ShareErrorsFromSession.php(49): Illuminate\\Pipeline\\Pipeline->Illuminate\\Pipeline\\{closure}()
#9 C:\\xampp\\htdocs\\laravel-php3\\example-app\\vendor\\laravel\\framework\\src\\Illuminate\\Pipeline\\Pipeline.php(209): Illuminate\\View\\Middleware\\ShareErrorsFromSession->handle()
#10 C:\\xampp\\htdocs\\laravel-php3\\example-app\\vendor\\laravel\\framework\\src\\Illuminate\\Session\\Middleware\\StartSession.php(121): Illuminate\\Pipeline\\Pipeline->Illuminate\\Pipeline\\{closure}()
#11 C:\\xampp\\htdocs\\laravel-php3\\example-app\\vendor\\laravel\\framework\\src\\Illuminate\\Session\\Middleware\\StartSession.php(64): Illuminate\\Session\\Middleware\\StartSession->handleStatefulRequest()
#12 C:\\xampp\\htdocs\\laravel-php3\\example-app\\vendor\\laravel\\framework\\src\\Illuminate\\Pipeline\\Pipeline.php(209): Illuminate\\Session\\Middleware\\StartSession->handle()
#13 C:\\xampp\\htdocs\\laravel-php3\\example-app\\vendor\\laravel\\framework\\src\\Illuminate\\Cookie\\Middleware\\AddQueuedCookiesToResponse.php(37): Illuminate\\Pipeline\\Pipeline->Illuminate\\Pipeline\\{closure}()
#14 C:\\xampp\\htdocs\\laravel-php3\\example-app\\vendor\\laravel\\framework\\src\\Illuminate\\Pipeline\\Pipeline.php(209): Illuminate\\Cookie\\Middleware\\AddQueuedCookiesToResponse->handle()
#15 C:\\xampp\\htdocs\\laravel-php3\\example-app\\vendor\\laravel\\framework\\src\\Illuminate\\Cookie\\Middleware\\EncryptCookies.php(75): Illuminate\\Pipeline\\Pipeline->Illuminate\\Pipeline\\{closure}()
#16 C:\\xampp\\htdocs\\laravel-php3\\example-app\\vendor\\laravel\\framework\\src\\Illuminate\\Pipeline\\Pipeline.php(209): Illuminate\\Cookie\\Middleware\\EncryptCookies->handle()
#17 C:\\xampp\\htdocs\\laravel-php3\\example-app\\vendor\\laravel\\framework\\src\\Illuminate\\Pipeline\\Pipeline.php(127): Illuminate\\Pipeline\\Pipeline->Illuminate\\Pipeline\\{closure}()
#18 C:\\xampp\\htdocs\\laravel-php3\\example-app\\vendor\\laravel\\framework\\src\\Illuminate\\Routing\\Router.php(807): Illuminate\\Pipeline\\Pipeline->then()
#19 C:\\xampp\\htdocs\\laravel-php3\\example-app\\vendor\\laravel\\framework\\src\\Illuminate\\Routing\\Router.php(786): Illuminate\\Routing\\Router->runRouteWithinStack()
#20 C:\\xampp\\htdocs\\laravel-php3\\example-app\\vendor\\laravel\\framework\\src\\Illuminate\\Routing\\Router.php(750): Illuminate\\Routing\\Router->runRoute()
#21 C:\\xampp\\htdocs\\laravel-php3\\example-app\\vendor\\laravel\\framework\\src\\Illuminate\\Routing\\Router.php(739): Illuminate\\Routing\\Router->dispatchToRoute()
#22 C:\\xampp\\htdocs\\laravel-php3\\example-app\\vendor\\laravel\\framework\\src\\Illuminate\\Foundation\\Http\\Kernel.php(201): Illuminate\\Routing\\Router->dispatch()
#23 C:\\xampp\\htdocs\\laravel-php3\\example-app\\vendor\\laravel\\framework\\src\\Illuminate\\Pipeline\\Pipeline.php(170): Illuminate\\Foundation\\Http\\Kernel->Illuminate\\Foundation\\Http\\{closure}()
#24 C:\\xampp\\htdocs\\laravel-php3\\example-app\\vendor\\laravel\\framework\\src\\Illuminate\\Foundation\\Http\\Middleware\\TransformsRequest.php(21): Illuminate\\Pipeline\\Pipeline->Illuminate\\Pipeline\\{closure}()
#25 C:\\xampp\\htdocs\\laravel-php3\\example-app\\vendor\\laravel\\framework\\src\\Illuminate\\Foundation\\Http\\Middleware\\ConvertEmptyStringsToNull.php(31): Illuminate\\Foundation\\Http\\Middleware\\TransformsRequest->handle()
#26 C:\\xampp\\htdocs\\laravel-php3\\example-app\\vendor\\laravel\\framework\\src\\Illuminate\\Pipeline\\Pipeline.php(209): Illuminate\\Foundation\\Http\\Middleware\\ConvertEmptyStringsToNull->handle()
#27 C:\\xampp\\htdocs\\laravel-php3\\example-app\\vendor\\laravel\\framework\\src\\Illuminate\\Foundation\\Http\\Middleware\\TransformsRequest.php(21): Illuminate\\Pipeline\\Pipeline->Illuminate\\Pipeline\\{closure}()
#28 C:\\xampp\\htdocs\\laravel-php3\\example-app\\vendor\\laravel\\framework\\src\\Illuminate\\Foundation\\Http\\Middleware\\TrimStrings.php(51): Illuminate\\Foundation\\Http\\Middleware\\TransformsRequest->handle()
#29 C:\\xampp\\htdocs\\laravel-php3\\example-app\\vendor\\laravel\\framework\\src\\Illuminate\\Pipeline\\Pipeline.php(209): Illuminate\\Foundation\\Http\\Middleware\\TrimStrings->handle()
#30 C:\\xampp\\htdocs\\laravel-php3\\example-app\\vendor\\laravel\\framework\\src\\Illuminate\\Http\\Middleware\\ValidatePostSize.php(27): Illuminate\\Pipeline\\Pipeline->Illuminate\\Pipeline\\{closure}()
#31 C:\\xampp\\htdocs\\laravel-php3\\example-app\\vendor\\laravel\\framework\\src\\Illuminate\\Pipeline\\Pipeline.php(209): Illuminate\\Http\\Middleware\\ValidatePostSize->handle()
#32 C:\\xampp\\htdocs\\laravel-php3\\example-app\\vendor\\laravel\\framework\\src\\Illuminate\\Foundation\\Http\\Middleware\\PreventRequestsDuringMaintenance.php(110): Illuminate\\Pipeline\\Pipeline->Illuminate\\Pipeline\\{closure}()
#33 C:\\xampp\\htdocs\\laravel-php3\\example-app\\vendor\\laravel\\framework\\src\\Illuminate\\Pipeline\\Pipeline.php(209): Illuminate\\Foundation\\Http\\Middleware\\PreventRequestsDuringMaintenance->handle()
#34 C:\\xampp\\htdocs\\laravel-php3\\example-app\\vendor\\laravel\\framework\\src\\Illuminate\\Http\\Middleware\\HandleCors.php(49): Illuminate\\Pipeline\\Pipeline->Illuminate\\Pipeline\\{closure}()
#35 C:\\xampp\\htdocs\\laravel-php3\\example-app\\vendor\\laravel\\framework\\src\\Illuminate\\Pipeline\\Pipeline.php(209): Illuminate\\Http\\Middleware\\HandleCors->handle()
#36 C:\\xampp\\htdocs\\laravel-php3\\example-app\\vendor\\laravel\\framework\\src\\Illuminate\\Http\\Middleware\\TrustProxies.php(58): Illuminate\\Pipeline\\Pipeline->Illuminate\\Pipeline\\{closure}()
#37 C:\\xampp\\htdocs\\laravel-php3\\example-app\\vendor\\laravel\\framework\\src\\Illuminate\\Pipeline\\Pipeline.php(209): Illuminate\\Http\\Middleware\\TrustProxies->handle()
#38 C:\\xampp\\htdocs\\laravel-php3\\example-app\\vendor\\laravel\\framework\\src\\Illuminate\\Foundation\\Http\\Middleware\\InvokeDeferredCallbacks.php(22): Illuminate\\Pipeline\\Pipeline->Illuminate\\Pipeline\\{closure}()
#39 C:\\xampp\\htdocs\\laravel-php3\\example-app\\vendor\\laravel\\framework\\src\\Illuminate\\Pipeline\\Pipeline.php(209): Illuminate\\Foundation\\Http\\Middleware\\InvokeDeferredCallbacks->handle()
#40 C:\\xampp\\htdocs\\laravel-php3\\example-app\\vendor\\laravel\\framework\\src\\Illuminate\\Http\\Middleware\\ValidatePathEncoding.php(26): Illuminate\\Pipeline\\Pipeline->Illuminate\\Pipeline\\{closure}()
#41 C:\\xampp\\htdocs\\laravel-php3\\example-app\\vendor\\laravel\\framework\\src\\Illuminate\\Pipeline\\Pipeline.php(209): Illuminate\\Http\\Middleware\\ValidatePathEncoding->handle()
#42 C:\\xampp\\htdocs\\laravel-php3\\example-app\\vendor\\laravel\\framework\\src\\Illuminate\\Pipeline\\Pipeline.php(127): Illuminate\\Pipeline\\Pipeline->Illuminate\\Pipeline\\{closure}()
#43 C:\\xampp\\htdocs\\laravel-php3\\example-app\\vendor\\laravel\\framework\\src\\Illuminate\\Foundation\\Http\\Kernel.php(176): Illuminate\\Pipeline\\Pipeline->then()
#44 C:\\xampp\\htdocs\\laravel-php3\\example-app\\vendor\\laravel\\framework\\src\\Illuminate\\Foundation\\Http\\Kernel.php(145): Illuminate\\Foundation\\Http\\Kernel->sendRequestThroughRouter()
#45 C:\\xampp\\htdocs\\laravel-php3\\example-app\\vendor\\laravel\\framework\\src\\Illuminate\\Foundation\\Application.php(1220): Illuminate\\Foundation\\Http\\Kernel->handle()
#46 C:\\xampp\\htdocs\\laravel-php3\\example-app\\public\\index.php(20): Illuminate\\Foundation\\Application->handleRequest()
#47 C:\\xampp\\htdocs\\laravel-php3\\example-app\\vendor\\laravel\\framework\\src\\Illuminate\\Foundation\\resources\\server.php(23): require_once('...')
#48 {main}
"} 
[2025-04-10 04:01:37] local.ERROR: SQLSTATE[HY000] [2002] No connection could be made because the target machine actively refused it (Connection: mysql, SQL: select * from `sessions` where `id` = SKicrFavWYSuGLMtBru9CE0TGUW4CURXPhXKrm4a limit 1) {"exception":"[object] (Illuminate\\Database\\QueryException(code: 2002): SQLSTATE[HY000] [2002] No connection could be made because the target machine actively refused it (Connection: mysql, SQL: select * from `sessions` where `id` = SKicrFavWYSuGLMtBru9CE0TGUW4CURXPhXKrm4a limit 1) at C:\\xampp\\htdocs\\laravel-php3\\example-app\\vendor\\laravel\\framework\\src\\Illuminate\\Database\\Connection.php:823)
[stacktrace]
#0 C:\\xampp\\htdocs\\laravel-php3\\example-app\\vendor\\laravel\\framework\\src\\Illuminate\\Database\\Connection.php(977): Illuminate\\Database\\Connection->runQueryCallback()
#1 C:\\xampp\\htdocs\\laravel-php3\\example-app\\vendor\\laravel\\framework\\src\\Illuminate\\Database\\Connection.php(956): Illuminate\\Database\\Connection->tryAgainIfCausedByLostConnection()
#2 C:\\xampp\\htdocs\\laravel-php3\\example-app\\vendor\\laravel\\framework\\src\\Illuminate\\Database\\Connection.php(779): Illuminate\\Database\\Connection->handleQueryException()
#3 C:\\xampp\\htdocs\\laravel-php3\\example-app\\vendor\\laravel\\framework\\src\\Illuminate\\Database\\Connection.php(396): Illuminate\\Database\\Connection->run()
#4 C:\\xampp\\htdocs\\laravel-php3\\example-app\\vendor\\laravel\\framework\\src\\Illuminate\\Database\\Query\\Builder.php(3106): Illuminate\\Database\\Connection->select()
#5 C:\\xampp\\htdocs\\laravel-php3\\example-app\\vendor\\laravel\\framework\\src\\Illuminate\\Database\\Query\\Builder.php(3091): Illuminate\\Database\\Query\\Builder->runSelect()
#6 C:\\xampp\\htdocs\\laravel-php3\\example-app\\vendor\\laravel\\framework\\src\\Illuminate\\Database\\Query\\Builder.php(3676): Illuminate\\Database\\Query\\Builder->Illuminate\\Database\\Query\\{closure}()
#7 C:\\xampp\\htdocs\\laravel-php3\\example-app\\vendor\\laravel\\framework\\src\\Illuminate\\Database\\Query\\Builder.php(3090): Illuminate\\Database\\Query\\Builder->onceWithColumns()
#8 C:\\xampp\\htdocs\\laravel-php3\\example-app\\vendor\\laravel\\framework\\src\\Illuminate\\Database\\Concerns\\BuildsQueries.php(366): Illuminate\\Database\\Query\\Builder->get()
#9 C:\\xampp\\htdocs\\laravel-php3\\example-app\\vendor\\laravel\\framework\\src\\Illuminate\\Database\\Query\\Builder.php(3013): Illuminate\\Database\\Query\\Builder->first()
#10 C:\\xampp\\htdocs\\laravel-php3\\example-app\\vendor\\laravel\\framework\\src\\Illuminate\\Session\\DatabaseSessionHandler.php(97): Illuminate\\Database\\Query\\Builder->find()
#11 C:\\xampp\\htdocs\\laravel-php3\\example-app\\vendor\\laravel\\framework\\src\\Illuminate\\Session\\Store.php(117): Illuminate\\Session\\DatabaseSessionHandler->read()
#12 C:\\xampp\\htdocs\\laravel-php3\\example-app\\vendor\\laravel\\framework\\src\\Illuminate\\Session\\Store.php(105): Illuminate\\Session\\Store->readFromHandler()
#13 C:\\xampp\\htdocs\\laravel-php3\\example-app\\vendor\\laravel\\framework\\src\\Illuminate\\Session\\Store.php(89): Illuminate\\Session\\Store->loadSession()
#14 C:\\xampp\\htdocs\\laravel-php3\\example-app\\vendor\\laravel\\framework\\src\\Illuminate\\Session\\Middleware\\StartSession.php(147): Illuminate\\Session\\Store->start()
#15 C:\\xampp\\htdocs\\laravel-php3\\example-app\\vendor\\laravel\\framework\\src\\Illuminate\\Support\\helpers.php(399): Illuminate\\Session\\Middleware\\StartSession->Illuminate\\Session\\Middleware\\{closure}()
#16 C:\\xampp\\htdocs\\laravel-php3\\example-app\\vendor\\laravel\\framework\\src\\Illuminate\\Session\\Middleware\\StartSession.php(144): tap()
#17 C:\\xampp\\htdocs\\laravel-php3\\example-app\\vendor\\laravel\\framework\\src\\Illuminate\\Session\\Middleware\\StartSession.php(116): Illuminate\\Session\\Middleware\\StartSession->startSession()
#18 C:\\xampp\\htdocs\\laravel-php3\\example-app\\vendor\\laravel\\framework\\src\\Illuminate\\Session\\Middleware\\StartSession.php(64): Illuminate\\Session\\Middleware\\StartSession->handleStatefulRequest()
#19 C:\\xampp\\htdocs\\laravel-php3\\example-app\\vendor\\laravel\\framework\\src\\Illuminate\\Pipeline\\Pipeline.php(209): Illuminate\\Session\\Middleware\\StartSession->handle()
#20 C:\\xampp\\htdocs\\laravel-php3\\example-app\\vendor\\laravel\\framework\\src\\Illuminate\\Cookie\\Middleware\\AddQueuedCookiesToResponse.php(37): Illuminate\\Pipeline\\Pipeline->Illuminate\\Pipeline\\{closure}()
#21 C:\\xampp\\htdocs\\laravel-php3\\example-app\\vendor\\laravel\\framework\\src\\Illuminate\\Pipeline\\Pipeline.php(209): Illuminate\\Cookie\\Middleware\\AddQueuedCookiesToResponse->handle()
#22 C:\\xampp\\htdocs\\laravel-php3\\example-app\\vendor\\laravel\\framework\\src\\Illuminate\\Cookie\\Middleware\\EncryptCookies.php(75): Illuminate\\Pipeline\\Pipeline->Illuminate\\Pipeline\\{closure}()
#23 C:\\xampp\\htdocs\\laravel-php3\\example-app\\vendor\\laravel\\framework\\src\\Illuminate\\Pipeline\\Pipeline.php(209): Illuminate\\Cookie\\Middleware\\EncryptCookies->handle()
#24 C:\\xampp\\htdocs\\laravel-php3\\example-app\\vendor\\laravel\\framework\\src\\Illuminate\\Pipeline\\Pipeline.php(127): Illuminate\\Pipeline\\Pipeline->Illuminate\\Pipeline\\{closure}()
#25 C:\\xampp\\htdocs\\laravel-php3\\example-app\\vendor\\laravel\\framework\\src\\Illuminate\\Routing\\Router.php(807): Illuminate\\Pipeline\\Pipeline->then()
#26 C:\\xampp\\htdocs\\laravel-php3\\example-app\\vendor\\laravel\\framework\\src\\Illuminate\\Routing\\Router.php(786): Illuminate\\Routing\\Router->runRouteWithinStack()
#27 C:\\xampp\\htdocs\\laravel-php3\\example-app\\vendor\\laravel\\framework\\src\\Illuminate\\Routing\\Router.php(750): Illuminate\\Routing\\Router->runRoute()
#28 C:\\xampp\\htdocs\\laravel-php3\\example-app\\vendor\\laravel\\framework\\src\\Illuminate\\Routing\\Router.php(739): Illuminate\\Routing\\Router->dispatchToRoute()
#29 C:\\xampp\\htdocs\\laravel-php3\\example-app\\vendor\\laravel\\framework\\src\\Illuminate\\Foundation\\Http\\Kernel.php(201): Illuminate\\Routing\\Router->dispatch()
#30 C:\\xampp\\htdocs\\laravel-php3\\example-app\\vendor\\laravel\\framework\\src\\Illuminate\\Pipeline\\Pipeline.php(170): Illuminate\\Foundation\\Http\\Kernel->Illuminate\\Foundation\\Http\\{closure}()
#31 C:\\xampp\\htdocs\\laravel-php3\\example-app\\vendor\\laravel\\framework\\src\\Illuminate\\Foundation\\Http\\Middleware\\TransformsRequest.php(21): Illuminate\\Pipeline\\Pipeline->Illuminate\\Pipeline\\{closure}()
#32 C:\\xampp\\htdocs\\laravel-php3\\example-app\\vendor\\laravel\\framework\\src\\Illuminate\\Foundation\\Http\\Middleware\\ConvertEmptyStringsToNull.php(31): Illuminate\\Foundation\\Http\\Middleware\\TransformsRequest->handle()
#33 C:\\xampp\\htdocs\\laravel-php3\\example-app\\vendor\\laravel\\framework\\src\\Illuminate\\Pipeline\\Pipeline.php(209): Illuminate\\Foundation\\Http\\Middleware\\ConvertEmptyStringsToNull->handle()
#34 C:\\xampp\\htdocs\\laravel-php3\\example-app\\vendor\\laravel\\framework\\src\\Illuminate\\Foundation\\Http\\Middleware\\TransformsRequest.php(21): Illuminate\\Pipeline\\Pipeline->Illuminate\\Pipeline\\{closure}()
#35 C:\\xampp\\htdocs\\laravel-php3\\example-app\\vendor\\laravel\\framework\\src\\Illuminate\\Foundation\\Http\\Middleware\\TrimStrings.php(51): Illuminate\\Foundation\\Http\\Middleware\\TransformsRequest->handle()
#36 C:\\xampp\\htdocs\\laravel-php3\\example-app\\vendor\\laravel\\framework\\src\\Illuminate\\Pipeline\\Pipeline.php(209): Illuminate\\Foundation\\Http\\Middleware\\TrimStrings->handle()
#37 C:\\xampp\\htdocs\\laravel-php3\\example-app\\vendor\\laravel\\framework\\src\\Illuminate\\Http\\Middleware\\ValidatePostSize.php(27): Illuminate\\Pipeline\\Pipeline->Illuminate\\Pipeline\\{closure}()
#38 C:\\xampp\\htdocs\\laravel-php3\\example-app\\vendor\\laravel\\framework\\src\\Illuminate\\Pipeline\\Pipeline.php(209): Illuminate\\Http\\Middleware\\ValidatePostSize->handle()
#39 C:\\xampp\\htdocs\\laravel-php3\\example-app\\vendor\\laravel\\framework\\src\\Illuminate\\Foundation\\Http\\Middleware\\PreventRequestsDuringMaintenance.php(110): Illuminate\\Pipeline\\Pipeline->Illuminate\\Pipeline\\{closure}()
#40 C:\\xampp\\htdocs\\laravel-php3\\example-app\\vendor\\laravel\\framework\\src\\Illuminate\\Pipeline\\Pipeline.php(209): Illuminate\\Foundation\\Http\\Middleware\\PreventRequestsDuringMaintenance->handle()
#41 C:\\xampp\\htdocs\\laravel-php3\\example-app\\vendor\\laravel\\framework\\src\\Illuminate\\Http\\Middleware\\HandleCors.php(49): Illuminate\\Pipeline\\Pipeline->Illuminate\\Pipeline\\{closure}()
#42 C:\\xampp\\htdocs\\laravel-php3\\example-app\\vendor\\laravel\\framework\\src\\Illuminate\\Pipeline\\Pipeline.php(209): Illuminate\\Http\\Middleware\\HandleCors->handle()
#43 C:\\xampp\\htdocs\\laravel-php3\\example-app\\vendor\\laravel\\framework\\src\\Illuminate\\Http\\Middleware\\TrustProxies.php(58): Illuminate\\Pipeline\\Pipeline->Illuminate\\Pipeline\\{closure}()
#44 C:\\xampp\\htdocs\\laravel-php3\\example-app\\vendor\\laravel\\framework\\src\\Illuminate\\Pipeline\\Pipeline.php(209): Illuminate\\Http\\Middleware\\TrustProxies->handle()
#45 C:\\xampp\\htdocs\\laravel-php3\\example-app\\vendor\\laravel\\framework\\src\\Illuminate\\Foundation\\Http\\Middleware\\InvokeDeferredCallbacks.php(22): Illuminate\\Pipeline\\Pipeline->Illuminate\\Pipeline\\{closure}()
#46 C:\\xampp\\htdocs\\laravel-php3\\example-app\\vendor\\laravel\\framework\\src\\Illuminate\\Pipeline\\Pipeline.php(209): Illuminate\\Foundation\\Http\\Middleware\\InvokeDeferredCallbacks->handle()
#47 C:\\xampp\\htdocs\\laravel-php3\\example-app\\vendor\\laravel\\framework\\src\\Illuminate\\Http\\Middleware\\ValidatePathEncoding.php(26): Illuminate\\Pipeline\\Pipeline->Illuminate\\Pipeline\\{closure}()
#48 C:\\xampp\\htdocs\\laravel-php3\\example-app\\vendor\\laravel\\framework\\src\\Illuminate\\Pipeline\\Pipeline.php(209): Illuminate\\Http\\Middleware\\ValidatePathEncoding->handle()
#49 C:\\xampp\\htdocs\\laravel-php3\\example-app\\vendor\\laravel\\framework\\src\\Illuminate\\Pipeline\\Pipeline.php(127): Illuminate\\Pipeline\\Pipeline->Illuminate\\Pipeline\\{closure}()
#50 C:\\xampp\\htdocs\\laravel-php3\\example-app\\vendor\\laravel\\framework\\src\\Illuminate\\Foundation\\Http\\Kernel.php(176): Illuminate\\Pipeline\\Pipeline->then()
#51 C:\\xampp\\htdocs\\laravel-php3\\example-app\\vendor\\laravel\\framework\\src\\Illuminate\\Foundation\\Http\\Kernel.php(145): Illuminate\\Foundation\\Http\\Kernel->sendRequestThroughRouter()
#52 C:\\xampp\\htdocs\\laravel-php3\\example-app\\vendor\\laravel\\framework\\src\\Illuminate\\Foundation\\Application.php(1220): Illuminate\\Foundation\\Http\\Kernel->handle()
#53 C:\\xampp\\htdocs\\laravel-php3\\example-app\\public\\index.php(20): Illuminate\\Foundation\\Application->handleRequest()
#54 C:\\xampp\\htdocs\\laravel-php3\\example-app\\vendor\\laravel\\framework\\src\\Illuminate\\Foundation\\resources\\server.php(23): require_once('...')
#55 {main}

[previous exception] [object] (PDOException(code: 2002): SQLSTATE[HY000] [2002] No connection could be made because the target machine actively refused it at C:\\xampp\\htdocs\\laravel-php3\\example-app\\vendor\\laravel\\framework\\src\\Illuminate\\Database\\Connectors\\Connector.php:66)
[stacktrace]
#0 C:\\xampp\\htdocs\\laravel-php3\\example-app\\vendor\\laravel\\framework\\src\\Illuminate\\Database\\Connectors\\Connector.php(66): PDO->__construct()
#1 C:\\xampp\\htdocs\\laravel-php3\\example-app\\vendor\\laravel\\framework\\src\\Illuminate\\Database\\Connectors\\Connector.php(85): Illuminate\\Database\\Connectors\\Connector->createPdoConnection()
#2 C:\\xampp\\htdocs\\laravel-php3\\example-app\\vendor\\laravel\\framework\\src\\Illuminate\\Database\\Connectors\\Connector.php(48): Illuminate\\Database\\Connectors\\Connector->tryAgainIfCausedByLostConnection()
#3 C:\\xampp\\htdocs\\laravel-php3\\example-app\\vendor\\laravel\\framework\\src\\Illuminate\\Database\\Connectors\\MySqlConnector.php(24): Illuminate\\Database\\Connectors\\Connector->createConnection()
#4 C:\\xampp\\htdocs\\laravel-php3\\example-app\\vendor\\laravel\\framework\\src\\Illuminate\\Database\\Connectors\\ConnectionFactory.php(185): Illuminate\\Database\\Connectors\\MySqlConnector->connect()
#5 [internal function]: Illuminate\\Database\\Connectors\\ConnectionFactory->Illuminate\\Database\\Connectors\\{closure}()
#6 C:\\xampp\\htdocs\\laravel-php3\\example-app\\vendor\\laravel\\framework\\src\\Illuminate\\Database\\Connection.php(1229): call_user_func()
#7 C:\\xampp\\htdocs\\laravel-php3\\example-app\\vendor\\laravel\\framework\\src\\Illuminate\\Database\\Connection.php(510): Illuminate\\Database\\Connection->getPdo()
#8 C:\\xampp\\htdocs\\laravel-php3\\example-app\\vendor\\laravel\\framework\\src\\Illuminate\\Database\\Connection.php(405): Illuminate\\Database\\Connection->getPdoForSelect()
#9 C:\\xampp\\htdocs\\laravel-php3\\example-app\\vendor\\laravel\\framework\\src\\Illuminate\\Database\\Connection.php(810): Illuminate\\Database\\Connection->Illuminate\\Database\\{closure}()
#10 C:\\xampp\\htdocs\\laravel-php3\\example-app\\vendor\\laravel\\framework\\src\\Illuminate\\Database\\Connection.php(977): Illuminate\\Database\\Connection->runQueryCallback()
#11 C:\\xampp\\htdocs\\laravel-php3\\example-app\\vendor\\laravel\\framework\\src\\Illuminate\\Database\\Connection.php(956): Illuminate\\Database\\Connection->tryAgainIfCausedByLostConnection()
#12 C:\\xampp\\htdocs\\laravel-php3\\example-app\\vendor\\laravel\\framework\\src\\Illuminate\\Database\\Connection.php(779): Illuminate\\Database\\Connection->handleQueryException()
#13 C:\\xampp\\htdocs\\laravel-php3\\example-app\\vendor\\laravel\\framework\\src\\Illuminate\\Database\\Connection.php(396): Illuminate\\Database\\Connection->run()
#14 C:\\xampp\\htdocs\\laravel-php3\\example-app\\vendor\\laravel\\framework\\src\\Illuminate\\Database\\Query\\Builder.php(3106): Illuminate\\Database\\Connection->select()
#15 C:\\xampp\\htdocs\\laravel-php3\\example-app\\vendor\\laravel\\framework\\src\\Illuminate\\Database\\Query\\Builder.php(3091): Illuminate\\Database\\Query\\Builder->runSelect()
#16 C:\\xampp\\htdocs\\laravel-php3\\example-app\\vendor\\laravel\\framework\\src\\Illuminate\\Database\\Query\\Builder.php(3676): Illuminate\\Database\\Query\\Builder->Illuminate\\Database\\Query\\{closure}()
#17 C:\\xampp\\htdocs\\laravel-php3\\example-app\\vendor\\laravel\\framework\\src\\Illuminate\\Database\\Query\\Builder.php(3090): Illuminate\\Database\\Query\\Builder->onceWithColumns()
#18 C:\\xampp\\htdocs\\laravel-php3\\example-app\\vendor\\laravel\\framework\\src\\Illuminate\\Database\\Concerns\\BuildsQueries.php(366): Illuminate\\Database\\Query\\Builder->get()
#19 C:\\xampp\\htdocs\\laravel-php3\\example-app\\vendor\\laravel\\framework\\src\\Illuminate\\Database\\Query\\Builder.php(3013): Illuminate\\Database\\Query\\Builder->first()
#20 C:\\xampp\\htdocs\\laravel-php3\\example-app\\vendor\\laravel\\framework\\src\\Illuminate\\Session\\DatabaseSessionHandler.php(97): Illuminate\\Database\\Query\\Builder->find()
#21 C:\\xampp\\htdocs\\laravel-php3\\example-app\\vendor\\laravel\\framework\\src\\Illuminate\\Session\\Store.php(117): Illuminate\\Session\\DatabaseSessionHandler->read()
#22 C:\\xampp\\htdocs\\laravel-php3\\example-app\\vendor\\laravel\\framework\\src\\Illuminate\\Session\\Store.php(105): Illuminate\\Session\\Store->readFromHandler()
#23 C:\\xampp\\htdocs\\laravel-php3\\example-app\\vendor\\laravel\\framework\\src\\Illuminate\\Session\\Store.php(89): Illuminate\\Session\\Store->loadSession()
#24 C:\\xampp\\htdocs\\laravel-php3\\example-app\\vendor\\laravel\\framework\\src\\Illuminate\\Session\\Middleware\\StartSession.php(147): Illuminate\\Session\\Store->start()
#25 C:\\xampp\\htdocs\\laravel-php3\\example-app\\vendor\\laravel\\framework\\src\\Illuminate\\Support\\helpers.php(399): Illuminate\\Session\\Middleware\\StartSession->Illuminate\\Session\\Middleware\\{closure}()
#26 C:\\xampp\\htdocs\\laravel-php3\\example-app\\vendor\\laravel\\framework\\src\\Illuminate\\Session\\Middleware\\StartSession.php(144): tap()
#27 C:\\xampp\\htdocs\\laravel-php3\\example-app\\vendor\\laravel\\framework\\src\\Illuminate\\Session\\Middleware\\StartSession.php(116): Illuminate\\Session\\Middleware\\StartSession->startSession()
#28 C:\\xampp\\htdocs\\laravel-php3\\example-app\\vendor\\laravel\\framework\\src\\Illuminate\\Session\\Middleware\\StartSession.php(64): Illuminate\\Session\\Middleware\\StartSession->handleStatefulRequest()
#29 C:\\xampp\\htdocs\\laravel-php3\\example-app\\vendor\\laravel\\framework\\src\\Illuminate\\Pipeline\\Pipeline.php(209): Illuminate\\Session\\Middleware\\StartSession->handle()
#30 C:\\xampp\\htdocs\\laravel-php3\\example-app\\vendor\\laravel\\framework\\src\\Illuminate\\Cookie\\Middleware\\AddQueuedCookiesToResponse.php(37): Illuminate\\Pipeline\\Pipeline->Illuminate\\Pipeline\\{closure}()
#31 C:\\xampp\\htdocs\\laravel-php3\\example-app\\vendor\\laravel\\framework\\src\\Illuminate\\Pipeline\\Pipeline.php(209): Illuminate\\Cookie\\Middleware\\AddQueuedCookiesToResponse->handle()
#32 C:\\xampp\\htdocs\\laravel-php3\\example-app\\vendor\\laravel\\framework\\src\\Illuminate\\Cookie\\Middleware\\EncryptCookies.php(75): Illuminate\\Pipeline\\Pipeline->Illuminate\\Pipeline\\{closure}()
#33 C:\\xampp\\htdocs\\laravel-php3\\example-app\\vendor\\laravel\\framework\\src\\Illuminate\\Pipeline\\Pipeline.php(209): Illuminate\\Cookie\\Middleware\\EncryptCookies->handle()
#34 C:\\xampp\\htdocs\\laravel-php3\\example-app\\vendor\\laravel\\framework\\src\\Illuminate\\Pipeline\\Pipeline.php(127): Illuminate\\Pipeline\\Pipeline->Illuminate\\Pipeline\\{closure}()
#35 C:\\xampp\\htdocs\\laravel-php3\\example-app\\vendor\\laravel\\framework\\src\\Illuminate\\Routing\\Router.php(807): Illuminate\\Pipeline\\Pipeline->then()
#36 C:\\xampp\\htdocs\\laravel-php3\\example-app\\vendor\\laravel\\framework\\src\\Illuminate\\Routing\\Router.php(786): Illuminate\\Routing\\Router->runRouteWithinStack()
#37 C:\\xampp\\htdocs\\laravel-php3\\example-app\\vendor\\laravel\\framework\\src\\Illuminate\\Routing\\Router.php(750): Illuminate\\Routing\\Router->runRoute()
#38 C:\\xampp\\htdocs\\laravel-php3\\example-app\\vendor\\laravel\\framework\\src\\Illuminate\\Routing\\Router.php(739): Illuminate\\Routing\\Router->dispatchToRoute()
#39 C:\\xampp\\htdocs\\laravel-php3\\example-app\\vendor\\laravel\\framework\\src\\Illuminate\\Foundation\\Http\\Kernel.php(201): Illuminate\\Routing\\Router->dispatch()
#40 C:\\xampp\\htdocs\\laravel-php3\\example-app\\vendor\\laravel\\framework\\src\\Illuminate\\Pipeline\\Pipeline.php(170): Illuminate\\Foundation\\Http\\Kernel->Illuminate\\Foundation\\Http\\{closure}()
#41 C:\\xampp\\htdocs\\laravel-php3\\example-app\\vendor\\laravel\\framework\\src\\Illuminate\\Foundation\\Http\\Middleware\\TransformsRequest.php(21): Illuminate\\Pipeline\\Pipeline->Illuminate\\Pipeline\\{closure}()
#42 C:\\xampp\\htdocs\\laravel-php3\\example-app\\vendor\\laravel\\framework\\src\\Illuminate\\Foundation\\Http\\Middleware\\ConvertEmptyStringsToNull.php(31): Illuminate\\Foundation\\Http\\Middleware\\TransformsRequest->handle()
#43 C:\\xampp\\htdocs\\laravel-php3\\example-app\\vendor\\laravel\\framework\\src\\Illuminate\\Pipeline\\Pipeline.php(209): Illuminate\\Foundation\\Http\\Middleware\\ConvertEmptyStringsToNull->handle()
#44 C:\\xampp\\htdocs\\laravel-php3\\example-app\\vendor\\laravel\\framework\\src\\Illuminate\\Foundation\\Http\\Middleware\\TransformsRequest.php(21): Illuminate\\Pipeline\\Pipeline->Illuminate\\Pipeline\\{closure}()
#45 C:\\xampp\\htdocs\\laravel-php3\\example-app\\vendor\\laravel\\framework\\src\\Illuminate\\Foundation\\Http\\Middleware\\TrimStrings.php(51): Illuminate\\Foundation\\Http\\Middleware\\TransformsRequest->handle()
#46 C:\\xampp\\htdocs\\laravel-php3\\example-app\\vendor\\laravel\\framework\\src\\Illuminate\\Pipeline\\Pipeline.php(209): Illuminate\\Foundation\\Http\\Middleware\\TrimStrings->handle()
#47 C:\\xampp\\htdocs\\laravel-php3\\example-app\\vendor\\laravel\\framework\\src\\Illuminate\\Http\\Middleware\\ValidatePostSize.php(27): Illuminate\\Pipeline\\Pipeline->Illuminate\\Pipeline\\{closure}()
#48 C:\\xampp\\htdocs\\laravel-php3\\example-app\\vendor\\laravel\\framework\\src\\Illuminate\\Pipeline\\Pipeline.php(209): Illuminate\\Http\\Middleware\\ValidatePostSize->handle()
#49 C:\\xampp\\htdocs\\laravel-php3\\example-app\\vendor\\laravel\\framework\\src\\Illuminate\\Foundation\\Http\\Middleware\\PreventRequestsDuringMaintenance.php(110): Illuminate\\Pipeline\\Pipeline->Illuminate\\Pipeline\\{closure}()
#50 C:\\xampp\\htdocs\\laravel-php3\\example-app\\vendor\\laravel\\framework\\src\\Illuminate\\Pipeline\\Pipeline.php(209): Illuminate\\Foundation\\Http\\Middleware\\PreventRequestsDuringMaintenance->handle()
#51 C:\\xampp\\htdocs\\laravel-php3\\example-app\\vendor\\laravel\\framework\\src\\Illuminate\\Http\\Middleware\\HandleCors.php(49): Illuminate\\Pipeline\\Pipeline->Illuminate\\Pipeline\\{closure}()
#52 C:\\xampp\\htdocs\\laravel-php3\\example-app\\vendor\\laravel\\framework\\src\\Illuminate\\Pipeline\\Pipeline.php(209): Illuminate\\Http\\Middleware\\HandleCors->handle()
#53 C:\\xampp\\htdocs\\laravel-php3\\example-app\\vendor\\laravel\\framework\\src\\Illuminate\\Http\\Middleware\\TrustProxies.php(58): Illuminate\\Pipeline\\Pipeline->Illuminate\\Pipeline\\{closure}()
#54 C:\\xampp\\htdocs\\laravel-php3\\example-app\\vendor\\laravel\\framework\\src\\Illuminate\\Pipeline\\Pipeline.php(209): Illuminate\\Http\\Middleware\\TrustProxies->handle()
#55 C:\\xampp\\htdocs\\laravel-php3\\example-app\\vendor\\laravel\\framework\\src\\Illuminate\\Foundation\\Http\\Middleware\\InvokeDeferredCallbacks.php(22): Illuminate\\Pipeline\\Pipeline->Illuminate\\Pipeline\\{closure}()
#56 C:\\xampp\\htdocs\\laravel-php3\\example-app\\vendor\\laravel\\framework\\src\\Illuminate\\Pipeline\\Pipeline.php(209): Illuminate\\Foundation\\Http\\Middleware\\InvokeDeferredCallbacks->handle()
#57 C:\\xampp\\htdocs\\laravel-php3\\example-app\\vendor\\laravel\\framework\\src\\Illuminate\\Http\\Middleware\\ValidatePathEncoding.php(26): Illuminate\\Pipeline\\Pipeline->Illuminate\\Pipeline\\{closure}()
#58 C:\\xampp\\htdocs\\laravel-php3\\example-app\\vendor\\laravel\\framework\\src\\Illuminate\\Pipeline\\Pipeline.php(209): Illuminate\\Http\\Middleware\\ValidatePathEncoding->handle()
#59 C:\\xampp\\htdocs\\laravel-php3\\example-app\\vendor\\laravel\\framework\\src\\Illuminate\\Pipeline\\Pipeline.php(127): Illuminate\\Pipeline\\Pipeline->Illuminate\\Pipeline\\{closure}()
#60 C:\\xampp\\htdocs\\laravel-php3\\example-app\\vendor\\laravel\\framework\\src\\Illuminate\\Foundation\\Http\\Kernel.php(176): Illuminate\\Pipeline\\Pipeline->then()
#61 C:\\xampp\\htdocs\\laravel-php3\\example-app\\vendor\\laravel\\framework\\src\\Illuminate\\Foundation\\Http\\Kernel.php(145): Illuminate\\Foundation\\Http\\Kernel->sendRequestThroughRouter()
#62 C:\\xampp\\htdocs\\laravel-php3\\example-app\\vendor\\laravel\\framework\\src\\Illuminate\\Foundation\\Application.php(1220): Illuminate\\Foundation\\Http\\Kernel->handle()
#63 C:\\xampp\\htdocs\\laravel-php3\\example-app\\public\\index.php(20): Illuminate\\Foundation\\Application->handleRequest()
#64 C:\\xampp\\htdocs\\laravel-php3\\example-app\\vendor\\laravel\\framework\\src\\Illuminate\\Foundation\\resources\\server.php(23): require_once('...')
#65 {main}
"} 
[2025-04-10 04:01:52] local.ERROR: SQLSTATE[HY000] [2002] No connection could be made because the target machine actively refused it (Connection: mysql, SQL: select * from `sessions` where `id` = SKicrFavWYSuGLMtBru9CE0TGUW4CURXPhXKrm4a limit 1) {"exception":"[object] (Illuminate\\Database\\QueryException(code: 2002): SQLSTATE[HY000] [2002] No connection could be made because the target machine actively refused it (Connection: mysql, SQL: select * from `sessions` where `id` = SKicrFavWYSuGLMtBru9CE0TGUW4CURXPhXKrm4a limit 1) at C:\\xampp\\htdocs\\laravel-php3\\example-app\\vendor\\laravel\\framework\\src\\Illuminate\\Database\\Connection.php:823)
[stacktrace]
#0 C:\\xampp\\htdocs\\laravel-php3\\example-app\\vendor\\laravel\\framework\\src\\Illuminate\\Database\\Connection.php(977): Illuminate\\Database\\Connection->runQueryCallback()
#1 C:\\xampp\\htdocs\\laravel-php3\\example-app\\vendor\\laravel\\framework\\src\\Illuminate\\Database\\Connection.php(956): Illuminate\\Database\\Connection->tryAgainIfCausedByLostConnection()
#2 C:\\xampp\\htdocs\\laravel-php3\\example-app\\vendor\\laravel\\framework\\src\\Illuminate\\Database\\Connection.php(779): Illuminate\\Database\\Connection->handleQueryException()
#3 C:\\xampp\\htdocs\\laravel-php3\\example-app\\vendor\\laravel\\framework\\src\\Illuminate\\Database\\Connection.php(396): Illuminate\\Database\\Connection->run()
#4 C:\\xampp\\htdocs\\laravel-php3\\example-app\\vendor\\laravel\\framework\\src\\Illuminate\\Database\\Query\\Builder.php(3106): Illuminate\\Database\\Connection->select()
#5 C:\\xampp\\htdocs\\laravel-php3\\example-app\\vendor\\laravel\\framework\\src\\Illuminate\\Database\\Query\\Builder.php(3091): Illuminate\\Database\\Query\\Builder->runSelect()
#6 C:\\xampp\\htdocs\\laravel-php3\\example-app\\vendor\\laravel\\framework\\src\\Illuminate\\Database\\Query\\Builder.php(3676): Illuminate\\Database\\Query\\Builder->Illuminate\\Database\\Query\\{closure}()
#7 C:\\xampp\\htdocs\\laravel-php3\\example-app\\vendor\\laravel\\framework\\src\\Illuminate\\Database\\Query\\Builder.php(3090): Illuminate\\Database\\Query\\Builder->onceWithColumns()
#8 C:\\xampp\\htdocs\\laravel-php3\\example-app\\vendor\\laravel\\framework\\src\\Illuminate\\Database\\Concerns\\BuildsQueries.php(366): Illuminate\\Database\\Query\\Builder->get()
#9 C:\\xampp\\htdocs\\laravel-php3\\example-app\\vendor\\laravel\\framework\\src\\Illuminate\\Database\\Query\\Builder.php(3013): Illuminate\\Database\\Query\\Builder->first()
#10 C:\\xampp\\htdocs\\laravel-php3\\example-app\\vendor\\laravel\\framework\\src\\Illuminate\\Session\\DatabaseSessionHandler.php(97): Illuminate\\Database\\Query\\Builder->find()
#11 C:\\xampp\\htdocs\\laravel-php3\\example-app\\vendor\\laravel\\framework\\src\\Illuminate\\Session\\Store.php(117): Illuminate\\Session\\DatabaseSessionHandler->read()
#12 C:\\xampp\\htdocs\\laravel-php3\\example-app\\vendor\\laravel\\framework\\src\\Illuminate\\Session\\Store.php(105): Illuminate\\Session\\Store->readFromHandler()
#13 C:\\xampp\\htdocs\\laravel-php3\\example-app\\vendor\\laravel\\framework\\src\\Illuminate\\Session\\Store.php(89): Illuminate\\Session\\Store->loadSession()
#14 C:\\xampp\\htdocs\\laravel-php3\\example-app\\vendor\\laravel\\framework\\src\\Illuminate\\Session\\Middleware\\StartSession.php(147): Illuminate\\Session\\Store->start()
#15 C:\\xampp\\htdocs\\laravel-php3\\example-app\\vendor\\laravel\\framework\\src\\Illuminate\\Support\\helpers.php(399): Illuminate\\Session\\Middleware\\StartSession->Illuminate\\Session\\Middleware\\{closure}()
#16 C:\\xampp\\htdocs\\laravel-php3\\example-app\\vendor\\laravel\\framework\\src\\Illuminate\\Session\\Middleware\\StartSession.php(144): tap()
#17 C:\\xampp\\htdocs\\laravel-php3\\example-app\\vendor\\laravel\\framework\\src\\Illuminate\\Session\\Middleware\\StartSession.php(116): Illuminate\\Session\\Middleware\\StartSession->startSession()
#18 C:\\xampp\\htdocs\\laravel-php3\\example-app\\vendor\\laravel\\framework\\src\\Illuminate\\Session\\Middleware\\StartSession.php(64): Illuminate\\Session\\Middleware\\StartSession->handleStatefulRequest()
#19 C:\\xampp\\htdocs\\laravel-php3\\example-app\\vendor\\laravel\\framework\\src\\Illuminate\\Pipeline\\Pipeline.php(209): Illuminate\\Session\\Middleware\\StartSession->handle()
#20 C:\\xampp\\htdocs\\laravel-php3\\example-app\\vendor\\laravel\\framework\\src\\Illuminate\\Cookie\\Middleware\\AddQueuedCookiesToResponse.php(37): Illuminate\\Pipeline\\Pipeline->Illuminate\\Pipeline\\{closure}()
#21 C:\\xampp\\htdocs\\laravel-php3\\example-app\\vendor\\laravel\\framework\\src\\Illuminate\\Pipeline\\Pipeline.php(209): Illuminate\\Cookie\\Middleware\\AddQueuedCookiesToResponse->handle()
#22 C:\\xampp\\htdocs\\laravel-php3\\example-app\\vendor\\laravel\\framework\\src\\Illuminate\\Cookie\\Middleware\\EncryptCookies.php(75): Illuminate\\Pipeline\\Pipeline->Illuminate\\Pipeline\\{closure}()
#23 C:\\xampp\\htdocs\\laravel-php3\\example-app\\vendor\\laravel\\framework\\src\\Illuminate\\Pipeline\\Pipeline.php(209): Illuminate\\Cookie\\Middleware\\EncryptCookies->handle()
#24 C:\\xampp\\htdocs\\laravel-php3\\example-app\\vendor\\laravel\\framework\\src\\Illuminate\\Pipeline\\Pipeline.php(127): Illuminate\\Pipeline\\Pipeline->Illuminate\\Pipeline\\{closure}()
#25 C:\\xampp\\htdocs\\laravel-php3\\example-app\\vendor\\laravel\\framework\\src\\Illuminate\\Routing\\Router.php(807): Illuminate\\Pipeline\\Pipeline->then()
#26 C:\\xampp\\htdocs\\laravel-php3\\example-app\\vendor\\laravel\\framework\\src\\Illuminate\\Routing\\Router.php(786): Illuminate\\Routing\\Router->runRouteWithinStack()
#27 C:\\xampp\\htdocs\\laravel-php3\\example-app\\vendor\\laravel\\framework\\src\\Illuminate\\Routing\\Router.php(750): Illuminate\\Routing\\Router->runRoute()
#28 C:\\xampp\\htdocs\\laravel-php3\\example-app\\vendor\\laravel\\framework\\src\\Illuminate\\Routing\\Router.php(739): Illuminate\\Routing\\Router->dispatchToRoute()
#29 C:\\xampp\\htdocs\\laravel-php3\\example-app\\vendor\\laravel\\framework\\src\\Illuminate\\Foundation\\Http\\Kernel.php(201): Illuminate\\Routing\\Router->dispatch()
#30 C:\\xampp\\htdocs\\laravel-php3\\example-app\\vendor\\laravel\\framework\\src\\Illuminate\\Pipeline\\Pipeline.php(170): Illuminate\\Foundation\\Http\\Kernel->Illuminate\\Foundation\\Http\\{closure}()
#31 C:\\xampp\\htdocs\\laravel-php3\\example-app\\vendor\\laravel\\framework\\src\\Illuminate\\Foundation\\Http\\Middleware\\TransformsRequest.php(21): Illuminate\\Pipeline\\Pipeline->Illuminate\\Pipeline\\{closure}()
#32 C:\\xampp\\htdocs\\laravel-php3\\example-app\\vendor\\laravel\\framework\\src\\Illuminate\\Foundation\\Http\\Middleware\\ConvertEmptyStringsToNull.php(31): Illuminate\\Foundation\\Http\\Middleware\\TransformsRequest->handle()
#33 C:\\xampp\\htdocs\\laravel-php3\\example-app\\vendor\\laravel\\framework\\src\\Illuminate\\Pipeline\\Pipeline.php(209): Illuminate\\Foundation\\Http\\Middleware\\ConvertEmptyStringsToNull->handle()
#34 C:\\xampp\\htdocs\\laravel-php3\\example-app\\vendor\\laravel\\framework\\src\\Illuminate\\Foundation\\Http\\Middleware\\TransformsRequest.php(21): Illuminate\\Pipeline\\Pipeline->Illuminate\\Pipeline\\{closure}()
#35 C:\\xampp\\htdocs\\laravel-php3\\example-app\\vendor\\laravel\\framework\\src\\Illuminate\\Foundation\\Http\\Middleware\\TrimStrings.php(51): Illuminate\\Foundation\\Http\\Middleware\\TransformsRequest->handle()
#36 C:\\xampp\\htdocs\\laravel-php3\\example-app\\vendor\\laravel\\framework\\src\\Illuminate\\Pipeline\\Pipeline.php(209): Illuminate\\Foundation\\Http\\Middleware\\TrimStrings->handle()
#37 C:\\xampp\\htdocs\\laravel-php3\\example-app\\vendor\\laravel\\framework\\src\\Illuminate\\Http\\Middleware\\ValidatePostSize.php(27): Illuminate\\Pipeline\\Pipeline->Illuminate\\Pipeline\\{closure}()
#38 C:\\xampp\\htdocs\\laravel-php3\\example-app\\vendor\\laravel\\framework\\src\\Illuminate\\Pipeline\\Pipeline.php(209): Illuminate\\Http\\Middleware\\ValidatePostSize->handle()
#39 C:\\xampp\\htdocs\\laravel-php3\\example-app\\vendor\\laravel\\framework\\src\\Illuminate\\Foundation\\Http\\Middleware\\PreventRequestsDuringMaintenance.php(110): Illuminate\\Pipeline\\Pipeline->Illuminate\\Pipeline\\{closure}()
#40 C:\\xampp\\htdocs\\laravel-php3\\example-app\\vendor\\laravel\\framework\\src\\Illuminate\\Pipeline\\Pipeline.php(209): Illuminate\\Foundation\\Http\\Middleware\\PreventRequestsDuringMaintenance->handle()
#41 C:\\xampp\\htdocs\\laravel-php3\\example-app\\vendor\\laravel\\framework\\src\\Illuminate\\Http\\Middleware\\HandleCors.php(49): Illuminate\\Pipeline\\Pipeline->Illuminate\\Pipeline\\{closure}()
#42 C:\\xampp\\htdocs\\laravel-php3\\example-app\\vendor\\laravel\\framework\\src\\Illuminate\\Pipeline\\Pipeline.php(209): Illuminate\\Http\\Middleware\\HandleCors->handle()
#43 C:\\xampp\\htdocs\\laravel-php3\\example-app\\vendor\\laravel\\framework\\src\\Illuminate\\Http\\Middleware\\TrustProxies.php(58): Illuminate\\Pipeline\\Pipeline->Illuminate\\Pipeline\\{closure}()
#44 C:\\xampp\\htdocs\\laravel-php3\\example-app\\vendor\\laravel\\framework\\src\\Illuminate\\Pipeline\\Pipeline.php(209): Illuminate\\Http\\Middleware\\TrustProxies->handle()
#45 C:\\xampp\\htdocs\\laravel-php3\\example-app\\vendor\\laravel\\framework\\src\\Illuminate\\Foundation\\Http\\Middleware\\InvokeDeferredCallbacks.php(22): Illuminate\\Pipeline\\Pipeline->Illuminate\\Pipeline\\{closure}()
#46 C:\\xampp\\htdocs\\laravel-php3\\example-app\\vendor\\laravel\\framework\\src\\Illuminate\\Pipeline\\Pipeline.php(209): Illuminate\\Foundation\\Http\\Middleware\\InvokeDeferredCallbacks->handle()
#47 C:\\xampp\\htdocs\\laravel-php3\\example-app\\vendor\\laravel\\framework\\src\\Illuminate\\Http\\Middleware\\ValidatePathEncoding.php(26): Illuminate\\Pipeline\\Pipeline->Illuminate\\Pipeline\\{closure}()
#48 C:\\xampp\\htdocs\\laravel-php3\\example-app\\vendor\\laravel\\framework\\src\\Illuminate\\Pipeline\\Pipeline.php(209): Illuminate\\Http\\Middleware\\ValidatePathEncoding->handle()
#49 C:\\xampp\\htdocs\\laravel-php3\\example-app\\vendor\\laravel\\framework\\src\\Illuminate\\Pipeline\\Pipeline.php(127): Illuminate\\Pipeline\\Pipeline->Illuminate\\Pipeline\\{closure}()
#50 C:\\xampp\\htdocs\\laravel-php3\\example-app\\vendor\\laravel\\framework\\src\\Illuminate\\Foundation\\Http\\Kernel.php(176): Illuminate\\Pipeline\\Pipeline->then()
#51 C:\\xampp\\htdocs\\laravel-php3\\example-app\\vendor\\laravel\\framework\\src\\Illuminate\\Foundation\\Http\\Kernel.php(145): Illuminate\\Foundation\\Http\\Kernel->sendRequestThroughRouter()
#52 C:\\xampp\\htdocs\\laravel-php3\\example-app\\vendor\\laravel\\framework\\src\\Illuminate\\Foundation\\Application.php(1220): Illuminate\\Foundation\\Http\\Kernel->handle()
#53 C:\\xampp\\htdocs\\laravel-php3\\example-app\\public\\index.php(20): Illuminate\\Foundation\\Application->handleRequest()
#54 C:\\xampp\\htdocs\\laravel-php3\\example-app\\vendor\\laravel\\framework\\src\\Illuminate\\Foundation\\resources\\server.php(23): require_once('...')
#55 {main}

[previous exception] [object] (PDOException(code: 2002): SQLSTATE[HY000] [2002] No connection could be made because the target machine actively refused it at C:\\xampp\\htdocs\\laravel-php3\\example-app\\vendor\\laravel\\framework\\src\\Illuminate\\Database\\Connectors\\Connector.php:66)
[stacktrace]
#0 C:\\xampp\\htdocs\\laravel-php3\\example-app\\vendor\\laravel\\framework\\src\\Illuminate\\Database\\Connectors\\Connector.php(66): PDO->__construct()
#1 C:\\xampp\\htdocs\\laravel-php3\\example-app\\vendor\\laravel\\framework\\src\\Illuminate\\Database\\Connectors\\Connector.php(85): Illuminate\\Database\\Connectors\\Connector->createPdoConnection()
#2 C:\\xampp\\htdocs\\laravel-php3\\example-app\\vendor\\laravel\\framework\\src\\Illuminate\\Database\\Connectors\\Connector.php(48): Illuminate\\Database\\Connectors\\Connector->tryAgainIfCausedByLostConnection()
#3 C:\\xampp\\htdocs\\laravel-php3\\example-app\\vendor\\laravel\\framework\\src\\Illuminate\\Database\\Connectors\\MySqlConnector.php(24): Illuminate\\Database\\Connectors\\Connector->createConnection()
#4 C:\\xampp\\htdocs\\laravel-php3\\example-app\\vendor\\laravel\\framework\\src\\Illuminate\\Database\\Connectors\\ConnectionFactory.php(185): Illuminate\\Database\\Connectors\\MySqlConnector->connect()
#5 [internal function]: Illuminate\\Database\\Connectors\\ConnectionFactory->Illuminate\\Database\\Connectors\\{closure}()
#6 C:\\xampp\\htdocs\\laravel-php3\\example-app\\vendor\\laravel\\framework\\src\\Illuminate\\Database\\Connection.php(1229): call_user_func()
#7 C:\\xampp\\htdocs\\laravel-php3\\example-app\\vendor\\laravel\\framework\\src\\Illuminate\\Database\\Connection.php(510): Illuminate\\Database\\Connection->getPdo()
#8 C:\\xampp\\htdocs\\laravel-php3\\example-app\\vendor\\laravel\\framework\\src\\Illuminate\\Database\\Connection.php(405): Illuminate\\Database\\Connection->getPdoForSelect()
#9 C:\\xampp\\htdocs\\laravel-php3\\example-app\\vendor\\laravel\\framework\\src\\Illuminate\\Database\\Connection.php(810): Illuminate\\Database\\Connection->Illuminate\\Database\\{closure}()
#10 C:\\xampp\\htdocs\\laravel-php3\\example-app\\vendor\\laravel\\framework\\src\\Illuminate\\Database\\Connection.php(977): Illuminate\\Database\\Connection->runQueryCallback()
#11 C:\\xampp\\htdocs\\laravel-php3\\example-app\\vendor\\laravel\\framework\\src\\Illuminate\\Database\\Connection.php(956): Illuminate\\Database\\Connection->tryAgainIfCausedByLostConnection()
#12 C:\\xampp\\htdocs\\laravel-php3\\example-app\\vendor\\laravel\\framework\\src\\Illuminate\\Database\\Connection.php(779): Illuminate\\Database\\Connection->handleQueryException()
#13 C:\\xampp\\htdocs\\laravel-php3\\example-app\\vendor\\laravel\\framework\\src\\Illuminate\\Database\\Connection.php(396): Illuminate\\Database\\Connection->run()
#14 C:\\xampp\\htdocs\\laravel-php3\\example-app\\vendor\\laravel\\framework\\src\\Illuminate\\Database\\Query\\Builder.php(3106): Illuminate\\Database\\Connection->select()
#15 C:\\xampp\\htdocs\\laravel-php3\\example-app\\vendor\\laravel\\framework\\src\\Illuminate\\Database\\Query\\Builder.php(3091): Illuminate\\Database\\Query\\Builder->runSelect()
#16 C:\\xampp\\htdocs\\laravel-php3\\example-app\\vendor\\laravel\\framework\\src\\Illuminate\\Database\\Query\\Builder.php(3676): Illuminate\\Database\\Query\\Builder->Illuminate\\Database\\Query\\{closure}()
#17 C:\\xampp\\htdocs\\laravel-php3\\example-app\\vendor\\laravel\\framework\\src\\Illuminate\\Database\\Query\\Builder.php(3090): Illuminate\\Database\\Query\\Builder->onceWithColumns()
#18 C:\\xampp\\htdocs\\laravel-php3\\example-app\\vendor\\laravel\\framework\\src\\Illuminate\\Database\\Concerns\\BuildsQueries.php(366): Illuminate\\Database\\Query\\Builder->get()
#19 C:\\xampp\\htdocs\\laravel-php3\\example-app\\vendor\\laravel\\framework\\src\\Illuminate\\Database\\Query\\Builder.php(3013): Illuminate\\Database\\Query\\Builder->first()
#20 C:\\xampp\\htdocs\\laravel-php3\\example-app\\vendor\\laravel\\framework\\src\\Illuminate\\Session\\DatabaseSessionHandler.php(97): Illuminate\\Database\\Query\\Builder->find()
#21 C:\\xampp\\htdocs\\laravel-php3\\example-app\\vendor\\laravel\\framework\\src\\Illuminate\\Session\\Store.php(117): Illuminate\\Session\\DatabaseSessionHandler->read()
#22 C:\\xampp\\htdocs\\laravel-php3\\example-app\\vendor\\laravel\\framework\\src\\Illuminate\\Session\\Store.php(105): Illuminate\\Session\\Store->readFromHandler()
#23 C:\\xampp\\htdocs\\laravel-php3\\example-app\\vendor\\laravel\\framework\\src\\Illuminate\\Session\\Store.php(89): Illuminate\\Session\\Store->loadSession()
#24 C:\\xampp\\htdocs\\laravel-php3\\example-app\\vendor\\laravel\\framework\\src\\Illuminate\\Session\\Middleware\\StartSession.php(147): Illuminate\\Session\\Store->start()
#25 C:\\xampp\\htdocs\\laravel-php3\\example-app\\vendor\\laravel\\framework\\src\\Illuminate\\Support\\helpers.php(399): Illuminate\\Session\\Middleware\\StartSession->Illuminate\\Session\\Middleware\\{closure}()
#26 C:\\xampp\\htdocs\\laravel-php3\\example-app\\vendor\\laravel\\framework\\src\\Illuminate\\Session\\Middleware\\StartSession.php(144): tap()
#27 C:\\xampp\\htdocs\\laravel-php3\\example-app\\vendor\\laravel\\framework\\src\\Illuminate\\Session\\Middleware\\StartSession.php(116): Illuminate\\Session\\Middleware\\StartSession->startSession()
#28 C:\\xampp\\htdocs\\laravel-php3\\example-app\\vendor\\laravel\\framework\\src\\Illuminate\\Session\\Middleware\\StartSession.php(64): Illuminate\\Session\\Middleware\\StartSession->handleStatefulRequest()
#29 C:\\xampp\\htdocs\\laravel-php3\\example-app\\vendor\\laravel\\framework\\src\\Illuminate\\Pipeline\\Pipeline.php(209): Illuminate\\Session\\Middleware\\StartSession->handle()
#30 C:\\xampp\\htdocs\\laravel-php3\\example-app\\vendor\\laravel\\framework\\src\\Illuminate\\Cookie\\Middleware\\AddQueuedCookiesToResponse.php(37): Illuminate\\Pipeline\\Pipeline->Illuminate\\Pipeline\\{closure}()
#31 C:\\xampp\\htdocs\\laravel-php3\\example-app\\vendor\\laravel\\framework\\src\\Illuminate\\Pipeline\\Pipeline.php(209): Illuminate\\Cookie\\Middleware\\AddQueuedCookiesToResponse->handle()
#32 C:\\xampp\\htdocs\\laravel-php3\\example-app\\vendor\\laravel\\framework\\src\\Illuminate\\Cookie\\Middleware\\EncryptCookies.php(75): Illuminate\\Pipeline\\Pipeline->Illuminate\\Pipeline\\{closure}()
#33 C:\\xampp\\htdocs\\laravel-php3\\example-app\\vendor\\laravel\\framework\\src\\Illuminate\\Pipeline\\Pipeline.php(209): Illuminate\\Cookie\\Middleware\\EncryptCookies->handle()
#34 C:\\xampp\\htdocs\\laravel-php3\\example-app\\vendor\\laravel\\framework\\src\\Illuminate\\Pipeline\\Pipeline.php(127): Illuminate\\Pipeline\\Pipeline->Illuminate\\Pipeline\\{closure}()
#35 C:\\xampp\\htdocs\\laravel-php3\\example-app\\vendor\\laravel\\framework\\src\\Illuminate\\Routing\\Router.php(807): Illuminate\\Pipeline\\Pipeline->then()
#36 C:\\xampp\\htdocs\\laravel-php3\\example-app\\vendor\\laravel\\framework\\src\\Illuminate\\Routing\\Router.php(786): Illuminate\\Routing\\Router->runRouteWithinStack()
#37 C:\\xampp\\htdocs\\laravel-php3\\example-app\\vendor\\laravel\\framework\\src\\Illuminate\\Routing\\Router.php(750): Illuminate\\Routing\\Router->runRoute()
#38 C:\\xampp\\htdocs\\laravel-php3\\example-app\\vendor\\laravel\\framework\\src\\Illuminate\\Routing\\Router.php(739): Illuminate\\Routing\\Router->dispatchToRoute()
#39 C:\\xampp\\htdocs\\laravel-php3\\example-app\\vendor\\laravel\\framework\\src\\Illuminate\\Foundation\\Http\\Kernel.php(201): Illuminate\\Routing\\Router->dispatch()
#40 C:\\xampp\\htdocs\\laravel-php3\\example-app\\vendor\\laravel\\framework\\src\\Illuminate\\Pipeline\\Pipeline.php(170): Illuminate\\Foundation\\Http\\Kernel->Illuminate\\Foundation\\Http\\{closure}()
#41 C:\\xampp\\htdocs\\laravel-php3\\example-app\\vendor\\laravel\\framework\\src\\Illuminate\\Foundation\\Http\\Middleware\\TransformsRequest.php(21): Illuminate\\Pipeline\\Pipeline->Illuminate\\Pipeline\\{closure}()
#42 C:\\xampp\\htdocs\\laravel-php3\\example-app\\vendor\\laravel\\framework\\src\\Illuminate\\Foundation\\Http\\Middleware\\ConvertEmptyStringsToNull.php(31): Illuminate\\Foundation\\Http\\Middleware\\TransformsRequest->handle()
#43 C:\\xampp\\htdocs\\laravel-php3\\example-app\\vendor\\laravel\\framework\\src\\Illuminate\\Pipeline\\Pipeline.php(209): Illuminate\\Foundation\\Http\\Middleware\\ConvertEmptyStringsToNull->handle()
#44 C:\\xampp\\htdocs\\laravel-php3\\example-app\\vendor\\laravel\\framework\\src\\Illuminate\\Foundation\\Http\\Middleware\\TransformsRequest.php(21): Illuminate\\Pipeline\\Pipeline->Illuminate\\Pipeline\\{closure}()
#45 C:\\xampp\\htdocs\\laravel-php3\\example-app\\vendor\\laravel\\framework\\src\\Illuminate\\Foundation\\Http\\Middleware\\TrimStrings.php(51): Illuminate\\Foundation\\Http\\Middleware\\TransformsRequest->handle()
#46 C:\\xampp\\htdocs\\laravel-php3\\example-app\\vendor\\laravel\\framework\\src\\Illuminate\\Pipeline\\Pipeline.php(209): Illuminate\\Foundation\\Http\\Middleware\\TrimStrings->handle()
#47 C:\\xampp\\htdocs\\laravel-php3\\example-app\\vendor\\laravel\\framework\\src\\Illuminate\\Http\\Middleware\\ValidatePostSize.php(27): Illuminate\\Pipeline\\Pipeline->Illuminate\\Pipeline\\{closure}()
#48 C:\\xampp\\htdocs\\laravel-php3\\example-app\\vendor\\laravel\\framework\\src\\Illuminate\\Pipeline\\Pipeline.php(209): Illuminate\\Http\\Middleware\\ValidatePostSize->handle()
#49 C:\\xampp\\htdocs\\laravel-php3\\example-app\\vendor\\laravel\\framework\\src\\Illuminate\\Foundation\\Http\\Middleware\\PreventRequestsDuringMaintenance.php(110): Illuminate\\Pipeline\\Pipeline->Illuminate\\Pipeline\\{closure}()
#50 C:\\xampp\\htdocs\\laravel-php3\\example-app\\vendor\\laravel\\framework\\src\\Illuminate\\Pipeline\\Pipeline.php(209): Illuminate\\Foundation\\Http\\Middleware\\PreventRequestsDuringMaintenance->handle()
#51 C:\\xampp\\htdocs\\laravel-php3\\example-app\\vendor\\laravel\\framework\\src\\Illuminate\\Http\\Middleware\\HandleCors.php(49): Illuminate\\Pipeline\\Pipeline->Illuminate\\Pipeline\\{closure}()
#52 C:\\xampp\\htdocs\\laravel-php3\\example-app\\vendor\\laravel\\framework\\src\\Illuminate\\Pipeline\\Pipeline.php(209): Illuminate\\Http\\Middleware\\HandleCors->handle()
#53 C:\\xampp\\htdocs\\laravel-php3\\example-app\\vendor\\laravel\\framework\\src\\Illuminate\\Http\\Middleware\\TrustProxies.php(58): Illuminate\\Pipeline\\Pipeline->Illuminate\\Pipeline\\{closure}()
#54 C:\\xampp\\htdocs\\laravel-php3\\example-app\\vendor\\laravel\\framework\\src\\Illuminate\\Pipeline\\Pipeline.php(209): Illuminate\\Http\\Middleware\\TrustProxies->handle()
#55 C:\\xampp\\htdocs\\laravel-php3\\example-app\\vendor\\laravel\\framework\\src\\Illuminate\\Foundation\\Http\\Middleware\\InvokeDeferredCallbacks.php(22): Illuminate\\Pipeline\\Pipeline->Illuminate\\Pipeline\\{closure}()
#56 C:\\xampp\\htdocs\\laravel-php3\\example-app\\vendor\\laravel\\framework\\src\\Illuminate\\Pipeline\\Pipeline.php(209): Illuminate\\Foundation\\Http\\Middleware\\InvokeDeferredCallbacks->handle()
#57 C:\\xampp\\htdocs\\laravel-php3\\example-app\\vendor\\laravel\\framework\\src\\Illuminate\\Http\\Middleware\\ValidatePathEncoding.php(26): Illuminate\\Pipeline\\Pipeline->Illuminate\\Pipeline\\{closure}()
#58 C:\\xampp\\htdocs\\laravel-php3\\example-app\\vendor\\laravel\\framework\\src\\Illuminate\\Pipeline\\Pipeline.php(209): Illuminate\\Http\\Middleware\\ValidatePathEncoding->handle()
#59 C:\\xampp\\htdocs\\laravel-php3\\example-app\\vendor\\laravel\\framework\\src\\Illuminate\\Pipeline\\Pipeline.php(127): Illuminate\\Pipeline\\Pipeline->Illuminate\\Pipeline\\{closure}()
#60 C:\\xampp\\htdocs\\laravel-php3\\example-app\\vendor\\laravel\\framework\\src\\Illuminate\\Foundation\\Http\\Kernel.php(176): Illuminate\\Pipeline\\Pipeline->then()
#61 C:\\xampp\\htdocs\\laravel-php3\\example-app\\vendor\\laravel\\framework\\src\\Illuminate\\Foundation\\Http\\Kernel.php(145): Illuminate\\Foundation\\Http\\Kernel->sendRequestThroughRouter()
#62 C:\\xampp\\htdocs\\laravel-php3\\example-app\\vendor\\laravel\\framework\\src\\Illuminate\\Foundation\\Application.php(1220): Illuminate\\Foundation\\Http\\Kernel->handle()
#63 C:\\xampp\\htdocs\\laravel-php3\\example-app\\public\\index.php(20): Illuminate\\Foundation\\Application->handleRequest()
#64 C:\\xampp\\htdocs\\laravel-php3\\example-app\\vendor\\laravel\\framework\\src\\Illuminate\\Foundation\\resources\\server.php(23): require_once('...')
#65 {main}
"} 
[2025-04-10 04:02:01] local.ERROR: SQLSTATE[HY000] [2002] No connection could be made because the target machine actively refused it (Connection: mysql, SQL: select * from `sessions` where `id` = SKicrFavWYSuGLMtBru9CE0TGUW4CURXPhXKrm4a limit 1) {"exception":"[object] (Illuminate\\Database\\QueryException(code: 2002): SQLSTATE[HY000] [2002] No connection could be made because the target machine actively refused it (Connection: mysql, SQL: select * from `sessions` where `id` = SKicrFavWYSuGLMtBru9CE0TGUW4CURXPhXKrm4a limit 1) at C:\\xampp\\htdocs\\laravel-php3\\example-app\\vendor\\laravel\\framework\\src\\Illuminate\\Database\\Connection.php:823)
[stacktrace]
#0 C:\\xampp\\htdocs\\laravel-php3\\example-app\\vendor\\laravel\\framework\\src\\Illuminate\\Database\\Connection.php(977): Illuminate\\Database\\Connection->runQueryCallback()
#1 C:\\xampp\\htdocs\\laravel-php3\\example-app\\vendor\\laravel\\framework\\src\\Illuminate\\Database\\Connection.php(956): Illuminate\\Database\\Connection->tryAgainIfCausedByLostConnection()
#2 C:\\xampp\\htdocs\\laravel-php3\\example-app\\vendor\\laravel\\framework\\src\\Illuminate\\Database\\Connection.php(779): Illuminate\\Database\\Connection->handleQueryException()
#3 C:\\xampp\\htdocs\\laravel-php3\\example-app\\vendor\\laravel\\framework\\src\\Illuminate\\Database\\Connection.php(396): Illuminate\\Database\\Connection->run()
#4 C:\\xampp\\htdocs\\laravel-php3\\example-app\\vendor\\laravel\\framework\\src\\Illuminate\\Database\\Query\\Builder.php(3106): Illuminate\\Database\\Connection->select()
#5 C:\\xampp\\htdocs\\laravel-php3\\example-app\\vendor\\laravel\\framework\\src\\Illuminate\\Database\\Query\\Builder.php(3091): Illuminate\\Database\\Query\\Builder->runSelect()
#6 C:\\xampp\\htdocs\\laravel-php3\\example-app\\vendor\\laravel\\framework\\src\\Illuminate\\Database\\Query\\Builder.php(3676): Illuminate\\Database\\Query\\Builder->Illuminate\\Database\\Query\\{closure}()
#7 C:\\xampp\\htdocs\\laravel-php3\\example-app\\vendor\\laravel\\framework\\src\\Illuminate\\Database\\Query\\Builder.php(3090): Illuminate\\Database\\Query\\Builder->onceWithColumns()
#8 C:\\xampp\\htdocs\\laravel-php3\\example-app\\vendor\\laravel\\framework\\src\\Illuminate\\Database\\Concerns\\BuildsQueries.php(366): Illuminate\\Database\\Query\\Builder->get()
#9 C:\\xampp\\htdocs\\laravel-php3\\example-app\\vendor\\laravel\\framework\\src\\Illuminate\\Database\\Query\\Builder.php(3013): Illuminate\\Database\\Query\\Builder->first()
#10 C:\\xampp\\htdocs\\laravel-php3\\example-app\\vendor\\laravel\\framework\\src\\Illuminate\\Session\\DatabaseSessionHandler.php(97): Illuminate\\Database\\Query\\Builder->find()
#11 C:\\xampp\\htdocs\\laravel-php3\\example-app\\vendor\\laravel\\framework\\src\\Illuminate\\Session\\Store.php(117): Illuminate\\Session\\DatabaseSessionHandler->read()
#12 C:\\xampp\\htdocs\\laravel-php3\\example-app\\vendor\\laravel\\framework\\src\\Illuminate\\Session\\Store.php(105): Illuminate\\Session\\Store->readFromHandler()
#13 C:\\xampp\\htdocs\\laravel-php3\\example-app\\vendor\\laravel\\framework\\src\\Illuminate\\Session\\Store.php(89): Illuminate\\Session\\Store->loadSession()
#14 C:\\xampp\\htdocs\\laravel-php3\\example-app\\vendor\\laravel\\framework\\src\\Illuminate\\Session\\Middleware\\StartSession.php(147): Illuminate\\Session\\Store->start()
#15 C:\\xampp\\htdocs\\laravel-php3\\example-app\\vendor\\laravel\\framework\\src\\Illuminate\\Support\\helpers.php(399): Illuminate\\Session\\Middleware\\StartSession->Illuminate\\Session\\Middleware\\{closure}()
#16 C:\\xampp\\htdocs\\laravel-php3\\example-app\\vendor\\laravel\\framework\\src\\Illuminate\\Session\\Middleware\\StartSession.php(144): tap()
#17 C:\\xampp\\htdocs\\laravel-php3\\example-app\\vendor\\laravel\\framework\\src\\Illuminate\\Session\\Middleware\\StartSession.php(116): Illuminate\\Session\\Middleware\\StartSession->startSession()
#18 C:\\xampp\\htdocs\\laravel-php3\\example-app\\vendor\\laravel\\framework\\src\\Illuminate\\Session\\Middleware\\StartSession.php(64): Illuminate\\Session\\Middleware\\StartSession->handleStatefulRequest()
#19 C:\\xampp\\htdocs\\laravel-php3\\example-app\\vendor\\laravel\\framework\\src\\Illuminate\\Pipeline\\Pipeline.php(209): Illuminate\\Session\\Middleware\\StartSession->handle()
#20 C:\\xampp\\htdocs\\laravel-php3\\example-app\\vendor\\laravel\\framework\\src\\Illuminate\\Cookie\\Middleware\\AddQueuedCookiesToResponse.php(37): Illuminate\\Pipeline\\Pipeline->Illuminate\\Pipeline\\{closure}()
#21 C:\\xampp\\htdocs\\laravel-php3\\example-app\\vendor\\laravel\\framework\\src\\Illuminate\\Pipeline\\Pipeline.php(209): Illuminate\\Cookie\\Middleware\\AddQueuedCookiesToResponse->handle()
#22 C:\\xampp\\htdocs\\laravel-php3\\example-app\\vendor\\laravel\\framework\\src\\Illuminate\\Cookie\\Middleware\\EncryptCookies.php(75): Illuminate\\Pipeline\\Pipeline->Illuminate\\Pipeline\\{closure}()
#23 C:\\xampp\\htdocs\\laravel-php3\\example-app\\vendor\\laravel\\framework\\src\\Illuminate\\Pipeline\\Pipeline.php(209): Illuminate\\Cookie\\Middleware\\EncryptCookies->handle()
#24 C:\\xampp\\htdocs\\laravel-php3\\example-app\\vendor\\laravel\\framework\\src\\Illuminate\\Pipeline\\Pipeline.php(127): Illuminate\\Pipeline\\Pipeline->Illuminate\\Pipeline\\{closure}()
#25 C:\\xampp\\htdocs\\laravel-php3\\example-app\\vendor\\laravel\\framework\\src\\Illuminate\\Routing\\Router.php(807): Illuminate\\Pipeline\\Pipeline->then()
#26 C:\\xampp\\htdocs\\laravel-php3\\example-app\\vendor\\laravel\\framework\\src\\Illuminate\\Routing\\Router.php(786): Illuminate\\Routing\\Router->runRouteWithinStack()
#27 C:\\xampp\\htdocs\\laravel-php3\\example-app\\vendor\\laravel\\framework\\src\\Illuminate\\Routing\\Router.php(750): Illuminate\\Routing\\Router->runRoute()
#28 C:\\xampp\\htdocs\\laravel-php3\\example-app\\vendor\\laravel\\framework\\src\\Illuminate\\Routing\\Router.php(739): Illuminate\\Routing\\Router->dispatchToRoute()
#29 C:\\xampp\\htdocs\\laravel-php3\\example-app\\vendor\\laravel\\framework\\src\\Illuminate\\Foundation\\Http\\Kernel.php(201): Illuminate\\Routing\\Router->dispatch()
#30 C:\\xampp\\htdocs\\laravel-php3\\example-app\\vendor\\laravel\\framework\\src\\Illuminate\\Pipeline\\Pipeline.php(170): Illuminate\\Foundation\\Http\\Kernel->Illuminate\\Foundation\\Http\\{closure}()
#31 C:\\xampp\\htdocs\\laravel-php3\\example-app\\vendor\\laravel\\framework\\src\\Illuminate\\Foundation\\Http\\Middleware\\TransformsRequest.php(21): Illuminate\\Pipeline\\Pipeline->Illuminate\\Pipeline\\{closure}()
#32 C:\\xampp\\htdocs\\laravel-php3\\example-app\\vendor\\laravel\\framework\\src\\Illuminate\\Foundation\\Http\\Middleware\\ConvertEmptyStringsToNull.php(31): Illuminate\\Foundation\\Http\\Middleware\\TransformsRequest->handle()
#33 C:\\xampp\\htdocs\\laravel-php3\\example-app\\vendor\\laravel\\framework\\src\\Illuminate\\Pipeline\\Pipeline.php(209): Illuminate\\Foundation\\Http\\Middleware\\ConvertEmptyStringsToNull->handle()
#34 C:\\xampp\\htdocs\\laravel-php3\\example-app\\vendor\\laravel\\framework\\src\\Illuminate\\Foundation\\Http\\Middleware\\TransformsRequest.php(21): Illuminate\\Pipeline\\Pipeline->Illuminate\\Pipeline\\{closure}()
#35 C:\\xampp\\htdocs\\laravel-php3\\example-app\\vendor\\laravel\\framework\\src\\Illuminate\\Foundation\\Http\\Middleware\\TrimStrings.php(51): Illuminate\\Foundation\\Http\\Middleware\\TransformsRequest->handle()
#36 C:\\xampp\\htdocs\\laravel-php3\\example-app\\vendor\\laravel\\framework\\src\\Illuminate\\Pipeline\\Pipeline.php(209): Illuminate\\Foundation\\Http\\Middleware\\TrimStrings->handle()
#37 C:\\xampp\\htdocs\\laravel-php3\\example-app\\vendor\\laravel\\framework\\src\\Illuminate\\Http\\Middleware\\ValidatePostSize.php(27): Illuminate\\Pipeline\\Pipeline->Illuminate\\Pipeline\\{closure}()
#38 C:\\xampp\\htdocs\\laravel-php3\\example-app\\vendor\\laravel\\framework\\src\\Illuminate\\Pipeline\\Pipeline.php(209): Illuminate\\Http\\Middleware\\ValidatePostSize->handle()
#39 C:\\xampp\\htdocs\\laravel-php3\\example-app\\vendor\\laravel\\framework\\src\\Illuminate\\Foundation\\Http\\Middleware\\PreventRequestsDuringMaintenance.php(110): Illuminate\\Pipeline\\Pipeline->Illuminate\\Pipeline\\{closure}()
#40 C:\\xampp\\htdocs\\laravel-php3\\example-app\\vendor\\laravel\\framework\\src\\Illuminate\\Pipeline\\Pipeline.php(209): Illuminate\\Foundation\\Http\\Middleware\\PreventRequestsDuringMaintenance->handle()
#41 C:\\xampp\\htdocs\\laravel-php3\\example-app\\vendor\\laravel\\framework\\src\\Illuminate\\Http\\Middleware\\HandleCors.php(49): Illuminate\\Pipeline\\Pipeline->Illuminate\\Pipeline\\{closure}()
#42 C:\\xampp\\htdocs\\laravel-php3\\example-app\\vendor\\laravel\\framework\\src\\Illuminate\\Pipeline\\Pipeline.php(209): Illuminate\\Http\\Middleware\\HandleCors->handle()
#43 C:\\xampp\\htdocs\\laravel-php3\\example-app\\vendor\\laravel\\framework\\src\\Illuminate\\Http\\Middleware\\TrustProxies.php(58): Illuminate\\Pipeline\\Pipeline->Illuminate\\Pipeline\\{closure}()
#44 C:\\xampp\\htdocs\\laravel-php3\\example-app\\vendor\\laravel\\framework\\src\\Illuminate\\Pipeline\\Pipeline.php(209): Illuminate\\Http\\Middleware\\TrustProxies->handle()
#45 C:\\xampp\\htdocs\\laravel-php3\\example-app\\vendor\\laravel\\framework\\src\\Illuminate\\Foundation\\Http\\Middleware\\InvokeDeferredCallbacks.php(22): Illuminate\\Pipeline\\Pipeline->Illuminate\\Pipeline\\{closure}()
#46 C:\\xampp\\htdocs\\laravel-php3\\example-app\\vendor\\laravel\\framework\\src\\Illuminate\\Pipeline\\Pipeline.php(209): Illuminate\\Foundation\\Http\\Middleware\\InvokeDeferredCallbacks->handle()
#47 C:\\xampp\\htdocs\\laravel-php3\\example-app\\vendor\\laravel\\framework\\src\\Illuminate\\Http\\Middleware\\ValidatePathEncoding.php(26): Illuminate\\Pipeline\\Pipeline->Illuminate\\Pipeline\\{closure}()
#48 C:\\xampp\\htdocs\\laravel-php3\\example-app\\vendor\\laravel\\framework\\src\\Illuminate\\Pipeline\\Pipeline.php(209): Illuminate\\Http\\Middleware\\ValidatePathEncoding->handle()
#49 C:\\xampp\\htdocs\\laravel-php3\\example-app\\vendor\\laravel\\framework\\src\\Illuminate\\Pipeline\\Pipeline.php(127): Illuminate\\Pipeline\\Pipeline->Illuminate\\Pipeline\\{closure}()
#50 C:\\xampp\\htdocs\\laravel-php3\\example-app\\vendor\\laravel\\framework\\src\\Illuminate\\Foundation\\Http\\Kernel.php(176): Illuminate\\Pipeline\\Pipeline->then()
#51 C:\\xampp\\htdocs\\laravel-php3\\example-app\\vendor\\laravel\\framework\\src\\Illuminate\\Foundation\\Http\\Kernel.php(145): Illuminate\\Foundation\\Http\\Kernel->sendRequestThroughRouter()
#52 C:\\xampp\\htdocs\\laravel-php3\\example-app\\vendor\\laravel\\framework\\src\\Illuminate\\Foundation\\Application.php(1220): Illuminate\\Foundation\\Http\\Kernel->handle()
#53 C:\\xampp\\htdocs\\laravel-php3\\example-app\\public\\index.php(20): Illuminate\\Foundation\\Application->handleRequest()
#54 C:\\xampp\\htdocs\\laravel-php3\\example-app\\vendor\\laravel\\framework\\src\\Illuminate\\Foundation\\resources\\server.php(23): require_once('...')
#55 {main}

[previous exception] [object] (PDOException(code: 2002): SQLSTATE[HY000] [2002] No connection could be made because the target machine actively refused it at C:\\xampp\\htdocs\\laravel-php3\\example-app\\vendor\\laravel\\framework\\src\\Illuminate\\Database\\Connectors\\Connector.php:66)
[stacktrace]
#0 C:\\xampp\\htdocs\\laravel-php3\\example-app\\vendor\\laravel\\framework\\src\\Illuminate\\Database\\Connectors\\Connector.php(66): PDO->__construct()
#1 C:\\xampp\\htdocs\\laravel-php3\\example-app\\vendor\\laravel\\framework\\src\\Illuminate\\Database\\Connectors\\Connector.php(85): Illuminate\\Database\\Connectors\\Connector->createPdoConnection()
#2 C:\\xampp\\htdocs\\laravel-php3\\example-app\\vendor\\laravel\\framework\\src\\Illuminate\\Database\\Connectors\\Connector.php(48): Illuminate\\Database\\Connectors\\Connector->tryAgainIfCausedByLostConnection()
#3 C:\\xampp\\htdocs\\laravel-php3\\example-app\\vendor\\laravel\\framework\\src\\Illuminate\\Database\\Connectors\\MySqlConnector.php(24): Illuminate\\Database\\Connectors\\Connector->createConnection()
#4 C:\\xampp\\htdocs\\laravel-php3\\example-app\\vendor\\laravel\\framework\\src\\Illuminate\\Database\\Connectors\\ConnectionFactory.php(185): Illuminate\\Database\\Connectors\\MySqlConnector->connect()
#5 [internal function]: Illuminate\\Database\\Connectors\\ConnectionFactory->Illuminate\\Database\\Connectors\\{closure}()
#6 C:\\xampp\\htdocs\\laravel-php3\\example-app\\vendor\\laravel\\framework\\src\\Illuminate\\Database\\Connection.php(1229): call_user_func()
#7 C:\\xampp\\htdocs\\laravel-php3\\example-app\\vendor\\laravel\\framework\\src\\Illuminate\\Database\\Connection.php(510): Illuminate\\Database\\Connection->getPdo()
#8 C:\\xampp\\htdocs\\laravel-php3\\example-app\\vendor\\laravel\\framework\\src\\Illuminate\\Database\\Connection.php(405): Illuminate\\Database\\Connection->getPdoForSelect()
#9 C:\\xampp\\htdocs\\laravel-php3\\example-app\\vendor\\laravel\\framework\\src\\Illuminate\\Database\\Connection.php(810): Illuminate\\Database\\Connection->Illuminate\\Database\\{closure}()
#10 C:\\xampp\\htdocs\\laravel-php3\\example-app\\vendor\\laravel\\framework\\src\\Illuminate\\Database\\Connection.php(977): Illuminate\\Database\\Connection->runQueryCallback()
#11 C:\\xampp\\htdocs\\laravel-php3\\example-app\\vendor\\laravel\\framework\\src\\Illuminate\\Database\\Connection.php(956): Illuminate\\Database\\Connection->tryAgainIfCausedByLostConnection()
#12 C:\\xampp\\htdocs\\laravel-php3\\example-app\\vendor\\laravel\\framework\\src\\Illuminate\\Database\\Connection.php(779): Illuminate\\Database\\Connection->handleQueryException()
#13 C:\\xampp\\htdocs\\laravel-php3\\example-app\\vendor\\laravel\\framework\\src\\Illuminate\\Database\\Connection.php(396): Illuminate\\Database\\Connection->run()
#14 C:\\xampp\\htdocs\\laravel-php3\\example-app\\vendor\\laravel\\framework\\src\\Illuminate\\Database\\Query\\Builder.php(3106): Illuminate\\Database\\Connection->select()
#15 C:\\xampp\\htdocs\\laravel-php3\\example-app\\vendor\\laravel\\framework\\src\\Illuminate\\Database\\Query\\Builder.php(3091): Illuminate\\Database\\Query\\Builder->runSelect()
#16 C:\\xampp\\htdocs\\laravel-php3\\example-app\\vendor\\laravel\\framework\\src\\Illuminate\\Database\\Query\\Builder.php(3676): Illuminate\\Database\\Query\\Builder->Illuminate\\Database\\Query\\{closure}()
#17 C:\\xampp\\htdocs\\laravel-php3\\example-app\\vendor\\laravel\\framework\\src\\Illuminate\\Database\\Query\\Builder.php(3090): Illuminate\\Database\\Query\\Builder->onceWithColumns()
#18 C:\\xampp\\htdocs\\laravel-php3\\example-app\\vendor\\laravel\\framework\\src\\Illuminate\\Database\\Concerns\\BuildsQueries.php(366): Illuminate\\Database\\Query\\Builder->get()
#19 C:\\xampp\\htdocs\\laravel-php3\\example-app\\vendor\\laravel\\framework\\src\\Illuminate\\Database\\Query\\Builder.php(3013): Illuminate\\Database\\Query\\Builder->first()
#20 C:\\xampp\\htdocs\\laravel-php3\\example-app\\vendor\\laravel\\framework\\src\\Illuminate\\Session\\DatabaseSessionHandler.php(97): Illuminate\\Database\\Query\\Builder->find()
#21 C:\\xampp\\htdocs\\laravel-php3\\example-app\\vendor\\laravel\\framework\\src\\Illuminate\\Session\\Store.php(117): Illuminate\\Session\\DatabaseSessionHandler->read()
#22 C:\\xampp\\htdocs\\laravel-php3\\example-app\\vendor\\laravel\\framework\\src\\Illuminate\\Session\\Store.php(105): Illuminate\\Session\\Store->readFromHandler()
#23 C:\\xampp\\htdocs\\laravel-php3\\example-app\\vendor\\laravel\\framework\\src\\Illuminate\\Session\\Store.php(89): Illuminate\\Session\\Store->loadSession()
#24 C:\\xampp\\htdocs\\laravel-php3\\example-app\\vendor\\laravel\\framework\\src\\Illuminate\\Session\\Middleware\\StartSession.php(147): Illuminate\\Session\\Store->start()
#25 C:\\xampp\\htdocs\\laravel-php3\\example-app\\vendor\\laravel\\framework\\src\\Illuminate\\Support\\helpers.php(399): Illuminate\\Session\\Middleware\\StartSession->Illuminate\\Session\\Middleware\\{closure}()
#26 C:\\xampp\\htdocs\\laravel-php3\\example-app\\vendor\\laravel\\framework\\src\\Illuminate\\Session\\Middleware\\StartSession.php(144): tap()
#27 C:\\xampp\\htdocs\\laravel-php3\\example-app\\vendor\\laravel\\framework\\src\\Illuminate\\Session\\Middleware\\StartSession.php(116): Illuminate\\Session\\Middleware\\StartSession->startSession()
#28 C:\\xampp\\htdocs\\laravel-php3\\example-app\\vendor\\laravel\\framework\\src\\Illuminate\\Session\\Middleware\\StartSession.php(64): Illuminate\\Session\\Middleware\\StartSession->handleStatefulRequest()
#29 C:\\xampp\\htdocs\\laravel-php3\\example-app\\vendor\\laravel\\framework\\src\\Illuminate\\Pipeline\\Pipeline.php(209): Illuminate\\Session\\Middleware\\StartSession->handle()
#30 C:\\xampp\\htdocs\\laravel-php3\\example-app\\vendor\\laravel\\framework\\src\\Illuminate\\Cookie\\Middleware\\AddQueuedCookiesToResponse.php(37): Illuminate\\Pipeline\\Pipeline->Illuminate\\Pipeline\\{closure}()
#31 C:\\xampp\\htdocs\\laravel-php3\\example-app\\vendor\\laravel\\framework\\src\\Illuminate\\Pipeline\\Pipeline.php(209): Illuminate\\Cookie\\Middleware\\AddQueuedCookiesToResponse->handle()
#32 C:\\xampp\\htdocs\\laravel-php3\\example-app\\vendor\\laravel\\framework\\src\\Illuminate\\Cookie\\Middleware\\EncryptCookies.php(75): Illuminate\\Pipeline\\Pipeline->Illuminate\\Pipeline\\{closure}()
#33 C:\\xampp\\htdocs\\laravel-php3\\example-app\\vendor\\laravel\\framework\\src\\Illuminate\\Pipeline\\Pipeline.php(209): Illuminate\\Cookie\\Middleware\\EncryptCookies->handle()
#34 C:\\xampp\\htdocs\\laravel-php3\\example-app\\vendor\\laravel\\framework\\src\\Illuminate\\Pipeline\\Pipeline.php(127): Illuminate\\Pipeline\\Pipeline->Illuminate\\Pipeline\\{closure}()
#35 C:\\xampp\\htdocs\\laravel-php3\\example-app\\vendor\\laravel\\framework\\src\\Illuminate\\Routing\\Router.php(807): Illuminate\\Pipeline\\Pipeline->then()
#36 C:\\xampp\\htdocs\\laravel-php3\\example-app\\vendor\\laravel\\framework\\src\\Illuminate\\Routing\\Router.php(786): Illuminate\\Routing\\Router->runRouteWithinStack()
#37 C:\\xampp\\htdocs\\laravel-php3\\example-app\\vendor\\laravel\\framework\\src\\Illuminate\\Routing\\Router.php(750): Illuminate\\Routing\\Router->runRoute()
#38 C:\\xampp\\htdocs\\laravel-php3\\example-app\\vendor\\laravel\\framework\\src\\Illuminate\\Routing\\Router.php(739): Illuminate\\Routing\\Router->dispatchToRoute()
#39 C:\\xampp\\htdocs\\laravel-php3\\example-app\\vendor\\laravel\\framework\\src\\Illuminate\\Foundation\\Http\\Kernel.php(201): Illuminate\\Routing\\Router->dispatch()
#40 C:\\xampp\\htdocs\\laravel-php3\\example-app\\vendor\\laravel\\framework\\src\\Illuminate\\Pipeline\\Pipeline.php(170): Illuminate\\Foundation\\Http\\Kernel->Illuminate\\Foundation\\Http\\{closure}()
#41 C:\\xampp\\htdocs\\laravel-php3\\example-app\\vendor\\laravel\\framework\\src\\Illuminate\\Foundation\\Http\\Middleware\\TransformsRequest.php(21): Illuminate\\Pipeline\\Pipeline->Illuminate\\Pipeline\\{closure}()
#42 C:\\xampp\\htdocs\\laravel-php3\\example-app\\vendor\\laravel\\framework\\src\\Illuminate\\Foundation\\Http\\Middleware\\ConvertEmptyStringsToNull.php(31): Illuminate\\Foundation\\Http\\Middleware\\TransformsRequest->handle()
#43 C:\\xampp\\htdocs\\laravel-php3\\example-app\\vendor\\laravel\\framework\\src\\Illuminate\\Pipeline\\Pipeline.php(209): Illuminate\\Foundation\\Http\\Middleware\\ConvertEmptyStringsToNull->handle()
#44 C:\\xampp\\htdocs\\laravel-php3\\example-app\\vendor\\laravel\\framework\\src\\Illuminate\\Foundation\\Http\\Middleware\\TransformsRequest.php(21): Illuminate\\Pipeline\\Pipeline->Illuminate\\Pipeline\\{closure}()
#45 C:\\xampp\\htdocs\\laravel-php3\\example-app\\vendor\\laravel\\framework\\src\\Illuminate\\Foundation\\Http\\Middleware\\TrimStrings.php(51): Illuminate\\Foundation\\Http\\Middleware\\TransformsRequest->handle()
#46 C:\\xampp\\htdocs\\laravel-php3\\example-app\\vendor\\laravel\\framework\\src\\Illuminate\\Pipeline\\Pipeline.php(209): Illuminate\\Foundation\\Http\\Middleware\\TrimStrings->handle()
#47 C:\\xampp\\htdocs\\laravel-php3\\example-app\\vendor\\laravel\\framework\\src\\Illuminate\\Http\\Middleware\\ValidatePostSize.php(27): Illuminate\\Pipeline\\Pipeline->Illuminate\\Pipeline\\{closure}()
#48 C:\\xampp\\htdocs\\laravel-php3\\example-app\\vendor\\laravel\\framework\\src\\Illuminate\\Pipeline\\Pipeline.php(209): Illuminate\\Http\\Middleware\\ValidatePostSize->handle()
#49 C:\\xampp\\htdocs\\laravel-php3\\example-app\\vendor\\laravel\\framework\\src\\Illuminate\\Foundation\\Http\\Middleware\\PreventRequestsDuringMaintenance.php(110): Illuminate\\Pipeline\\Pipeline->Illuminate\\Pipeline\\{closure}()
#50 C:\\xampp\\htdocs\\laravel-php3\\example-app\\vendor\\laravel\\framework\\src\\Illuminate\\Pipeline\\Pipeline.php(209): Illuminate\\Foundation\\Http\\Middleware\\PreventRequestsDuringMaintenance->handle()
#51 C:\\xampp\\htdocs\\laravel-php3\\example-app\\vendor\\laravel\\framework\\src\\Illuminate\\Http\\Middleware\\HandleCors.php(49): Illuminate\\Pipeline\\Pipeline->Illuminate\\Pipeline\\{closure}()
#52 C:\\xampp\\htdocs\\laravel-php3\\example-app\\vendor\\laravel\\framework\\src\\Illuminate\\Pipeline\\Pipeline.php(209): Illuminate\\Http\\Middleware\\HandleCors->handle()
#53 C:\\xampp\\htdocs\\laravel-php3\\example-app\\vendor\\laravel\\framework\\src\\Illuminate\\Http\\Middleware\\TrustProxies.php(58): Illuminate\\Pipeline\\Pipeline->Illuminate\\Pipeline\\{closure}()
#54 C:\\xampp\\htdocs\\laravel-php3\\example-app\\vendor\\laravel\\framework\\src\\Illuminate\\Pipeline\\Pipeline.php(209): Illuminate\\Http\\Middleware\\TrustProxies->handle()
#55 C:\\xampp\\htdocs\\laravel-php3\\example-app\\vendor\\laravel\\framework\\src\\Illuminate\\Foundation\\Http\\Middleware\\InvokeDeferredCallbacks.php(22): Illuminate\\Pipeline\\Pipeline->Illuminate\\Pipeline\\{closure}()
#56 C:\\xampp\\htdocs\\laravel-php3\\example-app\\vendor\\laravel\\framework\\src\\Illuminate\\Pipeline\\Pipeline.php(209): Illuminate\\Foundation\\Http\\Middleware\\InvokeDeferredCallbacks->handle()
#57 C:\\xampp\\htdocs\\laravel-php3\\example-app\\vendor\\laravel\\framework\\src\\Illuminate\\Http\\Middleware\\ValidatePathEncoding.php(26): Illuminate\\Pipeline\\Pipeline->Illuminate\\Pipeline\\{closure}()
#58 C:\\xampp\\htdocs\\laravel-php3\\example-app\\vendor\\laravel\\framework\\src\\Illuminate\\Pipeline\\Pipeline.php(209): Illuminate\\Http\\Middleware\\ValidatePathEncoding->handle()
#59 C:\\xampp\\htdocs\\laravel-php3\\example-app\\vendor\\laravel\\framework\\src\\Illuminate\\Pipeline\\Pipeline.php(127): Illuminate\\Pipeline\\Pipeline->Illuminate\\Pipeline\\{closure}()
#60 C:\\xampp\\htdocs\\laravel-php3\\example-app\\vendor\\laravel\\framework\\src\\Illuminate\\Foundation\\Http\\Kernel.php(176): Illuminate\\Pipeline\\Pipeline->then()
#61 C:\\xampp\\htdocs\\laravel-php3\\example-app\\vendor\\laravel\\framework\\src\\Illuminate\\Foundation\\Http\\Kernel.php(145): Illuminate\\Foundation\\Http\\Kernel->sendRequestThroughRouter()
#62 C:\\xampp\\htdocs\\laravel-php3\\example-app\\vendor\\laravel\\framework\\src\\Illuminate\\Foundation\\Application.php(1220): Illuminate\\Foundation\\Http\\Kernel->handle()
#63 C:\\xampp\\htdocs\\laravel-php3\\example-app\\public\\index.php(20): Illuminate\\Foundation\\Application->handleRequest()
#64 C:\\xampp\\htdocs\\laravel-php3\\example-app\\vendor\\laravel\\framework\\src\\Illuminate\\Foundation\\resources\\server.php(23): require_once('...')
#65 {main}
"} 
[2025-04-10 04:02:10] local.ERROR: SQLSTATE[HY000] [2002] No connection could be made because the target machine actively refused it (Connection: mysql, SQL: select * from `sessions` where `id` = SKicrFavWYSuGLMtBru9CE0TGUW4CURXPhXKrm4a limit 1) {"exception":"[object] (Illuminate\\Database\\QueryException(code: 2002): SQLSTATE[HY000] [2002] No connection could be made because the target machine actively refused it (Connection: mysql, SQL: select * from `sessions` where `id` = SKicrFavWYSuGLMtBru9CE0TGUW4CURXPhXKrm4a limit 1) at C:\\xampp\\htdocs\\laravel-php3\\example-app\\vendor\\laravel\\framework\\src\\Illuminate\\Database\\Connection.php:823)
[stacktrace]
#0 C:\\xampp\\htdocs\\laravel-php3\\example-app\\vendor\\laravel\\framework\\src\\Illuminate\\Database\\Connection.php(977): Illuminate\\Database\\Connection->runQueryCallback()
#1 C:\\xampp\\htdocs\\laravel-php3\\example-app\\vendor\\laravel\\framework\\src\\Illuminate\\Database\\Connection.php(956): Illuminate\\Database\\Connection->tryAgainIfCausedByLostConnection()
#2 C:\\xampp\\htdocs\\laravel-php3\\example-app\\vendor\\laravel\\framework\\src\\Illuminate\\Database\\Connection.php(779): Illuminate\\Database\\Connection->handleQueryException()
#3 C:\\xampp\\htdocs\\laravel-php3\\example-app\\vendor\\laravel\\framework\\src\\Illuminate\\Database\\Connection.php(396): Illuminate\\Database\\Connection->run()
#4 C:\\xampp\\htdocs\\laravel-php3\\example-app\\vendor\\laravel\\framework\\src\\Illuminate\\Database\\Query\\Builder.php(3106): Illuminate\\Database\\Connection->select()
#5 C:\\xampp\\htdocs\\laravel-php3\\example-app\\vendor\\laravel\\framework\\src\\Illuminate\\Database\\Query\\Builder.php(3091): Illuminate\\Database\\Query\\Builder->runSelect()
#6 C:\\xampp\\htdocs\\laravel-php3\\example-app\\vendor\\laravel\\framework\\src\\Illuminate\\Database\\Query\\Builder.php(3676): Illuminate\\Database\\Query\\Builder->Illuminate\\Database\\Query\\{closure}()
#7 C:\\xampp\\htdocs\\laravel-php3\\example-app\\vendor\\laravel\\framework\\src\\Illuminate\\Database\\Query\\Builder.php(3090): Illuminate\\Database\\Query\\Builder->onceWithColumns()
#8 C:\\xampp\\htdocs\\laravel-php3\\example-app\\vendor\\laravel\\framework\\src\\Illuminate\\Database\\Concerns\\BuildsQueries.php(366): Illuminate\\Database\\Query\\Builder->get()
#9 C:\\xampp\\htdocs\\laravel-php3\\example-app\\vendor\\laravel\\framework\\src\\Illuminate\\Database\\Query\\Builder.php(3013): Illuminate\\Database\\Query\\Builder->first()
#10 C:\\xampp\\htdocs\\laravel-php3\\example-app\\vendor\\laravel\\framework\\src\\Illuminate\\Session\\DatabaseSessionHandler.php(97): Illuminate\\Database\\Query\\Builder->find()
#11 C:\\xampp\\htdocs\\laravel-php3\\example-app\\vendor\\laravel\\framework\\src\\Illuminate\\Session\\Store.php(117): Illuminate\\Session\\DatabaseSessionHandler->read()
#12 C:\\xampp\\htdocs\\laravel-php3\\example-app\\vendor\\laravel\\framework\\src\\Illuminate\\Session\\Store.php(105): Illuminate\\Session\\Store->readFromHandler()
#13 C:\\xampp\\htdocs\\laravel-php3\\example-app\\vendor\\laravel\\framework\\src\\Illuminate\\Session\\Store.php(89): Illuminate\\Session\\Store->loadSession()
#14 C:\\xampp\\htdocs\\laravel-php3\\example-app\\vendor\\laravel\\framework\\src\\Illuminate\\Session\\Middleware\\StartSession.php(147): Illuminate\\Session\\Store->start()
#15 C:\\xampp\\htdocs\\laravel-php3\\example-app\\vendor\\laravel\\framework\\src\\Illuminate\\Support\\helpers.php(399): Illuminate\\Session\\Middleware\\StartSession->Illuminate\\Session\\Middleware\\{closure}()
#16 C:\\xampp\\htdocs\\laravel-php3\\example-app\\vendor\\laravel\\framework\\src\\Illuminate\\Session\\Middleware\\StartSession.php(144): tap()
#17 C:\\xampp\\htdocs\\laravel-php3\\example-app\\vendor\\laravel\\framework\\src\\Illuminate\\Session\\Middleware\\StartSession.php(116): Illuminate\\Session\\Middleware\\StartSession->startSession()
#18 C:\\xampp\\htdocs\\laravel-php3\\example-app\\vendor\\laravel\\framework\\src\\Illuminate\\Session\\Middleware\\StartSession.php(64): Illuminate\\Session\\Middleware\\StartSession->handleStatefulRequest()
#19 C:\\xampp\\htdocs\\laravel-php3\\example-app\\vendor\\laravel\\framework\\src\\Illuminate\\Pipeline\\Pipeline.php(209): Illuminate\\Session\\Middleware\\StartSession->handle()
#20 C:\\xampp\\htdocs\\laravel-php3\\example-app\\vendor\\laravel\\framework\\src\\Illuminate\\Cookie\\Middleware\\AddQueuedCookiesToResponse.php(37): Illuminate\\Pipeline\\Pipeline->Illuminate\\Pipeline\\{closure}()
#21 C:\\xampp\\htdocs\\laravel-php3\\example-app\\vendor\\laravel\\framework\\src\\Illuminate\\Pipeline\\Pipeline.php(209): Illuminate\\Cookie\\Middleware\\AddQueuedCookiesToResponse->handle()
#22 C:\\xampp\\htdocs\\laravel-php3\\example-app\\vendor\\laravel\\framework\\src\\Illuminate\\Cookie\\Middleware\\EncryptCookies.php(75): Illuminate\\Pipeline\\Pipeline->Illuminate\\Pipeline\\{closure}()
#23 C:\\xampp\\htdocs\\laravel-php3\\example-app\\vendor\\laravel\\framework\\src\\Illuminate\\Pipeline\\Pipeline.php(209): Illuminate\\Cookie\\Middleware\\EncryptCookies->handle()
#24 C:\\xampp\\htdocs\\laravel-php3\\example-app\\vendor\\laravel\\framework\\src\\Illuminate\\Pipeline\\Pipeline.php(127): Illuminate\\Pipeline\\Pipeline->Illuminate\\Pipeline\\{closure}()
#25 C:\\xampp\\htdocs\\laravel-php3\\example-app\\vendor\\laravel\\framework\\src\\Illuminate\\Routing\\Router.php(807): Illuminate\\Pipeline\\Pipeline->then()
#26 C:\\xampp\\htdocs\\laravel-php3\\example-app\\vendor\\laravel\\framework\\src\\Illuminate\\Routing\\Router.php(786): Illuminate\\Routing\\Router->runRouteWithinStack()
#27 C:\\xampp\\htdocs\\laravel-php3\\example-app\\vendor\\laravel\\framework\\src\\Illuminate\\Routing\\Router.php(750): Illuminate\\Routing\\Router->runRoute()
#28 C:\\xampp\\htdocs\\laravel-php3\\example-app\\vendor\\laravel\\framework\\src\\Illuminate\\Routing\\Router.php(739): Illuminate\\Routing\\Router->dispatchToRoute()
#29 C:\\xampp\\htdocs\\laravel-php3\\example-app\\vendor\\laravel\\framework\\src\\Illuminate\\Foundation\\Http\\Kernel.php(201): Illuminate\\Routing\\Router->dispatch()
#30 C:\\xampp\\htdocs\\laravel-php3\\example-app\\vendor\\laravel\\framework\\src\\Illuminate\\Pipeline\\Pipeline.php(170): Illuminate\\Foundation\\Http\\Kernel->Illuminate\\Foundation\\Http\\{closure}()
#31 C:\\xampp\\htdocs\\laravel-php3\\example-app\\vendor\\laravel\\framework\\src\\Illuminate\\Foundation\\Http\\Middleware\\TransformsRequest.php(21): Illuminate\\Pipeline\\Pipeline->Illuminate\\Pipeline\\{closure}()
#32 C:\\xampp\\htdocs\\laravel-php3\\example-app\\vendor\\laravel\\framework\\src\\Illuminate\\Foundation\\Http\\Middleware\\ConvertEmptyStringsToNull.php(31): Illuminate\\Foundation\\Http\\Middleware\\TransformsRequest->handle()
#33 C:\\xampp\\htdocs\\laravel-php3\\example-app\\vendor\\laravel\\framework\\src\\Illuminate\\Pipeline\\Pipeline.php(209): Illuminate\\Foundation\\Http\\Middleware\\ConvertEmptyStringsToNull->handle()
#34 C:\\xampp\\htdocs\\laravel-php3\\example-app\\vendor\\laravel\\framework\\src\\Illuminate\\Foundation\\Http\\Middleware\\TransformsRequest.php(21): Illuminate\\Pipeline\\Pipeline->Illuminate\\Pipeline\\{closure}()
#35 C:\\xampp\\htdocs\\laravel-php3\\example-app\\vendor\\laravel\\framework\\src\\Illuminate\\Foundation\\Http\\Middleware\\TrimStrings.php(51): Illuminate\\Foundation\\Http\\Middleware\\TransformsRequest->handle()
#36 C:\\xampp\\htdocs\\laravel-php3\\example-app\\vendor\\laravel\\framework\\src\\Illuminate\\Pipeline\\Pipeline.php(209): Illuminate\\Foundation\\Http\\Middleware\\TrimStrings->handle()
#37 C:\\xampp\\htdocs\\laravel-php3\\example-app\\vendor\\laravel\\framework\\src\\Illuminate\\Http\\Middleware\\ValidatePostSize.php(27): Illuminate\\Pipeline\\Pipeline->Illuminate\\Pipeline\\{closure}()
#38 C:\\xampp\\htdocs\\laravel-php3\\example-app\\vendor\\laravel\\framework\\src\\Illuminate\\Pipeline\\Pipeline.php(209): Illuminate\\Http\\Middleware\\ValidatePostSize->handle()
#39 C:\\xampp\\htdocs\\laravel-php3\\example-app\\vendor\\laravel\\framework\\src\\Illuminate\\Foundation\\Http\\Middleware\\PreventRequestsDuringMaintenance.php(110): Illuminate\\Pipeline\\Pipeline->Illuminate\\Pipeline\\{closure}()
#40 C:\\xampp\\htdocs\\laravel-php3\\example-app\\vendor\\laravel\\framework\\src\\Illuminate\\Pipeline\\Pipeline.php(209): Illuminate\\Foundation\\Http\\Middleware\\PreventRequestsDuringMaintenance->handle()
#41 C:\\xampp\\htdocs\\laravel-php3\\example-app\\vendor\\laravel\\framework\\src\\Illuminate\\Http\\Middleware\\HandleCors.php(49): Illuminate\\Pipeline\\Pipeline->Illuminate\\Pipeline\\{closure}()
#42 C:\\xampp\\htdocs\\laravel-php3\\example-app\\vendor\\laravel\\framework\\src\\Illuminate\\Pipeline\\Pipeline.php(209): Illuminate\\Http\\Middleware\\HandleCors->handle()
#43 C:\\xampp\\htdocs\\laravel-php3\\example-app\\vendor\\laravel\\framework\\src\\Illuminate\\Http\\Middleware\\TrustProxies.php(58): Illuminate\\Pipeline\\Pipeline->Illuminate\\Pipeline\\{closure}()
#44 C:\\xampp\\htdocs\\laravel-php3\\example-app\\vendor\\laravel\\framework\\src\\Illuminate\\Pipeline\\Pipeline.php(209): Illuminate\\Http\\Middleware\\TrustProxies->handle()
#45 C:\\xampp\\htdocs\\laravel-php3\\example-app\\vendor\\laravel\\framework\\src\\Illuminate\\Foundation\\Http\\Middleware\\InvokeDeferredCallbacks.php(22): Illuminate\\Pipeline\\Pipeline->Illuminate\\Pipeline\\{closure}()
#46 C:\\xampp\\htdocs\\laravel-php3\\example-app\\vendor\\laravel\\framework\\src\\Illuminate\\Pipeline\\Pipeline.php(209): Illuminate\\Foundation\\Http\\Middleware\\InvokeDeferredCallbacks->handle()
#47 C:\\xampp\\htdocs\\laravel-php3\\example-app\\vendor\\laravel\\framework\\src\\Illuminate\\Http\\Middleware\\ValidatePathEncoding.php(26): Illuminate\\Pipeline\\Pipeline->Illuminate\\Pipeline\\{closure}()
#48 C:\\xampp\\htdocs\\laravel-php3\\example-app\\vendor\\laravel\\framework\\src\\Illuminate\\Pipeline\\Pipeline.php(209): Illuminate\\Http\\Middleware\\ValidatePathEncoding->handle()
#49 C:\\xampp\\htdocs\\laravel-php3\\example-app\\vendor\\laravel\\framework\\src\\Illuminate\\Pipeline\\Pipeline.php(127): Illuminate\\Pipeline\\Pipeline->Illuminate\\Pipeline\\{closure}()
#50 C:\\xampp\\htdocs\\laravel-php3\\example-app\\vendor\\laravel\\framework\\src\\Illuminate\\Foundation\\Http\\Kernel.php(176): Illuminate\\Pipeline\\Pipeline->then()
#51 C:\\xampp\\htdocs\\laravel-php3\\example-app\\vendor\\laravel\\framework\\src\\Illuminate\\Foundation\\Http\\Kernel.php(145): Illuminate\\Foundation\\Http\\Kernel->sendRequestThroughRouter()
#52 C:\\xampp\\htdocs\\laravel-php3\\example-app\\vendor\\laravel\\framework\\src\\Illuminate\\Foundation\\Application.php(1220): Illuminate\\Foundation\\Http\\Kernel->handle()
#53 C:\\xampp\\htdocs\\laravel-php3\\example-app\\public\\index.php(20): Illuminate\\Foundation\\Application->handleRequest()
#54 C:\\xampp\\htdocs\\laravel-php3\\example-app\\vendor\\laravel\\framework\\src\\Illuminate\\Foundation\\resources\\server.php(23): require_once('...')
#55 {main}

[previous exception] [object] (PDOException(code: 2002): SQLSTATE[HY000] [2002] No connection could be made because the target machine actively refused it at C:\\xampp\\htdocs\\laravel-php3\\example-app\\vendor\\laravel\\framework\\src\\Illuminate\\Database\\Connectors\\Connector.php:66)
[stacktrace]
#0 C:\\xampp\\htdocs\\laravel-php3\\example-app\\vendor\\laravel\\framework\\src\\Illuminate\\Database\\Connectors\\Connector.php(66): PDO->__construct()
#1 C:\\xampp\\htdocs\\laravel-php3\\example-app\\vendor\\laravel\\framework\\src\\Illuminate\\Database\\Connectors\\Connector.php(85): Illuminate\\Database\\Connectors\\Connector->createPdoConnection()
#2 C:\\xampp\\htdocs\\laravel-php3\\example-app\\vendor\\laravel\\framework\\src\\Illuminate\\Database\\Connectors\\Connector.php(48): Illuminate\\Database\\Connectors\\Connector->tryAgainIfCausedByLostConnection()
#3 C:\\xampp\\htdocs\\laravel-php3\\example-app\\vendor\\laravel\\framework\\src\\Illuminate\\Database\\Connectors\\MySqlConnector.php(24): Illuminate\\Database\\Connectors\\Connector->createConnection()
#4 C:\\xampp\\htdocs\\laravel-php3\\example-app\\vendor\\laravel\\framework\\src\\Illuminate\\Database\\Connectors\\ConnectionFactory.php(185): Illuminate\\Database\\Connectors\\MySqlConnector->connect()
#5 [internal function]: Illuminate\\Database\\Connectors\\ConnectionFactory->Illuminate\\Database\\Connectors\\{closure}()
#6 C:\\xampp\\htdocs\\laravel-php3\\example-app\\vendor\\laravel\\framework\\src\\Illuminate\\Database\\Connection.php(1229): call_user_func()
#7 C:\\xampp\\htdocs\\laravel-php3\\example-app\\vendor\\laravel\\framework\\src\\Illuminate\\Database\\Connection.php(510): Illuminate\\Database\\Connection->getPdo()
#8 C:\\xampp\\htdocs\\laravel-php3\\example-app\\vendor\\laravel\\framework\\src\\Illuminate\\Database\\Connection.php(405): Illuminate\\Database\\Connection->getPdoForSelect()
#9 C:\\xampp\\htdocs\\laravel-php3\\example-app\\vendor\\laravel\\framework\\src\\Illuminate\\Database\\Connection.php(810): Illuminate\\Database\\Connection->Illuminate\\Database\\{closure}()
#10 C:\\xampp\\htdocs\\laravel-php3\\example-app\\vendor\\laravel\\framework\\src\\Illuminate\\Database\\Connection.php(977): Illuminate\\Database\\Connection->runQueryCallback()
#11 C:\\xampp\\htdocs\\laravel-php3\\example-app\\vendor\\laravel\\framework\\src\\Illuminate\\Database\\Connection.php(956): Illuminate\\Database\\Connection->tryAgainIfCausedByLostConnection()
#12 C:\\xampp\\htdocs\\laravel-php3\\example-app\\vendor\\laravel\\framework\\src\\Illuminate\\Database\\Connection.php(779): Illuminate\\Database\\Connection->handleQueryException()
#13 C:\\xampp\\htdocs\\laravel-php3\\example-app\\vendor\\laravel\\framework\\src\\Illuminate\\Database\\Connection.php(396): Illuminate\\Database\\Connection->run()
#14 C:\\xampp\\htdocs\\laravel-php3\\example-app\\vendor\\laravel\\framework\\src\\Illuminate\\Database\\Query\\Builder.php(3106): Illuminate\\Database\\Connection->select()
#15 C:\\xampp\\htdocs\\laravel-php3\\example-app\\vendor\\laravel\\framework\\src\\Illuminate\\Database\\Query\\Builder.php(3091): Illuminate\\Database\\Query\\Builder->runSelect()
#16 C:\\xampp\\htdocs\\laravel-php3\\example-app\\vendor\\laravel\\framework\\src\\Illuminate\\Database\\Query\\Builder.php(3676): Illuminate\\Database\\Query\\Builder->Illuminate\\Database\\Query\\{closure}()
#17 C:\\xampp\\htdocs\\laravel-php3\\example-app\\vendor\\laravel\\framework\\src\\Illuminate\\Database\\Query\\Builder.php(3090): Illuminate\\Database\\Query\\Builder->onceWithColumns()
#18 C:\\xampp\\htdocs\\laravel-php3\\example-app\\vendor\\laravel\\framework\\src\\Illuminate\\Database\\Concerns\\BuildsQueries.php(366): Illuminate\\Database\\Query\\Builder->get()
#19 C:\\xampp\\htdocs\\laravel-php3\\example-app\\vendor\\laravel\\framework\\src\\Illuminate\\Database\\Query\\Builder.php(3013): Illuminate\\Database\\Query\\Builder->first()
#20 C:\\xampp\\htdocs\\laravel-php3\\example-app\\vendor\\laravel\\framework\\src\\Illuminate\\Session\\DatabaseSessionHandler.php(97): Illuminate\\Database\\Query\\Builder->find()
#21 C:\\xampp\\htdocs\\laravel-php3\\example-app\\vendor\\laravel\\framework\\src\\Illuminate\\Session\\Store.php(117): Illuminate\\Session\\DatabaseSessionHandler->read()
#22 C:\\xampp\\htdocs\\laravel-php3\\example-app\\vendor\\laravel\\framework\\src\\Illuminate\\Session\\Store.php(105): Illuminate\\Session\\Store->readFromHandler()
#23 C:\\xampp\\htdocs\\laravel-php3\\example-app\\vendor\\laravel\\framework\\src\\Illuminate\\Session\\Store.php(89): Illuminate\\Session\\Store->loadSession()
#24 C:\\xampp\\htdocs\\laravel-php3\\example-app\\vendor\\laravel\\framework\\src\\Illuminate\\Session\\Middleware\\StartSession.php(147): Illuminate\\Session\\Store->start()
#25 C:\\xampp\\htdocs\\laravel-php3\\example-app\\vendor\\laravel\\framework\\src\\Illuminate\\Support\\helpers.php(399): Illuminate\\Session\\Middleware\\StartSession->Illuminate\\Session\\Middleware\\{closure}()
#26 C:\\xampp\\htdocs\\laravel-php3\\example-app\\vendor\\laravel\\framework\\src\\Illuminate\\Session\\Middleware\\StartSession.php(144): tap()
#27 C:\\xampp\\htdocs\\laravel-php3\\example-app\\vendor\\laravel\\framework\\src\\Illuminate\\Session\\Middleware\\StartSession.php(116): Illuminate\\Session\\Middleware\\StartSession->startSession()
#28 C:\\xampp\\htdocs\\laravel-php3\\example-app\\vendor\\laravel\\framework\\src\\Illuminate\\Session\\Middleware\\StartSession.php(64): Illuminate\\Session\\Middleware\\StartSession->handleStatefulRequest()
#29 C:\\xampp\\htdocs\\laravel-php3\\example-app\\vendor\\laravel\\framework\\src\\Illuminate\\Pipeline\\Pipeline.php(209): Illuminate\\Session\\Middleware\\StartSession->handle()
#30 C:\\xampp\\htdocs\\laravel-php3\\example-app\\vendor\\laravel\\framework\\src\\Illuminate\\Cookie\\Middleware\\AddQueuedCookiesToResponse.php(37): Illuminate\\Pipeline\\Pipeline->Illuminate\\Pipeline\\{closure}()
#31 C:\\xampp\\htdocs\\laravel-php3\\example-app\\vendor\\laravel\\framework\\src\\Illuminate\\Pipeline\\Pipeline.php(209): Illuminate\\Cookie\\Middleware\\AddQueuedCookiesToResponse->handle()
#32 C:\\xampp\\htdocs\\laravel-php3\\example-app\\vendor\\laravel\\framework\\src\\Illuminate\\Cookie\\Middleware\\EncryptCookies.php(75): Illuminate\\Pipeline\\Pipeline->Illuminate\\Pipeline\\{closure}()
#33 C:\\xampp\\htdocs\\laravel-php3\\example-app\\vendor\\laravel\\framework\\src\\Illuminate\\Pipeline\\Pipeline.php(209): Illuminate\\Cookie\\Middleware\\EncryptCookies->handle()
#34 C:\\xampp\\htdocs\\laravel-php3\\example-app\\vendor\\laravel\\framework\\src\\Illuminate\\Pipeline\\Pipeline.php(127): Illuminate\\Pipeline\\Pipeline->Illuminate\\Pipeline\\{closure}()
#35 C:\\xampp\\htdocs\\laravel-php3\\example-app\\vendor\\laravel\\framework\\src\\Illuminate\\Routing\\Router.php(807): Illuminate\\Pipeline\\Pipeline->then()
#36 C:\\xampp\\htdocs\\laravel-php3\\example-app\\vendor\\laravel\\framework\\src\\Illuminate\\Routing\\Router.php(786): Illuminate\\Routing\\Router->runRouteWithinStack()
#37 C:\\xampp\\htdocs\\laravel-php3\\example-app\\vendor\\laravel\\framework\\src\\Illuminate\\Routing\\Router.php(750): Illuminate\\Routing\\Router->runRoute()
#38 C:\\xampp\\htdocs\\laravel-php3\\example-app\\vendor\\laravel\\framework\\src\\Illuminate\\Routing\\Router.php(739): Illuminate\\Routing\\Router->dispatchToRoute()
#39 C:\\xampp\\htdocs\\laravel-php3\\example-app\\vendor\\laravel\\framework\\src\\Illuminate\\Foundation\\Http\\Kernel.php(201): Illuminate\\Routing\\Router->dispatch()
#40 C:\\xampp\\htdocs\\laravel-php3\\example-app\\vendor\\laravel\\framework\\src\\Illuminate\\Pipeline\\Pipeline.php(170): Illuminate\\Foundation\\Http\\Kernel->Illuminate\\Foundation\\Http\\{closure}()
#41 C:\\xampp\\htdocs\\laravel-php3\\example-app\\vendor\\laravel\\framework\\src\\Illuminate\\Foundation\\Http\\Middleware\\TransformsRequest.php(21): Illuminate\\Pipeline\\Pipeline->Illuminate\\Pipeline\\{closure}()
#42 C:\\xampp\\htdocs\\laravel-php3\\example-app\\vendor\\laravel\\framework\\src\\Illuminate\\Foundation\\Http\\Middleware\\ConvertEmptyStringsToNull.php(31): Illuminate\\Foundation\\Http\\Middleware\\TransformsRequest->handle()
#43 C:\\xampp\\htdocs\\laravel-php3\\example-app\\vendor\\laravel\\framework\\src\\Illuminate\\Pipeline\\Pipeline.php(209): Illuminate\\Foundation\\Http\\Middleware\\ConvertEmptyStringsToNull->handle()
#44 C:\\xampp\\htdocs\\laravel-php3\\example-app\\vendor\\laravel\\framework\\src\\Illuminate\\Foundation\\Http\\Middleware\\TransformsRequest.php(21): Illuminate\\Pipeline\\Pipeline->Illuminate\\Pipeline\\{closure}()
#45 C:\\xampp\\htdocs\\laravel-php3\\example-app\\vendor\\laravel\\framework\\src\\Illuminate\\Foundation\\Http\\Middleware\\TrimStrings.php(51): Illuminate\\Foundation\\Http\\Middleware\\TransformsRequest->handle()
#46 C:\\xampp\\htdocs\\laravel-php3\\example-app\\vendor\\laravel\\framework\\src\\Illuminate\\Pipeline\\Pipeline.php(209): Illuminate\\Foundation\\Http\\Middleware\\TrimStrings->handle()
#47 C:\\xampp\\htdocs\\laravel-php3\\example-app\\vendor\\laravel\\framework\\src\\Illuminate\\Http\\Middleware\\ValidatePostSize.php(27): Illuminate\\Pipeline\\Pipeline->Illuminate\\Pipeline\\{closure}()
#48 C:\\xampp\\htdocs\\laravel-php3\\example-app\\vendor\\laravel\\framework\\src\\Illuminate\\Pipeline\\Pipeline.php(209): Illuminate\\Http\\Middleware\\ValidatePostSize->handle()
#49 C:\\xampp\\htdocs\\laravel-php3\\example-app\\vendor\\laravel\\framework\\src\\Illuminate\\Foundation\\Http\\Middleware\\PreventRequestsDuringMaintenance.php(110): Illuminate\\Pipeline\\Pipeline->Illuminate\\Pipeline\\{closure}()
#50 C:\\xampp\\htdocs\\laravel-php3\\example-app\\vendor\\laravel\\framework\\src\\Illuminate\\Pipeline\\Pipeline.php(209): Illuminate\\Foundation\\Http\\Middleware\\PreventRequestsDuringMaintenance->handle()
#51 C:\\xampp\\htdocs\\laravel-php3\\example-app\\vendor\\laravel\\framework\\src\\Illuminate\\Http\\Middleware\\HandleCors.php(49): Illuminate\\Pipeline\\Pipeline->Illuminate\\Pipeline\\{closure}()
#52 C:\\xampp\\htdocs\\laravel-php3\\example-app\\vendor\\laravel\\framework\\src\\Illuminate\\Pipeline\\Pipeline.php(209): Illuminate\\Http\\Middleware\\HandleCors->handle()
#53 C:\\xampp\\htdocs\\laravel-php3\\example-app\\vendor\\laravel\\framework\\src\\Illuminate\\Http\\Middleware\\TrustProxies.php(58): Illuminate\\Pipeline\\Pipeline->Illuminate\\Pipeline\\{closure}()
#54 C:\\xampp\\htdocs\\laravel-php3\\example-app\\vendor\\laravel\\framework\\src\\Illuminate\\Pipeline\\Pipeline.php(209): Illuminate\\Http\\Middleware\\TrustProxies->handle()
#55 C:\\xampp\\htdocs\\laravel-php3\\example-app\\vendor\\laravel\\framework\\src\\Illuminate\\Foundation\\Http\\Middleware\\InvokeDeferredCallbacks.php(22): Illuminate\\Pipeline\\Pipeline->Illuminate\\Pipeline\\{closure}()
#56 C:\\xampp\\htdocs\\laravel-php3\\example-app\\vendor\\laravel\\framework\\src\\Illuminate\\Pipeline\\Pipeline.php(209): Illuminate\\Foundation\\Http\\Middleware\\InvokeDeferredCallbacks->handle()
#57 C:\\xampp\\htdocs\\laravel-php3\\example-app\\vendor\\laravel\\framework\\src\\Illuminate\\Http\\Middleware\\ValidatePathEncoding.php(26): Illuminate\\Pipeline\\Pipeline->Illuminate\\Pipeline\\{closure}()
#58 C:\\xampp\\htdocs\\laravel-php3\\example-app\\vendor\\laravel\\framework\\src\\Illuminate\\Pipeline\\Pipeline.php(209): Illuminate\\Http\\Middleware\\ValidatePathEncoding->handle()
#59 C:\\xampp\\htdocs\\laravel-php3\\example-app\\vendor\\laravel\\framework\\src\\Illuminate\\Pipeline\\Pipeline.php(127): Illuminate\\Pipeline\\Pipeline->Illuminate\\Pipeline\\{closure}()
#60 C:\\xampp\\htdocs\\laravel-php3\\example-app\\vendor\\laravel\\framework\\src\\Illuminate\\Foundation\\Http\\Kernel.php(176): Illuminate\\Pipeline\\Pipeline->then()
#61 C:\\xampp\\htdocs\\laravel-php3\\example-app\\vendor\\laravel\\framework\\src\\Illuminate\\Foundation\\Http\\Kernel.php(145): Illuminate\\Foundation\\Http\\Kernel->sendRequestThroughRouter()
#62 C:\\xampp\\htdocs\\laravel-php3\\example-app\\vendor\\laravel\\framework\\src\\Illuminate\\Foundation\\Application.php(1220): Illuminate\\Foundation\\Http\\Kernel->handle()
#63 C:\\xampp\\htdocs\\laravel-php3\\example-app\\public\\index.php(20): Illuminate\\Foundation\\Application->handleRequest()
#64 C:\\xampp\\htdocs\\laravel-php3\\example-app\\vendor\\laravel\\framework\\src\\Illuminate\\Foundation\\resources\\server.php(23): require_once('...')
#65 {main}
"} 
[2025-04-10 04:02:19] local.ERROR: SQLSTATE[HY000] [2002] No connection could be made because the target machine actively refused it (Connection: mysql, SQL: select * from `sessions` where `id` = SKicrFavWYSuGLMtBru9CE0TGUW4CURXPhXKrm4a limit 1) {"exception":"[object] (Illuminate\\Database\\QueryException(code: 2002): SQLSTATE[HY000] [2002] No connection could be made because the target machine actively refused it (Connection: mysql, SQL: select * from `sessions` where `id` = SKicrFavWYSuGLMtBru9CE0TGUW4CURXPhXKrm4a limit 1) at C:\\xampp\\htdocs\\laravel-php3\\example-app\\vendor\\laravel\\framework\\src\\Illuminate\\Database\\Connection.php:823)
[stacktrace]
#0 C:\\xampp\\htdocs\\laravel-php3\\example-app\\vendor\\laravel\\framework\\src\\Illuminate\\Database\\Connection.php(977): Illuminate\\Database\\Connection->runQueryCallback()
#1 C:\\xampp\\htdocs\\laravel-php3\\example-app\\vendor\\laravel\\framework\\src\\Illuminate\\Database\\Connection.php(956): Illuminate\\Database\\Connection->tryAgainIfCausedByLostConnection()
#2 C:\\xampp\\htdocs\\laravel-php3\\example-app\\vendor\\laravel\\framework\\src\\Illuminate\\Database\\Connection.php(779): Illuminate\\Database\\Connection->handleQueryException()
#3 C:\\xampp\\htdocs\\laravel-php3\\example-app\\vendor\\laravel\\framework\\src\\Illuminate\\Database\\Connection.php(396): Illuminate\\Database\\Connection->run()
#4 C:\\xampp\\htdocs\\laravel-php3\\example-app\\vendor\\laravel\\framework\\src\\Illuminate\\Database\\Query\\Builder.php(3106): Illuminate\\Database\\Connection->select()
#5 C:\\xampp\\htdocs\\laravel-php3\\example-app\\vendor\\laravel\\framework\\src\\Illuminate\\Database\\Query\\Builder.php(3091): Illuminate\\Database\\Query\\Builder->runSelect()
#6 C:\\xampp\\htdocs\\laravel-php3\\example-app\\vendor\\laravel\\framework\\src\\Illuminate\\Database\\Query\\Builder.php(3676): Illuminate\\Database\\Query\\Builder->Illuminate\\Database\\Query\\{closure}()
#7 C:\\xampp\\htdocs\\laravel-php3\\example-app\\vendor\\laravel\\framework\\src\\Illuminate\\Database\\Query\\Builder.php(3090): Illuminate\\Database\\Query\\Builder->onceWithColumns()
#8 C:\\xampp\\htdocs\\laravel-php3\\example-app\\vendor\\laravel\\framework\\src\\Illuminate\\Database\\Concerns\\BuildsQueries.php(366): Illuminate\\Database\\Query\\Builder->get()
#9 C:\\xampp\\htdocs\\laravel-php3\\example-app\\vendor\\laravel\\framework\\src\\Illuminate\\Database\\Query\\Builder.php(3013): Illuminate\\Database\\Query\\Builder->first()
#10 C:\\xampp\\htdocs\\laravel-php3\\example-app\\vendor\\laravel\\framework\\src\\Illuminate\\Session\\DatabaseSessionHandler.php(97): Illuminate\\Database\\Query\\Builder->find()
#11 C:\\xampp\\htdocs\\laravel-php3\\example-app\\vendor\\laravel\\framework\\src\\Illuminate\\Session\\Store.php(117): Illuminate\\Session\\DatabaseSessionHandler->read()
#12 C:\\xampp\\htdocs\\laravel-php3\\example-app\\vendor\\laravel\\framework\\src\\Illuminate\\Session\\Store.php(105): Illuminate\\Session\\Store->readFromHandler()
#13 C:\\xampp\\htdocs\\laravel-php3\\example-app\\vendor\\laravel\\framework\\src\\Illuminate\\Session\\Store.php(89): Illuminate\\Session\\Store->loadSession()
#14 C:\\xampp\\htdocs\\laravel-php3\\example-app\\vendor\\laravel\\framework\\src\\Illuminate\\Session\\Middleware\\StartSession.php(147): Illuminate\\Session\\Store->start()
#15 C:\\xampp\\htdocs\\laravel-php3\\example-app\\vendor\\laravel\\framework\\src\\Illuminate\\Support\\helpers.php(399): Illuminate\\Session\\Middleware\\StartSession->Illuminate\\Session\\Middleware\\{closure}()
#16 C:\\xampp\\htdocs\\laravel-php3\\example-app\\vendor\\laravel\\framework\\src\\Illuminate\\Session\\Middleware\\StartSession.php(144): tap()
#17 C:\\xampp\\htdocs\\laravel-php3\\example-app\\vendor\\laravel\\framework\\src\\Illuminate\\Session\\Middleware\\StartSession.php(116): Illuminate\\Session\\Middleware\\StartSession->startSession()
#18 C:\\xampp\\htdocs\\laravel-php3\\example-app\\vendor\\laravel\\framework\\src\\Illuminate\\Session\\Middleware\\StartSession.php(64): Illuminate\\Session\\Middleware\\StartSession->handleStatefulRequest()
#19 C:\\xampp\\htdocs\\laravel-php3\\example-app\\vendor\\laravel\\framework\\src\\Illuminate\\Pipeline\\Pipeline.php(209): Illuminate\\Session\\Middleware\\StartSession->handle()
#20 C:\\xampp\\htdocs\\laravel-php3\\example-app\\vendor\\laravel\\framework\\src\\Illuminate\\Cookie\\Middleware\\AddQueuedCookiesToResponse.php(37): Illuminate\\Pipeline\\Pipeline->Illuminate\\Pipeline\\{closure}()
#21 C:\\xampp\\htdocs\\laravel-php3\\example-app\\vendor\\laravel\\framework\\src\\Illuminate\\Pipeline\\Pipeline.php(209): Illuminate\\Cookie\\Middleware\\AddQueuedCookiesToResponse->handle()
#22 C:\\xampp\\htdocs\\laravel-php3\\example-app\\vendor\\laravel\\framework\\src\\Illuminate\\Cookie\\Middleware\\EncryptCookies.php(75): Illuminate\\Pipeline\\Pipeline->Illuminate\\Pipeline\\{closure}()
#23 C:\\xampp\\htdocs\\laravel-php3\\example-app\\vendor\\laravel\\framework\\src\\Illuminate\\Pipeline\\Pipeline.php(209): Illuminate\\Cookie\\Middleware\\EncryptCookies->handle()
#24 C:\\xampp\\htdocs\\laravel-php3\\example-app\\vendor\\laravel\\framework\\src\\Illuminate\\Pipeline\\Pipeline.php(127): Illuminate\\Pipeline\\Pipeline->Illuminate\\Pipeline\\{closure}()
#25 C:\\xampp\\htdocs\\laravel-php3\\example-app\\vendor\\laravel\\framework\\src\\Illuminate\\Routing\\Router.php(807): Illuminate\\Pipeline\\Pipeline->then()
#26 C:\\xampp\\htdocs\\laravel-php3\\example-app\\vendor\\laravel\\framework\\src\\Illuminate\\Routing\\Router.php(786): Illuminate\\Routing\\Router->runRouteWithinStack()
#27 C:\\xampp\\htdocs\\laravel-php3\\example-app\\vendor\\laravel\\framework\\src\\Illuminate\\Routing\\Router.php(750): Illuminate\\Routing\\Router->runRoute()
#28 C:\\xampp\\htdocs\\laravel-php3\\example-app\\vendor\\laravel\\framework\\src\\Illuminate\\Routing\\Router.php(739): Illuminate\\Routing\\Router->dispatchToRoute()
#29 C:\\xampp\\htdocs\\laravel-php3\\example-app\\vendor\\laravel\\framework\\src\\Illuminate\\Foundation\\Http\\Kernel.php(201): Illuminate\\Routing\\Router->dispatch()
#30 C:\\xampp\\htdocs\\laravel-php3\\example-app\\vendor\\laravel\\framework\\src\\Illuminate\\Pipeline\\Pipeline.php(170): Illuminate\\Foundation\\Http\\Kernel->Illuminate\\Foundation\\Http\\{closure}()
#31 C:\\xampp\\htdocs\\laravel-php3\\example-app\\vendor\\laravel\\framework\\src\\Illuminate\\Foundation\\Http\\Middleware\\TransformsRequest.php(21): Illuminate\\Pipeline\\Pipeline->Illuminate\\Pipeline\\{closure}()
#32 C:\\xampp\\htdocs\\laravel-php3\\example-app\\vendor\\laravel\\framework\\src\\Illuminate\\Foundation\\Http\\Middleware\\ConvertEmptyStringsToNull.php(31): Illuminate\\Foundation\\Http\\Middleware\\TransformsRequest->handle()
#33 C:\\xampp\\htdocs\\laravel-php3\\example-app\\vendor\\laravel\\framework\\src\\Illuminate\\Pipeline\\Pipeline.php(209): Illuminate\\Foundation\\Http\\Middleware\\ConvertEmptyStringsToNull->handle()
#34 C:\\xampp\\htdocs\\laravel-php3\\example-app\\vendor\\laravel\\framework\\src\\Illuminate\\Foundation\\Http\\Middleware\\TransformsRequest.php(21): Illuminate\\Pipeline\\Pipeline->Illuminate\\Pipeline\\{closure}()
#35 C:\\xampp\\htdocs\\laravel-php3\\example-app\\vendor\\laravel\\framework\\src\\Illuminate\\Foundation\\Http\\Middleware\\TrimStrings.php(51): Illuminate\\Foundation\\Http\\Middleware\\TransformsRequest->handle()
#36 C:\\xampp\\htdocs\\laravel-php3\\example-app\\vendor\\laravel\\framework\\src\\Illuminate\\Pipeline\\Pipeline.php(209): Illuminate\\Foundation\\Http\\Middleware\\TrimStrings->handle()
#37 C:\\xampp\\htdocs\\laravel-php3\\example-app\\vendor\\laravel\\framework\\src\\Illuminate\\Http\\Middleware\\ValidatePostSize.php(27): Illuminate\\Pipeline\\Pipeline->Illuminate\\Pipeline\\{closure}()
#38 C:\\xampp\\htdocs\\laravel-php3\\example-app\\vendor\\laravel\\framework\\src\\Illuminate\\Pipeline\\Pipeline.php(209): Illuminate\\Http\\Middleware\\ValidatePostSize->handle()
#39 C:\\xampp\\htdocs\\laravel-php3\\example-app\\vendor\\laravel\\framework\\src\\Illuminate\\Foundation\\Http\\Middleware\\PreventRequestsDuringMaintenance.php(110): Illuminate\\Pipeline\\Pipeline->Illuminate\\Pipeline\\{closure}()
#40 C:\\xampp\\htdocs\\laravel-php3\\example-app\\vendor\\laravel\\framework\\src\\Illuminate\\Pipeline\\Pipeline.php(209): Illuminate\\Foundation\\Http\\Middleware\\PreventRequestsDuringMaintenance->handle()
#41 C:\\xampp\\htdocs\\laravel-php3\\example-app\\vendor\\laravel\\framework\\src\\Illuminate\\Http\\Middleware\\HandleCors.php(49): Illuminate\\Pipeline\\Pipeline->Illuminate\\Pipeline\\{closure}()
#42 C:\\xampp\\htdocs\\laravel-php3\\example-app\\vendor\\laravel\\framework\\src\\Illuminate\\Pipeline\\Pipeline.php(209): Illuminate\\Http\\Middleware\\HandleCors->handle()
#43 C:\\xampp\\htdocs\\laravel-php3\\example-app\\vendor\\laravel\\framework\\src\\Illuminate\\Http\\Middleware\\TrustProxies.php(58): Illuminate\\Pipeline\\Pipeline->Illuminate\\Pipeline\\{closure}()
#44 C:\\xampp\\htdocs\\laravel-php3\\example-app\\vendor\\laravel\\framework\\src\\Illuminate\\Pipeline\\Pipeline.php(209): Illuminate\\Http\\Middleware\\TrustProxies->handle()
#45 C:\\xampp\\htdocs\\laravel-php3\\example-app\\vendor\\laravel\\framework\\src\\Illuminate\\Foundation\\Http\\Middleware\\InvokeDeferredCallbacks.php(22): Illuminate\\Pipeline\\Pipeline->Illuminate\\Pipeline\\{closure}()
#46 C:\\xampp\\htdocs\\laravel-php3\\example-app\\vendor\\laravel\\framework\\src\\Illuminate\\Pipeline\\Pipeline.php(209): Illuminate\\Foundation\\Http\\Middleware\\InvokeDeferredCallbacks->handle()
#47 C:\\xampp\\htdocs\\laravel-php3\\example-app\\vendor\\laravel\\framework\\src\\Illuminate\\Http\\Middleware\\ValidatePathEncoding.php(26): Illuminate\\Pipeline\\Pipeline->Illuminate\\Pipeline\\{closure}()
#48 C:\\xampp\\htdocs\\laravel-php3\\example-app\\vendor\\laravel\\framework\\src\\Illuminate\\Pipeline\\Pipeline.php(209): Illuminate\\Http\\Middleware\\ValidatePathEncoding->handle()
#49 C:\\xampp\\htdocs\\laravel-php3\\example-app\\vendor\\laravel\\framework\\src\\Illuminate\\Pipeline\\Pipeline.php(127): Illuminate\\Pipeline\\Pipeline->Illuminate\\Pipeline\\{closure}()
#50 C:\\xampp\\htdocs\\laravel-php3\\example-app\\vendor\\laravel\\framework\\src\\Illuminate\\Foundation\\Http\\Kernel.php(176): Illuminate\\Pipeline\\Pipeline->then()
#51 C:\\xampp\\htdocs\\laravel-php3\\example-app\\vendor\\laravel\\framework\\src\\Illuminate\\Foundation\\Http\\Kernel.php(145): Illuminate\\Foundation\\Http\\Kernel->sendRequestThroughRouter()
#52 C:\\xampp\\htdocs\\laravel-php3\\example-app\\vendor\\laravel\\framework\\src\\Illuminate\\Foundation\\Application.php(1220): Illuminate\\Foundation\\Http\\Kernel->handle()
#53 C:\\xampp\\htdocs\\laravel-php3\\example-app\\public\\index.php(20): Illuminate\\Foundation\\Application->handleRequest()
#54 C:\\xampp\\htdocs\\laravel-php3\\example-app\\vendor\\laravel\\framework\\src\\Illuminate\\Foundation\\resources\\server.php(23): require_once('...')
#55 {main}

[previous exception] [object] (PDOException(code: 2002): SQLSTATE[HY000] [2002] No connection could be made because the target machine actively refused it at C:\\xampp\\htdocs\\laravel-php3\\example-app\\vendor\\laravel\\framework\\src\\Illuminate\\Database\\Connectors\\Connector.php:66)
[stacktrace]
#0 C:\\xampp\\htdocs\\laravel-php3\\example-app\\vendor\\laravel\\framework\\src\\Illuminate\\Database\\Connectors\\Connector.php(66): PDO->__construct()
#1 C:\\xampp\\htdocs\\laravel-php3\\example-app\\vendor\\laravel\\framework\\src\\Illuminate\\Database\\Connectors\\Connector.php(85): Illuminate\\Database\\Connectors\\Connector->createPdoConnection()
#2 C:\\xampp\\htdocs\\laravel-php3\\example-app\\vendor\\laravel\\framework\\src\\Illuminate\\Database\\Connectors\\Connector.php(48): Illuminate\\Database\\Connectors\\Connector->tryAgainIfCausedByLostConnection()
#3 C:\\xampp\\htdocs\\laravel-php3\\example-app\\vendor\\laravel\\framework\\src\\Illuminate\\Database\\Connectors\\MySqlConnector.php(24): Illuminate\\Database\\Connectors\\Connector->createConnection()
#4 C:\\xampp\\htdocs\\laravel-php3\\example-app\\vendor\\laravel\\framework\\src\\Illuminate\\Database\\Connectors\\ConnectionFactory.php(185): Illuminate\\Database\\Connectors\\MySqlConnector->connect()
#5 [internal function]: Illuminate\\Database\\Connectors\\ConnectionFactory->Illuminate\\Database\\Connectors\\{closure}()
#6 C:\\xampp\\htdocs\\laravel-php3\\example-app\\vendor\\laravel\\framework\\src\\Illuminate\\Database\\Connection.php(1229): call_user_func()
#7 C:\\xampp\\htdocs\\laravel-php3\\example-app\\vendor\\laravel\\framework\\src\\Illuminate\\Database\\Connection.php(510): Illuminate\\Database\\Connection->getPdo()
#8 C:\\xampp\\htdocs\\laravel-php3\\example-app\\vendor\\laravel\\framework\\src\\Illuminate\\Database\\Connection.php(405): Illuminate\\Database\\Connection->getPdoForSelect()
#9 C:\\xampp\\htdocs\\laravel-php3\\example-app\\vendor\\laravel\\framework\\src\\Illuminate\\Database\\Connection.php(810): Illuminate\\Database\\Connection->Illuminate\\Database\\{closure}()
#10 C:\\xampp\\htdocs\\laravel-php3\\example-app\\vendor\\laravel\\framework\\src\\Illuminate\\Database\\Connection.php(977): Illuminate\\Database\\Connection->runQueryCallback()
#11 C:\\xampp\\htdocs\\laravel-php3\\example-app\\vendor\\laravel\\framework\\src\\Illuminate\\Database\\Connection.php(956): Illuminate\\Database\\Connection->tryAgainIfCausedByLostConnection()
#12 C:\\xampp\\htdocs\\laravel-php3\\example-app\\vendor\\laravel\\framework\\src\\Illuminate\\Database\\Connection.php(779): Illuminate\\Database\\Connection->handleQueryException()
#13 C:\\xampp\\htdocs\\laravel-php3\\example-app\\vendor\\laravel\\framework\\src\\Illuminate\\Database\\Connection.php(396): Illuminate\\Database\\Connection->run()
#14 C:\\xampp\\htdocs\\laravel-php3\\example-app\\vendor\\laravel\\framework\\src\\Illuminate\\Database\\Query\\Builder.php(3106): Illuminate\\Database\\Connection->select()
#15 C:\\xampp\\htdocs\\laravel-php3\\example-app\\vendor\\laravel\\framework\\src\\Illuminate\\Database\\Query\\Builder.php(3091): Illuminate\\Database\\Query\\Builder->runSelect()
#16 C:\\xampp\\htdocs\\laravel-php3\\example-app\\vendor\\laravel\\framework\\src\\Illuminate\\Database\\Query\\Builder.php(3676): Illuminate\\Database\\Query\\Builder->Illuminate\\Database\\Query\\{closure}()
#17 C:\\xampp\\htdocs\\laravel-php3\\example-app\\vendor\\laravel\\framework\\src\\Illuminate\\Database\\Query\\Builder.php(3090): Illuminate\\Database\\Query\\Builder->onceWithColumns()
#18 C:\\xampp\\htdocs\\laravel-php3\\example-app\\vendor\\laravel\\framework\\src\\Illuminate\\Database\\Concerns\\BuildsQueries.php(366): Illuminate\\Database\\Query\\Builder->get()
#19 C:\\xampp\\htdocs\\laravel-php3\\example-app\\vendor\\laravel\\framework\\src\\Illuminate\\Database\\Query\\Builder.php(3013): Illuminate\\Database\\Query\\Builder->first()
#20 C:\\xampp\\htdocs\\laravel-php3\\example-app\\vendor\\laravel\\framework\\src\\Illuminate\\Session\\DatabaseSessionHandler.php(97): Illuminate\\Database\\Query\\Builder->find()
#21 C:\\xampp\\htdocs\\laravel-php3\\example-app\\vendor\\laravel\\framework\\src\\Illuminate\\Session\\Store.php(117): Illuminate\\Session\\DatabaseSessionHandler->read()
#22 C:\\xampp\\htdocs\\laravel-php3\\example-app\\vendor\\laravel\\framework\\src\\Illuminate\\Session\\Store.php(105): Illuminate\\Session\\Store->readFromHandler()
#23 C:\\xampp\\htdocs\\laravel-php3\\example-app\\vendor\\laravel\\framework\\src\\Illuminate\\Session\\Store.php(89): Illuminate\\Session\\Store->loadSession()
#24 C:\\xampp\\htdocs\\laravel-php3\\example-app\\vendor\\laravel\\framework\\src\\Illuminate\\Session\\Middleware\\StartSession.php(147): Illuminate\\Session\\Store->start()
#25 C:\\xampp\\htdocs\\laravel-php3\\example-app\\vendor\\laravel\\framework\\src\\Illuminate\\Support\\helpers.php(399): Illuminate\\Session\\Middleware\\StartSession->Illuminate\\Session\\Middleware\\{closure}()
#26 C:\\xampp\\htdocs\\laravel-php3\\example-app\\vendor\\laravel\\framework\\src\\Illuminate\\Session\\Middleware\\StartSession.php(144): tap()
#27 C:\\xampp\\htdocs\\laravel-php3\\example-app\\vendor\\laravel\\framework\\src\\Illuminate\\Session\\Middleware\\StartSession.php(116): Illuminate\\Session\\Middleware\\StartSession->startSession()
#28 C:\\xampp\\htdocs\\laravel-php3\\example-app\\vendor\\laravel\\framework\\src\\Illuminate\\Session\\Middleware\\StartSession.php(64): Illuminate\\Session\\Middleware\\StartSession->handleStatefulRequest()
#29 C:\\xampp\\htdocs\\laravel-php3\\example-app\\vendor\\laravel\\framework\\src\\Illuminate\\Pipeline\\Pipeline.php(209): Illuminate\\Session\\Middleware\\StartSession->handle()
#30 C:\\xampp\\htdocs\\laravel-php3\\example-app\\vendor\\laravel\\framework\\src\\Illuminate\\Cookie\\Middleware\\AddQueuedCookiesToResponse.php(37): Illuminate\\Pipeline\\Pipeline->Illuminate\\Pipeline\\{closure}()
#31 C:\\xampp\\htdocs\\laravel-php3\\example-app\\vendor\\laravel\\framework\\src\\Illuminate\\Pipeline\\Pipeline.php(209): Illuminate\\Cookie\\Middleware\\AddQueuedCookiesToResponse->handle()
#32 C:\\xampp\\htdocs\\laravel-php3\\example-app\\vendor\\laravel\\framework\\src\\Illuminate\\Cookie\\Middleware\\EncryptCookies.php(75): Illuminate\\Pipeline\\Pipeline->Illuminate\\Pipeline\\{closure}()
#33 C:\\xampp\\htdocs\\laravel-php3\\example-app\\vendor\\laravel\\framework\\src\\Illuminate\\Pipeline\\Pipeline.php(209): Illuminate\\Cookie\\Middleware\\EncryptCookies->handle()
#34 C:\\xampp\\htdocs\\laravel-php3\\example-app\\vendor\\laravel\\framework\\src\\Illuminate\\Pipeline\\Pipeline.php(127): Illuminate\\Pipeline\\Pipeline->Illuminate\\Pipeline\\{closure}()
#35 C:\\xampp\\htdocs\\laravel-php3\\example-app\\vendor\\laravel\\framework\\src\\Illuminate\\Routing\\Router.php(807): Illuminate\\Pipeline\\Pipeline->then()
#36 C:\\xampp\\htdocs\\laravel-php3\\example-app\\vendor\\laravel\\framework\\src\\Illuminate\\Routing\\Router.php(786): Illuminate\\Routing\\Router->runRouteWithinStack()
#37 C:\\xampp\\htdocs\\laravel-php3\\example-app\\vendor\\laravel\\framework\\src\\Illuminate\\Routing\\Router.php(750): Illuminate\\Routing\\Router->runRoute()
#38 C:\\xampp\\htdocs\\laravel-php3\\example-app\\vendor\\laravel\\framework\\src\\Illuminate\\Routing\\Router.php(739): Illuminate\\Routing\\Router->dispatchToRoute()
#39 C:\\xampp\\htdocs\\laravel-php3\\example-app\\vendor\\laravel\\framework\\src\\Illuminate\\Foundation\\Http\\Kernel.php(201): Illuminate\\Routing\\Router->dispatch()
#40 C:\\xampp\\htdocs\\laravel-php3\\example-app\\vendor\\laravel\\framework\\src\\Illuminate\\Pipeline\\Pipeline.php(170): Illuminate\\Foundation\\Http\\Kernel->Illuminate\\Foundation\\Http\\{closure}()
#41 C:\\xampp\\htdocs\\laravel-php3\\example-app\\vendor\\laravel\\framework\\src\\Illuminate\\Foundation\\Http\\Middleware\\TransformsRequest.php(21): Illuminate\\Pipeline\\Pipeline->Illuminate\\Pipeline\\{closure}()
#42 C:\\xampp\\htdocs\\laravel-php3\\example-app\\vendor\\laravel\\framework\\src\\Illuminate\\Foundation\\Http\\Middleware\\ConvertEmptyStringsToNull.php(31): Illuminate\\Foundation\\Http\\Middleware\\TransformsRequest->handle()
#43 C:\\xampp\\htdocs\\laravel-php3\\example-app\\vendor\\laravel\\framework\\src\\Illuminate\\Pipeline\\Pipeline.php(209): Illuminate\\Foundation\\Http\\Middleware\\ConvertEmptyStringsToNull->handle()
#44 C:\\xampp\\htdocs\\laravel-php3\\example-app\\vendor\\laravel\\framework\\src\\Illuminate\\Foundation\\Http\\Middleware\\TransformsRequest.php(21): Illuminate\\Pipeline\\Pipeline->Illuminate\\Pipeline\\{closure}()
#45 C:\\xampp\\htdocs\\laravel-php3\\example-app\\vendor\\laravel\\framework\\src\\Illuminate\\Foundation\\Http\\Middleware\\TrimStrings.php(51): Illuminate\\Foundation\\Http\\Middleware\\TransformsRequest->handle()
#46 C:\\xampp\\htdocs\\laravel-php3\\example-app\\vendor\\laravel\\framework\\src\\Illuminate\\Pipeline\\Pipeline.php(209): Illuminate\\Foundation\\Http\\Middleware\\TrimStrings->handle()
#47 C:\\xampp\\htdocs\\laravel-php3\\example-app\\vendor\\laravel\\framework\\src\\Illuminate\\Http\\Middleware\\ValidatePostSize.php(27): Illuminate\\Pipeline\\Pipeline->Illuminate\\Pipeline\\{closure}()
#48 C:\\xampp\\htdocs\\laravel-php3\\example-app\\vendor\\laravel\\framework\\src\\Illuminate\\Pipeline\\Pipeline.php(209): Illuminate\\Http\\Middleware\\ValidatePostSize->handle()
#49 C:\\xampp\\htdocs\\laravel-php3\\example-app\\vendor\\laravel\\framework\\src\\Illuminate\\Foundation\\Http\\Middleware\\PreventRequestsDuringMaintenance.php(110): Illuminate\\Pipeline\\Pipeline->Illuminate\\Pipeline\\{closure}()
#50 C:\\xampp\\htdocs\\laravel-php3\\example-app\\vendor\\laravel\\framework\\src\\Illuminate\\Pipeline\\Pipeline.php(209): Illuminate\\Foundation\\Http\\Middleware\\PreventRequestsDuringMaintenance->handle()
#51 C:\\xampp\\htdocs\\laravel-php3\\example-app\\vendor\\laravel\\framework\\src\\Illuminate\\Http\\Middleware\\HandleCors.php(49): Illuminate\\Pipeline\\Pipeline->Illuminate\\Pipeline\\{closure}()
#52 C:\\xampp\\htdocs\\laravel-php3\\example-app\\vendor\\laravel\\framework\\src\\Illuminate\\Pipeline\\Pipeline.php(209): Illuminate\\Http\\Middleware\\HandleCors->handle()
#53 C:\\xampp\\htdocs\\laravel-php3\\example-app\\vendor\\laravel\\framework\\src\\Illuminate\\Http\\Middleware\\TrustProxies.php(58): Illuminate\\Pipeline\\Pipeline->Illuminate\\Pipeline\\{closure}()
#54 C:\\xampp\\htdocs\\laravel-php3\\example-app\\vendor\\laravel\\framework\\src\\Illuminate\\Pipeline\\Pipeline.php(209): Illuminate\\Http\\Middleware\\TrustProxies->handle()
#55 C:\\xampp\\htdocs\\laravel-php3\\example-app\\vendor\\laravel\\framework\\src\\Illuminate\\Foundation\\Http\\Middleware\\InvokeDeferredCallbacks.php(22): Illuminate\\Pipeline\\Pipeline->Illuminate\\Pipeline\\{closure}()
#56 C:\\xampp\\htdocs\\laravel-php3\\example-app\\vendor\\laravel\\framework\\src\\Illuminate\\Pipeline\\Pipeline.php(209): Illuminate\\Foundation\\Http\\Middleware\\InvokeDeferredCallbacks->handle()
#57 C:\\xampp\\htdocs\\laravel-php3\\example-app\\vendor\\laravel\\framework\\src\\Illuminate\\Http\\Middleware\\ValidatePathEncoding.php(26): Illuminate\\Pipeline\\Pipeline->Illuminate\\Pipeline\\{closure}()
#58 C:\\xampp\\htdocs\\laravel-php3\\example-app\\vendor\\laravel\\framework\\src\\Illuminate\\Pipeline\\Pipeline.php(209): Illuminate\\Http\\Middleware\\ValidatePathEncoding->handle()
#59 C:\\xampp\\htdocs\\laravel-php3\\example-app\\vendor\\laravel\\framework\\src\\Illuminate\\Pipeline\\Pipeline.php(127): Illuminate\\Pipeline\\Pipeline->Illuminate\\Pipeline\\{closure}()
#60 C:\\xampp\\htdocs\\laravel-php3\\example-app\\vendor\\laravel\\framework\\src\\Illuminate\\Foundation\\Http\\Kernel.php(176): Illuminate\\Pipeline\\Pipeline->then()
#61 C:\\xampp\\htdocs\\laravel-php3\\example-app\\vendor\\laravel\\framework\\src\\Illuminate\\Foundation\\Http\\Kernel.php(145): Illuminate\\Foundation\\Http\\Kernel->sendRequestThroughRouter()
#62 C:\\xampp\\htdocs\\laravel-php3\\example-app\\vendor\\laravel\\framework\\src\\Illuminate\\Foundation\\Application.php(1220): Illuminate\\Foundation\\Http\\Kernel->handle()
#63 C:\\xampp\\htdocs\\laravel-php3\\example-app\\public\\index.php(20): Illuminate\\Foundation\\Application->handleRequest()
#64 C:\\xampp\\htdocs\\laravel-php3\\example-app\\vendor\\laravel\\framework\\src\\Illuminate\\Foundation\\resources\\server.php(23): require_once('...')
#65 {main}
"} 
[2025-04-10 04:14:22] local.ERROR: SQLSTATE[HY000] [2002] No connection could be made because the target machine actively refused it (Connection: mysql, SQL: select * from `sessions` where `id` = JdhyYVOztWBRqBXlzJeAWwkZuv1bvST279Fp3w6J limit 1) {"exception":"[object] (Illuminate\\Database\\QueryException(code: 2002): SQLSTATE[HY000] [2002] No connection could be made because the target machine actively refused it (Connection: mysql, SQL: select * from `sessions` where `id` = JdhyYVOztWBRqBXlzJeAWwkZuv1bvST279Fp3w6J limit 1) at C:\\xampp\\htdocs\\laravel-php3\\example-app\\vendor\\laravel\\framework\\src\\Illuminate\\Database\\Connection.php:823)
[stacktrace]
#0 C:\\xampp\\htdocs\\laravel-php3\\example-app\\vendor\\laravel\\framework\\src\\Illuminate\\Database\\Connection.php(977): Illuminate\\Database\\Connection->runQueryCallback()
#1 C:\\xampp\\htdocs\\laravel-php3\\example-app\\vendor\\laravel\\framework\\src\\Illuminate\\Database\\Connection.php(956): Illuminate\\Database\\Connection->tryAgainIfCausedByLostConnection()
#2 C:\\xampp\\htdocs\\laravel-php3\\example-app\\vendor\\laravel\\framework\\src\\Illuminate\\Database\\Connection.php(779): Illuminate\\Database\\Connection->handleQueryException()
#3 C:\\xampp\\htdocs\\laravel-php3\\example-app\\vendor\\laravel\\framework\\src\\Illuminate\\Database\\Connection.php(396): Illuminate\\Database\\Connection->run()
#4 C:\\xampp\\htdocs\\laravel-php3\\example-app\\vendor\\laravel\\framework\\src\\Illuminate\\Database\\Query\\Builder.php(3106): Illuminate\\Database\\Connection->select()
#5 C:\\xampp\\htdocs\\laravel-php3\\example-app\\vendor\\laravel\\framework\\src\\Illuminate\\Database\\Query\\Builder.php(3091): Illuminate\\Database\\Query\\Builder->runSelect()
#6 C:\\xampp\\htdocs\\laravel-php3\\example-app\\vendor\\laravel\\framework\\src\\Illuminate\\Database\\Query\\Builder.php(3676): Illuminate\\Database\\Query\\Builder->Illuminate\\Database\\Query\\{closure}()
#7 C:\\xampp\\htdocs\\laravel-php3\\example-app\\vendor\\laravel\\framework\\src\\Illuminate\\Database\\Query\\Builder.php(3090): Illuminate\\Database\\Query\\Builder->onceWithColumns()
#8 C:\\xampp\\htdocs\\laravel-php3\\example-app\\vendor\\laravel\\framework\\src\\Illuminate\\Database\\Concerns\\BuildsQueries.php(366): Illuminate\\Database\\Query\\Builder->get()
#9 C:\\xampp\\htdocs\\laravel-php3\\example-app\\vendor\\laravel\\framework\\src\\Illuminate\\Database\\Query\\Builder.php(3013): Illuminate\\Database\\Query\\Builder->first()
#10 C:\\xampp\\htdocs\\laravel-php3\\example-app\\vendor\\laravel\\framework\\src\\Illuminate\\Session\\DatabaseSessionHandler.php(97): Illuminate\\Database\\Query\\Builder->find()
#11 C:\\xampp\\htdocs\\laravel-php3\\example-app\\vendor\\laravel\\framework\\src\\Illuminate\\Session\\Store.php(117): Illuminate\\Session\\DatabaseSessionHandler->read()
#12 C:\\xampp\\htdocs\\laravel-php3\\example-app\\vendor\\laravel\\framework\\src\\Illuminate\\Session\\Store.php(105): Illuminate\\Session\\Store->readFromHandler()
#13 C:\\xampp\\htdocs\\laravel-php3\\example-app\\vendor\\laravel\\framework\\src\\Illuminate\\Session\\Store.php(89): Illuminate\\Session\\Store->loadSession()
#14 C:\\xampp\\htdocs\\laravel-php3\\example-app\\vendor\\laravel\\framework\\src\\Illuminate\\Session\\Middleware\\StartSession.php(147): Illuminate\\Session\\Store->start()
#15 C:\\xampp\\htdocs\\laravel-php3\\example-app\\vendor\\laravel\\framework\\src\\Illuminate\\Support\\helpers.php(399): Illuminate\\Session\\Middleware\\StartSession->Illuminate\\Session\\Middleware\\{closure}()
#16 C:\\xampp\\htdocs\\laravel-php3\\example-app\\vendor\\laravel\\framework\\src\\Illuminate\\Session\\Middleware\\StartSession.php(144): tap()
#17 C:\\xampp\\htdocs\\laravel-php3\\example-app\\vendor\\laravel\\framework\\src\\Illuminate\\Session\\Middleware\\StartSession.php(116): Illuminate\\Session\\Middleware\\StartSession->startSession()
#18 C:\\xampp\\htdocs\\laravel-php3\\example-app\\vendor\\laravel\\framework\\src\\Illuminate\\Session\\Middleware\\StartSession.php(64): Illuminate\\Session\\Middleware\\StartSession->handleStatefulRequest()
#19 C:\\xampp\\htdocs\\laravel-php3\\example-app\\vendor\\laravel\\framework\\src\\Illuminate\\Pipeline\\Pipeline.php(209): Illuminate\\Session\\Middleware\\StartSession->handle()
#20 C:\\xampp\\htdocs\\laravel-php3\\example-app\\vendor\\laravel\\framework\\src\\Illuminate\\Cookie\\Middleware\\AddQueuedCookiesToResponse.php(37): Illuminate\\Pipeline\\Pipeline->Illuminate\\Pipeline\\{closure}()
#21 C:\\xampp\\htdocs\\laravel-php3\\example-app\\vendor\\laravel\\framework\\src\\Illuminate\\Pipeline\\Pipeline.php(209): Illuminate\\Cookie\\Middleware\\AddQueuedCookiesToResponse->handle()
#22 C:\\xampp\\htdocs\\laravel-php3\\example-app\\vendor\\laravel\\framework\\src\\Illuminate\\Cookie\\Middleware\\EncryptCookies.php(75): Illuminate\\Pipeline\\Pipeline->Illuminate\\Pipeline\\{closure}()
#23 C:\\xampp\\htdocs\\laravel-php3\\example-app\\vendor\\laravel\\framework\\src\\Illuminate\\Pipeline\\Pipeline.php(209): Illuminate\\Cookie\\Middleware\\EncryptCookies->handle()
#24 C:\\xampp\\htdocs\\laravel-php3\\example-app\\vendor\\laravel\\framework\\src\\Illuminate\\Pipeline\\Pipeline.php(127): Illuminate\\Pipeline\\Pipeline->Illuminate\\Pipeline\\{closure}()
#25 C:\\xampp\\htdocs\\laravel-php3\\example-app\\vendor\\laravel\\framework\\src\\Illuminate\\Routing\\Router.php(807): Illuminate\\Pipeline\\Pipeline->then()
#26 C:\\xampp\\htdocs\\laravel-php3\\example-app\\vendor\\laravel\\framework\\src\\Illuminate\\Routing\\Router.php(786): Illuminate\\Routing\\Router->runRouteWithinStack()
#27 C:\\xampp\\htdocs\\laravel-php3\\example-app\\vendor\\laravel\\framework\\src\\Illuminate\\Routing\\Router.php(750): Illuminate\\Routing\\Router->runRoute()
#28 C:\\xampp\\htdocs\\laravel-php3\\example-app\\vendor\\laravel\\framework\\src\\Illuminate\\Routing\\Router.php(739): Illuminate\\Routing\\Router->dispatchToRoute()
#29 C:\\xampp\\htdocs\\laravel-php3\\example-app\\vendor\\laravel\\framework\\src\\Illuminate\\Foundation\\Http\\Kernel.php(201): Illuminate\\Routing\\Router->dispatch()
#30 C:\\xampp\\htdocs\\laravel-php3\\example-app\\vendor\\laravel\\framework\\src\\Illuminate\\Pipeline\\Pipeline.php(170): Illuminate\\Foundation\\Http\\Kernel->Illuminate\\Foundation\\Http\\{closure}()
#31 C:\\xampp\\htdocs\\laravel-php3\\example-app\\vendor\\laravel\\framework\\src\\Illuminate\\Foundation\\Http\\Middleware\\TransformsRequest.php(21): Illuminate\\Pipeline\\Pipeline->Illuminate\\Pipeline\\{closure}()
#32 C:\\xampp\\htdocs\\laravel-php3\\example-app\\vendor\\laravel\\framework\\src\\Illuminate\\Foundation\\Http\\Middleware\\ConvertEmptyStringsToNull.php(31): Illuminate\\Foundation\\Http\\Middleware\\TransformsRequest->handle()
#33 C:\\xampp\\htdocs\\laravel-php3\\example-app\\vendor\\laravel\\framework\\src\\Illuminate\\Pipeline\\Pipeline.php(209): Illuminate\\Foundation\\Http\\Middleware\\ConvertEmptyStringsToNull->handle()
#34 C:\\xampp\\htdocs\\laravel-php3\\example-app\\vendor\\laravel\\framework\\src\\Illuminate\\Foundation\\Http\\Middleware\\TransformsRequest.php(21): Illuminate\\Pipeline\\Pipeline->Illuminate\\Pipeline\\{closure}()
#35 C:\\xampp\\htdocs\\laravel-php3\\example-app\\vendor\\laravel\\framework\\src\\Illuminate\\Foundation\\Http\\Middleware\\TrimStrings.php(51): Illuminate\\Foundation\\Http\\Middleware\\TransformsRequest->handle()
#36 C:\\xampp\\htdocs\\laravel-php3\\example-app\\vendor\\laravel\\framework\\src\\Illuminate\\Pipeline\\Pipeline.php(209): Illuminate\\Foundation\\Http\\Middleware\\TrimStrings->handle()
#37 C:\\xampp\\htdocs\\laravel-php3\\example-app\\vendor\\laravel\\framework\\src\\Illuminate\\Http\\Middleware\\ValidatePostSize.php(27): Illuminate\\Pipeline\\Pipeline->Illuminate\\Pipeline\\{closure}()
#38 C:\\xampp\\htdocs\\laravel-php3\\example-app\\vendor\\laravel\\framework\\src\\Illuminate\\Pipeline\\Pipeline.php(209): Illuminate\\Http\\Middleware\\ValidatePostSize->handle()
#39 C:\\xampp\\htdocs\\laravel-php3\\example-app\\vendor\\laravel\\framework\\src\\Illuminate\\Foundation\\Http\\Middleware\\PreventRequestsDuringMaintenance.php(110): Illuminate\\Pipeline\\Pipeline->Illuminate\\Pipeline\\{closure}()
#40 C:\\xampp\\htdocs\\laravel-php3\\example-app\\vendor\\laravel\\framework\\src\\Illuminate\\Pipeline\\Pipeline.php(209): Illuminate\\Foundation\\Http\\Middleware\\PreventRequestsDuringMaintenance->handle()
#41 C:\\xampp\\htdocs\\laravel-php3\\example-app\\vendor\\laravel\\framework\\src\\Illuminate\\Http\\Middleware\\HandleCors.php(49): Illuminate\\Pipeline\\Pipeline->Illuminate\\Pipeline\\{closure}()
#42 C:\\xampp\\htdocs\\laravel-php3\\example-app\\vendor\\laravel\\framework\\src\\Illuminate\\Pipeline\\Pipeline.php(209): Illuminate\\Http\\Middleware\\HandleCors->handle()
#43 C:\\xampp\\htdocs\\laravel-php3\\example-app\\vendor\\laravel\\framework\\src\\Illuminate\\Http\\Middleware\\TrustProxies.php(58): Illuminate\\Pipeline\\Pipeline->Illuminate\\Pipeline\\{closure}()
#44 C:\\xampp\\htdocs\\laravel-php3\\example-app\\vendor\\laravel\\framework\\src\\Illuminate\\Pipeline\\Pipeline.php(209): Illuminate\\Http\\Middleware\\TrustProxies->handle()
#45 C:\\xampp\\htdocs\\laravel-php3\\example-app\\vendor\\laravel\\framework\\src\\Illuminate\\Foundation\\Http\\Middleware\\InvokeDeferredCallbacks.php(22): Illuminate\\Pipeline\\Pipeline->Illuminate\\Pipeline\\{closure}()
#46 C:\\xampp\\htdocs\\laravel-php3\\example-app\\vendor\\laravel\\framework\\src\\Illuminate\\Pipeline\\Pipeline.php(209): Illuminate\\Foundation\\Http\\Middleware\\InvokeDeferredCallbacks->handle()
#47 C:\\xampp\\htdocs\\laravel-php3\\example-app\\vendor\\laravel\\framework\\src\\Illuminate\\Http\\Middleware\\ValidatePathEncoding.php(26): Illuminate\\Pipeline\\Pipeline->Illuminate\\Pipeline\\{closure}()
#48 C:\\xampp\\htdocs\\laravel-php3\\example-app\\vendor\\laravel\\framework\\src\\Illuminate\\Pipeline\\Pipeline.php(209): Illuminate\\Http\\Middleware\\ValidatePathEncoding->handle()
#49 C:\\xampp\\htdocs\\laravel-php3\\example-app\\vendor\\laravel\\framework\\src\\Illuminate\\Pipeline\\Pipeline.php(127): Illuminate\\Pipeline\\Pipeline->Illuminate\\Pipeline\\{closure}()
#50 C:\\xampp\\htdocs\\laravel-php3\\example-app\\vendor\\laravel\\framework\\src\\Illuminate\\Foundation\\Http\\Kernel.php(176): Illuminate\\Pipeline\\Pipeline->then()
#51 C:\\xampp\\htdocs\\laravel-php3\\example-app\\vendor\\laravel\\framework\\src\\Illuminate\\Foundation\\Http\\Kernel.php(145): Illuminate\\Foundation\\Http\\Kernel->sendRequestThroughRouter()
#52 C:\\xampp\\htdocs\\laravel-php3\\example-app\\vendor\\laravel\\framework\\src\\Illuminate\\Foundation\\Application.php(1220): Illuminate\\Foundation\\Http\\Kernel->handle()
#53 C:\\xampp\\htdocs\\laravel-php3\\example-app\\public\\index.php(20): Illuminate\\Foundation\\Application->handleRequest()
#54 C:\\xampp\\htdocs\\laravel-php3\\example-app\\vendor\\laravel\\framework\\src\\Illuminate\\Foundation\\resources\\server.php(23): require_once('...')
#55 {main}

[previous exception] [object] (PDOException(code: 2002): SQLSTATE[HY000] [2002] No connection could be made because the target machine actively refused it at C:\\xampp\\htdocs\\laravel-php3\\example-app\\vendor\\laravel\\framework\\src\\Illuminate\\Database\\Connectors\\Connector.php:66)
[stacktrace]
#0 C:\\xampp\\htdocs\\laravel-php3\\example-app\\vendor\\laravel\\framework\\src\\Illuminate\\Database\\Connectors\\Connector.php(66): PDO->__construct()
#1 C:\\xampp\\htdocs\\laravel-php3\\example-app\\vendor\\laravel\\framework\\src\\Illuminate\\Database\\Connectors\\Connector.php(85): Illuminate\\Database\\Connectors\\Connector->createPdoConnection()
#2 C:\\xampp\\htdocs\\laravel-php3\\example-app\\vendor\\laravel\\framework\\src\\Illuminate\\Database\\Connectors\\Connector.php(48): Illuminate\\Database\\Connectors\\Connector->tryAgainIfCausedByLostConnection()
#3 C:\\xampp\\htdocs\\laravel-php3\\example-app\\vendor\\laravel\\framework\\src\\Illuminate\\Database\\Connectors\\MySqlConnector.php(24): Illuminate\\Database\\Connectors\\Connector->createConnection()
#4 C:\\xampp\\htdocs\\laravel-php3\\example-app\\vendor\\laravel\\framework\\src\\Illuminate\\Database\\Connectors\\ConnectionFactory.php(185): Illuminate\\Database\\Connectors\\MySqlConnector->connect()
#5 [internal function]: Illuminate\\Database\\Connectors\\ConnectionFactory->Illuminate\\Database\\Connectors\\{closure}()
#6 C:\\xampp\\htdocs\\laravel-php3\\example-app\\vendor\\laravel\\framework\\src\\Illuminate\\Database\\Connection.php(1229): call_user_func()
#7 C:\\xampp\\htdocs\\laravel-php3\\example-app\\vendor\\laravel\\framework\\src\\Illuminate\\Database\\Connection.php(510): Illuminate\\Database\\Connection->getPdo()
#8 C:\\xampp\\htdocs\\laravel-php3\\example-app\\vendor\\laravel\\framework\\src\\Illuminate\\Database\\Connection.php(405): Illuminate\\Database\\Connection->getPdoForSelect()
#9 C:\\xampp\\htdocs\\laravel-php3\\example-app\\vendor\\laravel\\framework\\src\\Illuminate\\Database\\Connection.php(810): Illuminate\\Database\\Connection->Illuminate\\Database\\{closure}()
#10 C:\\xampp\\htdocs\\laravel-php3\\example-app\\vendor\\laravel\\framework\\src\\Illuminate\\Database\\Connection.php(977): Illuminate\\Database\\Connection->runQueryCallback()
#11 C:\\xampp\\htdocs\\laravel-php3\\example-app\\vendor\\laravel\\framework\\src\\Illuminate\\Database\\Connection.php(956): Illuminate\\Database\\Connection->tryAgainIfCausedByLostConnection()
#12 C:\\xampp\\htdocs\\laravel-php3\\example-app\\vendor\\laravel\\framework\\src\\Illuminate\\Database\\Connection.php(779): Illuminate\\Database\\Connection->handleQueryException()
#13 C:\\xampp\\htdocs\\laravel-php3\\example-app\\vendor\\laravel\\framework\\src\\Illuminate\\Database\\Connection.php(396): Illuminate\\Database\\Connection->run()
#14 C:\\xampp\\htdocs\\laravel-php3\\example-app\\vendor\\laravel\\framework\\src\\Illuminate\\Database\\Query\\Builder.php(3106): Illuminate\\Database\\Connection->select()
#15 C:\\xampp\\htdocs\\laravel-php3\\example-app\\vendor\\laravel\\framework\\src\\Illuminate\\Database\\Query\\Builder.php(3091): Illuminate\\Database\\Query\\Builder->runSelect()
#16 C:\\xampp\\htdocs\\laravel-php3\\example-app\\vendor\\laravel\\framework\\src\\Illuminate\\Database\\Query\\Builder.php(3676): Illuminate\\Database\\Query\\Builder->Illuminate\\Database\\Query\\{closure}()
#17 C:\\xampp\\htdocs\\laravel-php3\\example-app\\vendor\\laravel\\framework\\src\\Illuminate\\Database\\Query\\Builder.php(3090): Illuminate\\Database\\Query\\Builder->onceWithColumns()
#18 C:\\xampp\\htdocs\\laravel-php3\\example-app\\vendor\\laravel\\framework\\src\\Illuminate\\Database\\Concerns\\BuildsQueries.php(366): Illuminate\\Database\\Query\\Builder->get()
#19 C:\\xampp\\htdocs\\laravel-php3\\example-app\\vendor\\laravel\\framework\\src\\Illuminate\\Database\\Query\\Builder.php(3013): Illuminate\\Database\\Query\\Builder->first()
#20 C:\\xampp\\htdocs\\laravel-php3\\example-app\\vendor\\laravel\\framework\\src\\Illuminate\\Session\\DatabaseSessionHandler.php(97): Illuminate\\Database\\Query\\Builder->find()
#21 C:\\xampp\\htdocs\\laravel-php3\\example-app\\vendor\\laravel\\framework\\src\\Illuminate\\Session\\Store.php(117): Illuminate\\Session\\DatabaseSessionHandler->read()
#22 C:\\xampp\\htdocs\\laravel-php3\\example-app\\vendor\\laravel\\framework\\src\\Illuminate\\Session\\Store.php(105): Illuminate\\Session\\Store->readFromHandler()
#23 C:\\xampp\\htdocs\\laravel-php3\\example-app\\vendor\\laravel\\framework\\src\\Illuminate\\Session\\Store.php(89): Illuminate\\Session\\Store->loadSession()
#24 C:\\xampp\\htdocs\\laravel-php3\\example-app\\vendor\\laravel\\framework\\src\\Illuminate\\Session\\Middleware\\StartSession.php(147): Illuminate\\Session\\Store->start()
#25 C:\\xampp\\htdocs\\laravel-php3\\example-app\\vendor\\laravel\\framework\\src\\Illuminate\\Support\\helpers.php(399): Illuminate\\Session\\Middleware\\StartSession->Illuminate\\Session\\Middleware\\{closure}()
#26 C:\\xampp\\htdocs\\laravel-php3\\example-app\\vendor\\laravel\\framework\\src\\Illuminate\\Session\\Middleware\\StartSession.php(144): tap()
#27 C:\\xampp\\htdocs\\laravel-php3\\example-app\\vendor\\laravel\\framework\\src\\Illuminate\\Session\\Middleware\\StartSession.php(116): Illuminate\\Session\\Middleware\\StartSession->startSession()
#28 C:\\xampp\\htdocs\\laravel-php3\\example-app\\vendor\\laravel\\framework\\src\\Illuminate\\Session\\Middleware\\StartSession.php(64): Illuminate\\Session\\Middleware\\StartSession->handleStatefulRequest()
#29 C:\\xampp\\htdocs\\laravel-php3\\example-app\\vendor\\laravel\\framework\\src\\Illuminate\\Pipeline\\Pipeline.php(209): Illuminate\\Session\\Middleware\\StartSession->handle()
#30 C:\\xampp\\htdocs\\laravel-php3\\example-app\\vendor\\laravel\\framework\\src\\Illuminate\\Cookie\\Middleware\\AddQueuedCookiesToResponse.php(37): Illuminate\\Pipeline\\Pipeline->Illuminate\\Pipeline\\{closure}()
#31 C:\\xampp\\htdocs\\laravel-php3\\example-app\\vendor\\laravel\\framework\\src\\Illuminate\\Pipeline\\Pipeline.php(209): Illuminate\\Cookie\\Middleware\\AddQueuedCookiesToResponse->handle()
#32 C:\\xampp\\htdocs\\laravel-php3\\example-app\\vendor\\laravel\\framework\\src\\Illuminate\\Cookie\\Middleware\\EncryptCookies.php(75): Illuminate\\Pipeline\\Pipeline->Illuminate\\Pipeline\\{closure}()
#33 C:\\xampp\\htdocs\\laravel-php3\\example-app\\vendor\\laravel\\framework\\src\\Illuminate\\Pipeline\\Pipeline.php(209): Illuminate\\Cookie\\Middleware\\EncryptCookies->handle()
#34 C:\\xampp\\htdocs\\laravel-php3\\example-app\\vendor\\laravel\\framework\\src\\Illuminate\\Pipeline\\Pipeline.php(127): Illuminate\\Pipeline\\Pipeline->Illuminate\\Pipeline\\{closure}()
#35 C:\\xampp\\htdocs\\laravel-php3\\example-app\\vendor\\laravel\\framework\\src\\Illuminate\\Routing\\Router.php(807): Illuminate\\Pipeline\\Pipeline->then()
#36 C:\\xampp\\htdocs\\laravel-php3\\example-app\\vendor\\laravel\\framework\\src\\Illuminate\\Routing\\Router.php(786): Illuminate\\Routing\\Router->runRouteWithinStack()
#37 C:\\xampp\\htdocs\\laravel-php3\\example-app\\vendor\\laravel\\framework\\src\\Illuminate\\Routing\\Router.php(750): Illuminate\\Routing\\Router->runRoute()
#38 C:\\xampp\\htdocs\\laravel-php3\\example-app\\vendor\\laravel\\framework\\src\\Illuminate\\Routing\\Router.php(739): Illuminate\\Routing\\Router->dispatchToRoute()
#39 C:\\xampp\\htdocs\\laravel-php3\\example-app\\vendor\\laravel\\framework\\src\\Illuminate\\Foundation\\Http\\Kernel.php(201): Illuminate\\Routing\\Router->dispatch()
#40 C:\\xampp\\htdocs\\laravel-php3\\example-app\\vendor\\laravel\\framework\\src\\Illuminate\\Pipeline\\Pipeline.php(170): Illuminate\\Foundation\\Http\\Kernel->Illuminate\\Foundation\\Http\\{closure}()
#41 C:\\xampp\\htdocs\\laravel-php3\\example-app\\vendor\\laravel\\framework\\src\\Illuminate\\Foundation\\Http\\Middleware\\TransformsRequest.php(21): Illuminate\\Pipeline\\Pipeline->Illuminate\\Pipeline\\{closure}()
#42 C:\\xampp\\htdocs\\laravel-php3\\example-app\\vendor\\laravel\\framework\\src\\Illuminate\\Foundation\\Http\\Middleware\\ConvertEmptyStringsToNull.php(31): Illuminate\\Foundation\\Http\\Middleware\\TransformsRequest->handle()
#43 C:\\xampp\\htdocs\\laravel-php3\\example-app\\vendor\\laravel\\framework\\src\\Illuminate\\Pipeline\\Pipeline.php(209): Illuminate\\Foundation\\Http\\Middleware\\ConvertEmptyStringsToNull->handle()
#44 C:\\xampp\\htdocs\\laravel-php3\\example-app\\vendor\\laravel\\framework\\src\\Illuminate\\Foundation\\Http\\Middleware\\TransformsRequest.php(21): Illuminate\\Pipeline\\Pipeline->Illuminate\\Pipeline\\{closure}()
#45 C:\\xampp\\htdocs\\laravel-php3\\example-app\\vendor\\laravel\\framework\\src\\Illuminate\\Foundation\\Http\\Middleware\\TrimStrings.php(51): Illuminate\\Foundation\\Http\\Middleware\\TransformsRequest->handle()
#46 C:\\xampp\\htdocs\\laravel-php3\\example-app\\vendor\\laravel\\framework\\src\\Illuminate\\Pipeline\\Pipeline.php(209): Illuminate\\Foundation\\Http\\Middleware\\TrimStrings->handle()
#47 C:\\xampp\\htdocs\\laravel-php3\\example-app\\vendor\\laravel\\framework\\src\\Illuminate\\Http\\Middleware\\ValidatePostSize.php(27): Illuminate\\Pipeline\\Pipeline->Illuminate\\Pipeline\\{closure}()
#48 C:\\xampp\\htdocs\\laravel-php3\\example-app\\vendor\\laravel\\framework\\src\\Illuminate\\Pipeline\\Pipeline.php(209): Illuminate\\Http\\Middleware\\ValidatePostSize->handle()
#49 C:\\xampp\\htdocs\\laravel-php3\\example-app\\vendor\\laravel\\framework\\src\\Illuminate\\Foundation\\Http\\Middleware\\PreventRequestsDuringMaintenance.php(110): Illuminate\\Pipeline\\Pipeline->Illuminate\\Pipeline\\{closure}()
#50 C:\\xampp\\htdocs\\laravel-php3\\example-app\\vendor\\laravel\\framework\\src\\Illuminate\\Pipeline\\Pipeline.php(209): Illuminate\\Foundation\\Http\\Middleware\\PreventRequestsDuringMaintenance->handle()
#51 C:\\xampp\\htdocs\\laravel-php3\\example-app\\vendor\\laravel\\framework\\src\\Illuminate\\Http\\Middleware\\HandleCors.php(49): Illuminate\\Pipeline\\Pipeline->Illuminate\\Pipeline\\{closure}()
#52 C:\\xampp\\htdocs\\laravel-php3\\example-app\\vendor\\laravel\\framework\\src\\Illuminate\\Pipeline\\Pipeline.php(209): Illuminate\\Http\\Middleware\\HandleCors->handle()
#53 C:\\xampp\\htdocs\\laravel-php3\\example-app\\vendor\\laravel\\framework\\src\\Illuminate\\Http\\Middleware\\TrustProxies.php(58): Illuminate\\Pipeline\\Pipeline->Illuminate\\Pipeline\\{closure}()
#54 C:\\xampp\\htdocs\\laravel-php3\\example-app\\vendor\\laravel\\framework\\src\\Illuminate\\Pipeline\\Pipeline.php(209): Illuminate\\Http\\Middleware\\TrustProxies->handle()
#55 C:\\xampp\\htdocs\\laravel-php3\\example-app\\vendor\\laravel\\framework\\src\\Illuminate\\Foundation\\Http\\Middleware\\InvokeDeferredCallbacks.php(22): Illuminate\\Pipeline\\Pipeline->Illuminate\\Pipeline\\{closure}()
#56 C:\\xampp\\htdocs\\laravel-php3\\example-app\\vendor\\laravel\\framework\\src\\Illuminate\\Pipeline\\Pipeline.php(209): Illuminate\\Foundation\\Http\\Middleware\\InvokeDeferredCallbacks->handle()
#57 C:\\xampp\\htdocs\\laravel-php3\\example-app\\vendor\\laravel\\framework\\src\\Illuminate\\Http\\Middleware\\ValidatePathEncoding.php(26): Illuminate\\Pipeline\\Pipeline->Illuminate\\Pipeline\\{closure}()
#58 C:\\xampp\\htdocs\\laravel-php3\\example-app\\vendor\\laravel\\framework\\src\\Illuminate\\Pipeline\\Pipeline.php(209): Illuminate\\Http\\Middleware\\ValidatePathEncoding->handle()
#59 C:\\xampp\\htdocs\\laravel-php3\\example-app\\vendor\\laravel\\framework\\src\\Illuminate\\Pipeline\\Pipeline.php(127): Illuminate\\Pipeline\\Pipeline->Illuminate\\Pipeline\\{closure}()
#60 C:\\xampp\\htdocs\\laravel-php3\\example-app\\vendor\\laravel\\framework\\src\\Illuminate\\Foundation\\Http\\Kernel.php(176): Illuminate\\Pipeline\\Pipeline->then()
#61 C:\\xampp\\htdocs\\laravel-php3\\example-app\\vendor\\laravel\\framework\\src\\Illuminate\\Foundation\\Http\\Kernel.php(145): Illuminate\\Foundation\\Http\\Kernel->sendRequestThroughRouter()
#62 C:\\xampp\\htdocs\\laravel-php3\\example-app\\vendor\\laravel\\framework\\src\\Illuminate\\Foundation\\Application.php(1220): Illuminate\\Foundation\\Http\\Kernel->handle()
#63 C:\\xampp\\htdocs\\laravel-php3\\example-app\\public\\index.php(20): Illuminate\\Foundation\\Application->handleRequest()
#64 C:\\xampp\\htdocs\\laravel-php3\\example-app\\vendor\\laravel\\framework\\src\\Illuminate\\Foundation\\resources\\server.php(23): require_once('...')
#65 {main}
"} 
[2025-04-10 04:14:36] local.ERROR: SQLSTATE[HY000] [2002] No connection could be made because the target machine actively refused it (Connection: mysql, SQL: select * from `sessions` where `id` = gLmWhyBuSGQMA70GEU6187aTyAQLOtzxuDLVLmXW limit 1) {"exception":"[object] (Illuminate\\Database\\QueryException(code: 2002): SQLSTATE[HY000] [2002] No connection could be made because the target machine actively refused it (Connection: mysql, SQL: select * from `sessions` where `id` = gLmWhyBuSGQMA70GEU6187aTyAQLOtzxuDLVLmXW limit 1) at C:\\xampp\\htdocs\\laravel-php3\\example-app\\vendor\\laravel\\framework\\src\\Illuminate\\Database\\Connection.php:823)
[stacktrace]
#0 C:\\xampp\\htdocs\\laravel-php3\\example-app\\vendor\\laravel\\framework\\src\\Illuminate\\Database\\Connection.php(977): Illuminate\\Database\\Connection->runQueryCallback()
#1 C:\\xampp\\htdocs\\laravel-php3\\example-app\\vendor\\laravel\\framework\\src\\Illuminate\\Database\\Connection.php(956): Illuminate\\Database\\Connection->tryAgainIfCausedByLostConnection()
#2 C:\\xampp\\htdocs\\laravel-php3\\example-app\\vendor\\laravel\\framework\\src\\Illuminate\\Database\\Connection.php(779): Illuminate\\Database\\Connection->handleQueryException()
#3 C:\\xampp\\htdocs\\laravel-php3\\example-app\\vendor\\laravel\\framework\\src\\Illuminate\\Database\\Connection.php(396): Illuminate\\Database\\Connection->run()
#4 C:\\xampp\\htdocs\\laravel-php3\\example-app\\vendor\\laravel\\framework\\src\\Illuminate\\Database\\Query\\Builder.php(3106): Illuminate\\Database\\Connection->select()
#5 C:\\xampp\\htdocs\\laravel-php3\\example-app\\vendor\\laravel\\framework\\src\\Illuminate\\Database\\Query\\Builder.php(3091): Illuminate\\Database\\Query\\Builder->runSelect()
#6 C:\\xampp\\htdocs\\laravel-php3\\example-app\\vendor\\laravel\\framework\\src\\Illuminate\\Database\\Query\\Builder.php(3676): Illuminate\\Database\\Query\\Builder->Illuminate\\Database\\Query\\{closure}()
#7 C:\\xampp\\htdocs\\laravel-php3\\example-app\\vendor\\laravel\\framework\\src\\Illuminate\\Database\\Query\\Builder.php(3090): Illuminate\\Database\\Query\\Builder->onceWithColumns()
#8 C:\\xampp\\htdocs\\laravel-php3\\example-app\\vendor\\laravel\\framework\\src\\Illuminate\\Database\\Concerns\\BuildsQueries.php(366): Illuminate\\Database\\Query\\Builder->get()
#9 C:\\xampp\\htdocs\\laravel-php3\\example-app\\vendor\\laravel\\framework\\src\\Illuminate\\Database\\Query\\Builder.php(3013): Illuminate\\Database\\Query\\Builder->first()
#10 C:\\xampp\\htdocs\\laravel-php3\\example-app\\vendor\\laravel\\framework\\src\\Illuminate\\Session\\DatabaseSessionHandler.php(97): Illuminate\\Database\\Query\\Builder->find()
#11 C:\\xampp\\htdocs\\laravel-php3\\example-app\\vendor\\laravel\\framework\\src\\Illuminate\\Session\\Store.php(117): Illuminate\\Session\\DatabaseSessionHandler->read()
#12 C:\\xampp\\htdocs\\laravel-php3\\example-app\\vendor\\laravel\\framework\\src\\Illuminate\\Session\\Store.php(105): Illuminate\\Session\\Store->readFromHandler()
#13 C:\\xampp\\htdocs\\laravel-php3\\example-app\\vendor\\laravel\\framework\\src\\Illuminate\\Session\\Store.php(89): Illuminate\\Session\\Store->loadSession()
#14 C:\\xampp\\htdocs\\laravel-php3\\example-app\\vendor\\laravel\\framework\\src\\Illuminate\\Session\\Middleware\\StartSession.php(147): Illuminate\\Session\\Store->start()
#15 C:\\xampp\\htdocs\\laravel-php3\\example-app\\vendor\\laravel\\framework\\src\\Illuminate\\Support\\helpers.php(399): Illuminate\\Session\\Middleware\\StartSession->Illuminate\\Session\\Middleware\\{closure}()
#16 C:\\xampp\\htdocs\\laravel-php3\\example-app\\vendor\\laravel\\framework\\src\\Illuminate\\Session\\Middleware\\StartSession.php(144): tap()
#17 C:\\xampp\\htdocs\\laravel-php3\\example-app\\vendor\\laravel\\framework\\src\\Illuminate\\Session\\Middleware\\StartSession.php(116): Illuminate\\Session\\Middleware\\StartSession->startSession()
#18 C:\\xampp\\htdocs\\laravel-php3\\example-app\\vendor\\laravel\\framework\\src\\Illuminate\\Session\\Middleware\\StartSession.php(64): Illuminate\\Session\\Middleware\\StartSession->handleStatefulRequest()
#19 C:\\xampp\\htdocs\\laravel-php3\\example-app\\vendor\\laravel\\framework\\src\\Illuminate\\Pipeline\\Pipeline.php(209): Illuminate\\Session\\Middleware\\StartSession->handle()
#20 C:\\xampp\\htdocs\\laravel-php3\\example-app\\vendor\\laravel\\framework\\src\\Illuminate\\Cookie\\Middleware\\AddQueuedCookiesToResponse.php(37): Illuminate\\Pipeline\\Pipeline->Illuminate\\Pipeline\\{closure}()
#21 C:\\xampp\\htdocs\\laravel-php3\\example-app\\vendor\\laravel\\framework\\src\\Illuminate\\Pipeline\\Pipeline.php(209): Illuminate\\Cookie\\Middleware\\AddQueuedCookiesToResponse->handle()
#22 C:\\xampp\\htdocs\\laravel-php3\\example-app\\vendor\\laravel\\framework\\src\\Illuminate\\Cookie\\Middleware\\EncryptCookies.php(75): Illuminate\\Pipeline\\Pipeline->Illuminate\\Pipeline\\{closure}()
#23 C:\\xampp\\htdocs\\laravel-php3\\example-app\\vendor\\laravel\\framework\\src\\Illuminate\\Pipeline\\Pipeline.php(209): Illuminate\\Cookie\\Middleware\\EncryptCookies->handle()
#24 C:\\xampp\\htdocs\\laravel-php3\\example-app\\vendor\\laravel\\framework\\src\\Illuminate\\Pipeline\\Pipeline.php(127): Illuminate\\Pipeline\\Pipeline->Illuminate\\Pipeline\\{closure}()
#25 C:\\xampp\\htdocs\\laravel-php3\\example-app\\vendor\\laravel\\framework\\src\\Illuminate\\Routing\\Router.php(807): Illuminate\\Pipeline\\Pipeline->then()
#26 C:\\xampp\\htdocs\\laravel-php3\\example-app\\vendor\\laravel\\framework\\src\\Illuminate\\Routing\\Router.php(786): Illuminate\\Routing\\Router->runRouteWithinStack()
#27 C:\\xampp\\htdocs\\laravel-php3\\example-app\\vendor\\laravel\\framework\\src\\Illuminate\\Routing\\Router.php(750): Illuminate\\Routing\\Router->runRoute()
#28 C:\\xampp\\htdocs\\laravel-php3\\example-app\\vendor\\laravel\\framework\\src\\Illuminate\\Routing\\Router.php(739): Illuminate\\Routing\\Router->dispatchToRoute()
#29 C:\\xampp\\htdocs\\laravel-php3\\example-app\\vendor\\laravel\\framework\\src\\Illuminate\\Foundation\\Http\\Kernel.php(201): Illuminate\\Routing\\Router->dispatch()
#30 C:\\xampp\\htdocs\\laravel-php3\\example-app\\vendor\\laravel\\framework\\src\\Illuminate\\Pipeline\\Pipeline.php(170): Illuminate\\Foundation\\Http\\Kernel->Illuminate\\Foundation\\Http\\{closure}()
#31 C:\\xampp\\htdocs\\laravel-php3\\example-app\\vendor\\laravel\\framework\\src\\Illuminate\\Foundation\\Http\\Middleware\\TransformsRequest.php(21): Illuminate\\Pipeline\\Pipeline->Illuminate\\Pipeline\\{closure}()
#32 C:\\xampp\\htdocs\\laravel-php3\\example-app\\vendor\\laravel\\framework\\src\\Illuminate\\Foundation\\Http\\Middleware\\ConvertEmptyStringsToNull.php(31): Illuminate\\Foundation\\Http\\Middleware\\TransformsRequest->handle()
#33 C:\\xampp\\htdocs\\laravel-php3\\example-app\\vendor\\laravel\\framework\\src\\Illuminate\\Pipeline\\Pipeline.php(209): Illuminate\\Foundation\\Http\\Middleware\\ConvertEmptyStringsToNull->handle()
#34 C:\\xampp\\htdocs\\laravel-php3\\example-app\\vendor\\laravel\\framework\\src\\Illuminate\\Foundation\\Http\\Middleware\\TransformsRequest.php(21): Illuminate\\Pipeline\\Pipeline->Illuminate\\Pipeline\\{closure}()
#35 C:\\xampp\\htdocs\\laravel-php3\\example-app\\vendor\\laravel\\framework\\src\\Illuminate\\Foundation\\Http\\Middleware\\TrimStrings.php(51): Illuminate\\Foundation\\Http\\Middleware\\TransformsRequest->handle()
#36 C:\\xampp\\htdocs\\laravel-php3\\example-app\\vendor\\laravel\\framework\\src\\Illuminate\\Pipeline\\Pipeline.php(209): Illuminate\\Foundation\\Http\\Middleware\\TrimStrings->handle()
#37 C:\\xampp\\htdocs\\laravel-php3\\example-app\\vendor\\laravel\\framework\\src\\Illuminate\\Http\\Middleware\\ValidatePostSize.php(27): Illuminate\\Pipeline\\Pipeline->Illuminate\\Pipeline\\{closure}()
#38 C:\\xampp\\htdocs\\laravel-php3\\example-app\\vendor\\laravel\\framework\\src\\Illuminate\\Pipeline\\Pipeline.php(209): Illuminate\\Http\\Middleware\\ValidatePostSize->handle()
#39 C:\\xampp\\htdocs\\laravel-php3\\example-app\\vendor\\laravel\\framework\\src\\Illuminate\\Foundation\\Http\\Middleware\\PreventRequestsDuringMaintenance.php(110): Illuminate\\Pipeline\\Pipeline->Illuminate\\Pipeline\\{closure}()
#40 C:\\xampp\\htdocs\\laravel-php3\\example-app\\vendor\\laravel\\framework\\src\\Illuminate\\Pipeline\\Pipeline.php(209): Illuminate\\Foundation\\Http\\Middleware\\PreventRequestsDuringMaintenance->handle()
#41 C:\\xampp\\htdocs\\laravel-php3\\example-app\\vendor\\laravel\\framework\\src\\Illuminate\\Http\\Middleware\\HandleCors.php(49): Illuminate\\Pipeline\\Pipeline->Illuminate\\Pipeline\\{closure}()
#42 C:\\xampp\\htdocs\\laravel-php3\\example-app\\vendor\\laravel\\framework\\src\\Illuminate\\Pipeline\\Pipeline.php(209): Illuminate\\Http\\Middleware\\HandleCors->handle()
#43 C:\\xampp\\htdocs\\laravel-php3\\example-app\\vendor\\laravel\\framework\\src\\Illuminate\\Http\\Middleware\\TrustProxies.php(58): Illuminate\\Pipeline\\Pipeline->Illuminate\\Pipeline\\{closure}()
#44 C:\\xampp\\htdocs\\laravel-php3\\example-app\\vendor\\laravel\\framework\\src\\Illuminate\\Pipeline\\Pipeline.php(209): Illuminate\\Http\\Middleware\\TrustProxies->handle()
#45 C:\\xampp\\htdocs\\laravel-php3\\example-app\\vendor\\laravel\\framework\\src\\Illuminate\\Foundation\\Http\\Middleware\\InvokeDeferredCallbacks.php(22): Illuminate\\Pipeline\\Pipeline->Illuminate\\Pipeline\\{closure}()
#46 C:\\xampp\\htdocs\\laravel-php3\\example-app\\vendor\\laravel\\framework\\src\\Illuminate\\Pipeline\\Pipeline.php(209): Illuminate\\Foundation\\Http\\Middleware\\InvokeDeferredCallbacks->handle()
#47 C:\\xampp\\htdocs\\laravel-php3\\example-app\\vendor\\laravel\\framework\\src\\Illuminate\\Http\\Middleware\\ValidatePathEncoding.php(26): Illuminate\\Pipeline\\Pipeline->Illuminate\\Pipeline\\{closure}()
#48 C:\\xampp\\htdocs\\laravel-php3\\example-app\\vendor\\laravel\\framework\\src\\Illuminate\\Pipeline\\Pipeline.php(209): Illuminate\\Http\\Middleware\\ValidatePathEncoding->handle()
#49 C:\\xampp\\htdocs\\laravel-php3\\example-app\\vendor\\laravel\\framework\\src\\Illuminate\\Pipeline\\Pipeline.php(127): Illuminate\\Pipeline\\Pipeline->Illuminate\\Pipeline\\{closure}()
#50 C:\\xampp\\htdocs\\laravel-php3\\example-app\\vendor\\laravel\\framework\\src\\Illuminate\\Foundation\\Http\\Kernel.php(176): Illuminate\\Pipeline\\Pipeline->then()
#51 C:\\xampp\\htdocs\\laravel-php3\\example-app\\vendor\\laravel\\framework\\src\\Illuminate\\Foundation\\Http\\Kernel.php(145): Illuminate\\Foundation\\Http\\Kernel->sendRequestThroughRouter()
#52 C:\\xampp\\htdocs\\laravel-php3\\example-app\\vendor\\laravel\\framework\\src\\Illuminate\\Foundation\\Application.php(1220): Illuminate\\Foundation\\Http\\Kernel->handle()
#53 C:\\xampp\\htdocs\\laravel-php3\\example-app\\public\\index.php(20): Illuminate\\Foundation\\Application->handleRequest()
#54 C:\\xampp\\htdocs\\laravel-php3\\example-app\\vendor\\laravel\\framework\\src\\Illuminate\\Foundation\\resources\\server.php(23): require_once('...')
#55 {main}

[previous exception] [object] (PDOException(code: 2002): SQLSTATE[HY000] [2002] No connection could be made because the target machine actively refused it at C:\\xampp\\htdocs\\laravel-php3\\example-app\\vendor\\laravel\\framework\\src\\Illuminate\\Database\\Connectors\\Connector.php:66)
[stacktrace]
#0 C:\\xampp\\htdocs\\laravel-php3\\example-app\\vendor\\laravel\\framework\\src\\Illuminate\\Database\\Connectors\\Connector.php(66): PDO->__construct()
#1 C:\\xampp\\htdocs\\laravel-php3\\example-app\\vendor\\laravel\\framework\\src\\Illuminate\\Database\\Connectors\\Connector.php(85): Illuminate\\Database\\Connectors\\Connector->createPdoConnection()
#2 C:\\xampp\\htdocs\\laravel-php3\\example-app\\vendor\\laravel\\framework\\src\\Illuminate\\Database\\Connectors\\Connector.php(48): Illuminate\\Database\\Connectors\\Connector->tryAgainIfCausedByLostConnection()
#3 C:\\xampp\\htdocs\\laravel-php3\\example-app\\vendor\\laravel\\framework\\src\\Illuminate\\Database\\Connectors\\MySqlConnector.php(24): Illuminate\\Database\\Connectors\\Connector->createConnection()
#4 C:\\xampp\\htdocs\\laravel-php3\\example-app\\vendor\\laravel\\framework\\src\\Illuminate\\Database\\Connectors\\ConnectionFactory.php(185): Illuminate\\Database\\Connectors\\MySqlConnector->connect()
#5 [internal function]: Illuminate\\Database\\Connectors\\ConnectionFactory->Illuminate\\Database\\Connectors\\{closure}()
#6 C:\\xampp\\htdocs\\laravel-php3\\example-app\\vendor\\laravel\\framework\\src\\Illuminate\\Database\\Connection.php(1229): call_user_func()
#7 C:\\xampp\\htdocs\\laravel-php3\\example-app\\vendor\\laravel\\framework\\src\\Illuminate\\Database\\Connection.php(510): Illuminate\\Database\\Connection->getPdo()
#8 C:\\xampp\\htdocs\\laravel-php3\\example-app\\vendor\\laravel\\framework\\src\\Illuminate\\Database\\Connection.php(405): Illuminate\\Database\\Connection->getPdoForSelect()
#9 C:\\xampp\\htdocs\\laravel-php3\\example-app\\vendor\\laravel\\framework\\src\\Illuminate\\Database\\Connection.php(810): Illuminate\\Database\\Connection->Illuminate\\Database\\{closure}()
#10 C:\\xampp\\htdocs\\laravel-php3\\example-app\\vendor\\laravel\\framework\\src\\Illuminate\\Database\\Connection.php(977): Illuminate\\Database\\Connection->runQueryCallback()
#11 C:\\xampp\\htdocs\\laravel-php3\\example-app\\vendor\\laravel\\framework\\src\\Illuminate\\Database\\Connection.php(956): Illuminate\\Database\\Connection->tryAgainIfCausedByLostConnection()
#12 C:\\xampp\\htdocs\\laravel-php3\\example-app\\vendor\\laravel\\framework\\src\\Illuminate\\Database\\Connection.php(779): Illuminate\\Database\\Connection->handleQueryException()
#13 C:\\xampp\\htdocs\\laravel-php3\\example-app\\vendor\\laravel\\framework\\src\\Illuminate\\Database\\Connection.php(396): Illuminate\\Database\\Connection->run()
#14 C:\\xampp\\htdocs\\laravel-php3\\example-app\\vendor\\laravel\\framework\\src\\Illuminate\\Database\\Query\\Builder.php(3106): Illuminate\\Database\\Connection->select()
#15 C:\\xampp\\htdocs\\laravel-php3\\example-app\\vendor\\laravel\\framework\\src\\Illuminate\\Database\\Query\\Builder.php(3091): Illuminate\\Database\\Query\\Builder->runSelect()
#16 C:\\xampp\\htdocs\\laravel-php3\\example-app\\vendor\\laravel\\framework\\src\\Illuminate\\Database\\Query\\Builder.php(3676): Illuminate\\Database\\Query\\Builder->Illuminate\\Database\\Query\\{closure}()
#17 C:\\xampp\\htdocs\\laravel-php3\\example-app\\vendor\\laravel\\framework\\src\\Illuminate\\Database\\Query\\Builder.php(3090): Illuminate\\Database\\Query\\Builder->onceWithColumns()
#18 C:\\xampp\\htdocs\\laravel-php3\\example-app\\vendor\\laravel\\framework\\src\\Illuminate\\Database\\Concerns\\BuildsQueries.php(366): Illuminate\\Database\\Query\\Builder->get()
#19 C:\\xampp\\htdocs\\laravel-php3\\example-app\\vendor\\laravel\\framework\\src\\Illuminate\\Database\\Query\\Builder.php(3013): Illuminate\\Database\\Query\\Builder->first()
#20 C:\\xampp\\htdocs\\laravel-php3\\example-app\\vendor\\laravel\\framework\\src\\Illuminate\\Session\\DatabaseSessionHandler.php(97): Illuminate\\Database\\Query\\Builder->find()
#21 C:\\xampp\\htdocs\\laravel-php3\\example-app\\vendor\\laravel\\framework\\src\\Illuminate\\Session\\Store.php(117): Illuminate\\Session\\DatabaseSessionHandler->read()
#22 C:\\xampp\\htdocs\\laravel-php3\\example-app\\vendor\\laravel\\framework\\src\\Illuminate\\Session\\Store.php(105): Illuminate\\Session\\Store->readFromHandler()
#23 C:\\xampp\\htdocs\\laravel-php3\\example-app\\vendor\\laravel\\framework\\src\\Illuminate\\Session\\Store.php(89): Illuminate\\Session\\Store->loadSession()
#24 C:\\xampp\\htdocs\\laravel-php3\\example-app\\vendor\\laravel\\framework\\src\\Illuminate\\Session\\Middleware\\StartSession.php(147): Illuminate\\Session\\Store->start()
#25 C:\\xampp\\htdocs\\laravel-php3\\example-app\\vendor\\laravel\\framework\\src\\Illuminate\\Support\\helpers.php(399): Illuminate\\Session\\Middleware\\StartSession->Illuminate\\Session\\Middleware\\{closure}()
#26 C:\\xampp\\htdocs\\laravel-php3\\example-app\\vendor\\laravel\\framework\\src\\Illuminate\\Session\\Middleware\\StartSession.php(144): tap()
#27 C:\\xampp\\htdocs\\laravel-php3\\example-app\\vendor\\laravel\\framework\\src\\Illuminate\\Session\\Middleware\\StartSession.php(116): Illuminate\\Session\\Middleware\\StartSession->startSession()
#28 C:\\xampp\\htdocs\\laravel-php3\\example-app\\vendor\\laravel\\framework\\src\\Illuminate\\Session\\Middleware\\StartSession.php(64): Illuminate\\Session\\Middleware\\StartSession->handleStatefulRequest()
#29 C:\\xampp\\htdocs\\laravel-php3\\example-app\\vendor\\laravel\\framework\\src\\Illuminate\\Pipeline\\Pipeline.php(209): Illuminate\\Session\\Middleware\\StartSession->handle()
#30 C:\\xampp\\htdocs\\laravel-php3\\example-app\\vendor\\laravel\\framework\\src\\Illuminate\\Cookie\\Middleware\\AddQueuedCookiesToResponse.php(37): Illuminate\\Pipeline\\Pipeline->Illuminate\\Pipeline\\{closure}()
#31 C:\\xampp\\htdocs\\laravel-php3\\example-app\\vendor\\laravel\\framework\\src\\Illuminate\\Pipeline\\Pipeline.php(209): Illuminate\\Cookie\\Middleware\\AddQueuedCookiesToResponse->handle()
#32 C:\\xampp\\htdocs\\laravel-php3\\example-app\\vendor\\laravel\\framework\\src\\Illuminate\\Cookie\\Middleware\\EncryptCookies.php(75): Illuminate\\Pipeline\\Pipeline->Illuminate\\Pipeline\\{closure}()
#33 C:\\xampp\\htdocs\\laravel-php3\\example-app\\vendor\\laravel\\framework\\src\\Illuminate\\Pipeline\\Pipeline.php(209): Illuminate\\Cookie\\Middleware\\EncryptCookies->handle()
#34 C:\\xampp\\htdocs\\laravel-php3\\example-app\\vendor\\laravel\\framework\\src\\Illuminate\\Pipeline\\Pipeline.php(127): Illuminate\\Pipeline\\Pipeline->Illuminate\\Pipeline\\{closure}()
#35 C:\\xampp\\htdocs\\laravel-php3\\example-app\\vendor\\laravel\\framework\\src\\Illuminate\\Routing\\Router.php(807): Illuminate\\Pipeline\\Pipeline->then()
#36 C:\\xampp\\htdocs\\laravel-php3\\example-app\\vendor\\laravel\\framework\\src\\Illuminate\\Routing\\Router.php(786): Illuminate\\Routing\\Router->runRouteWithinStack()
#37 C:\\xampp\\htdocs\\laravel-php3\\example-app\\vendor\\laravel\\framework\\src\\Illuminate\\Routing\\Router.php(750): Illuminate\\Routing\\Router->runRoute()
#38 C:\\xampp\\htdocs\\laravel-php3\\example-app\\vendor\\laravel\\framework\\src\\Illuminate\\Routing\\Router.php(739): Illuminate\\Routing\\Router->dispatchToRoute()
#39 C:\\xampp\\htdocs\\laravel-php3\\example-app\\vendor\\laravel\\framework\\src\\Illuminate\\Foundation\\Http\\Kernel.php(201): Illuminate\\Routing\\Router->dispatch()
#40 C:\\xampp\\htdocs\\laravel-php3\\example-app\\vendor\\laravel\\framework\\src\\Illuminate\\Pipeline\\Pipeline.php(170): Illuminate\\Foundation\\Http\\Kernel->Illuminate\\Foundation\\Http\\{closure}()
#41 C:\\xampp\\htdocs\\laravel-php3\\example-app\\vendor\\laravel\\framework\\src\\Illuminate\\Foundation\\Http\\Middleware\\TransformsRequest.php(21): Illuminate\\Pipeline\\Pipeline->Illuminate\\Pipeline\\{closure}()
#42 C:\\xampp\\htdocs\\laravel-php3\\example-app\\vendor\\laravel\\framework\\src\\Illuminate\\Foundation\\Http\\Middleware\\ConvertEmptyStringsToNull.php(31): Illuminate\\Foundation\\Http\\Middleware\\TransformsRequest->handle()
#43 C:\\xampp\\htdocs\\laravel-php3\\example-app\\vendor\\laravel\\framework\\src\\Illuminate\\Pipeline\\Pipeline.php(209): Illuminate\\Foundation\\Http\\Middleware\\ConvertEmptyStringsToNull->handle()
#44 C:\\xampp\\htdocs\\laravel-php3\\example-app\\vendor\\laravel\\framework\\src\\Illuminate\\Foundation\\Http\\Middleware\\TransformsRequest.php(21): Illuminate\\Pipeline\\Pipeline->Illuminate\\Pipeline\\{closure}()
#45 C:\\xampp\\htdocs\\laravel-php3\\example-app\\vendor\\laravel\\framework\\src\\Illuminate\\Foundation\\Http\\Middleware\\TrimStrings.php(51): Illuminate\\Foundation\\Http\\Middleware\\TransformsRequest->handle()
#46 C:\\xampp\\htdocs\\laravel-php3\\example-app\\vendor\\laravel\\framework\\src\\Illuminate\\Pipeline\\Pipeline.php(209): Illuminate\\Foundation\\Http\\Middleware\\TrimStrings->handle()
#47 C:\\xampp\\htdocs\\laravel-php3\\example-app\\vendor\\laravel\\framework\\src\\Illuminate\\Http\\Middleware\\ValidatePostSize.php(27): Illuminate\\Pipeline\\Pipeline->Illuminate\\Pipeline\\{closure}()
#48 C:\\xampp\\htdocs\\laravel-php3\\example-app\\vendor\\laravel\\framework\\src\\Illuminate\\Pipeline\\Pipeline.php(209): Illuminate\\Http\\Middleware\\ValidatePostSize->handle()
#49 C:\\xampp\\htdocs\\laravel-php3\\example-app\\vendor\\laravel\\framework\\src\\Illuminate\\Foundation\\Http\\Middleware\\PreventRequestsDuringMaintenance.php(110): Illuminate\\Pipeline\\Pipeline->Illuminate\\Pipeline\\{closure}()
#50 C:\\xampp\\htdocs\\laravel-php3\\example-app\\vendor\\laravel\\framework\\src\\Illuminate\\Pipeline\\Pipeline.php(209): Illuminate\\Foundation\\Http\\Middleware\\PreventRequestsDuringMaintenance->handle()
#51 C:\\xampp\\htdocs\\laravel-php3\\example-app\\vendor\\laravel\\framework\\src\\Illuminate\\Http\\Middleware\\HandleCors.php(49): Illuminate\\Pipeline\\Pipeline->Illuminate\\Pipeline\\{closure}()
#52 C:\\xampp\\htdocs\\laravel-php3\\example-app\\vendor\\laravel\\framework\\src\\Illuminate\\Pipeline\\Pipeline.php(209): Illuminate\\Http\\Middleware\\HandleCors->handle()
#53 C:\\xampp\\htdocs\\laravel-php3\\example-app\\vendor\\laravel\\framework\\src\\Illuminate\\Http\\Middleware\\TrustProxies.php(58): Illuminate\\Pipeline\\Pipeline->Illuminate\\Pipeline\\{closure}()
#54 C:\\xampp\\htdocs\\laravel-php3\\example-app\\vendor\\laravel\\framework\\src\\Illuminate\\Pipeline\\Pipeline.php(209): Illuminate\\Http\\Middleware\\TrustProxies->handle()
#55 C:\\xampp\\htdocs\\laravel-php3\\example-app\\vendor\\laravel\\framework\\src\\Illuminate\\Foundation\\Http\\Middleware\\InvokeDeferredCallbacks.php(22): Illuminate\\Pipeline\\Pipeline->Illuminate\\Pipeline\\{closure}()
#56 C:\\xampp\\htdocs\\laravel-php3\\example-app\\vendor\\laravel\\framework\\src\\Illuminate\\Pipeline\\Pipeline.php(209): Illuminate\\Foundation\\Http\\Middleware\\InvokeDeferredCallbacks->handle()
#57 C:\\xampp\\htdocs\\laravel-php3\\example-app\\vendor\\laravel\\framework\\src\\Illuminate\\Http\\Middleware\\ValidatePathEncoding.php(26): Illuminate\\Pipeline\\Pipeline->Illuminate\\Pipeline\\{closure}()
#58 C:\\xampp\\htdocs\\laravel-php3\\example-app\\vendor\\laravel\\framework\\src\\Illuminate\\Pipeline\\Pipeline.php(209): Illuminate\\Http\\Middleware\\ValidatePathEncoding->handle()
#59 C:\\xampp\\htdocs\\laravel-php3\\example-app\\vendor\\laravel\\framework\\src\\Illuminate\\Pipeline\\Pipeline.php(127): Illuminate\\Pipeline\\Pipeline->Illuminate\\Pipeline\\{closure}()
#60 C:\\xampp\\htdocs\\laravel-php3\\example-app\\vendor\\laravel\\framework\\src\\Illuminate\\Foundation\\Http\\Kernel.php(176): Illuminate\\Pipeline\\Pipeline->then()
#61 C:\\xampp\\htdocs\\laravel-php3\\example-app\\vendor\\laravel\\framework\\src\\Illuminate\\Foundation\\Http\\Kernel.php(145): Illuminate\\Foundation\\Http\\Kernel->sendRequestThroughRouter()
#62 C:\\xampp\\htdocs\\laravel-php3\\example-app\\vendor\\laravel\\framework\\src\\Illuminate\\Foundation\\Application.php(1220): Illuminate\\Foundation\\Http\\Kernel->handle()
#63 C:\\xampp\\htdocs\\laravel-php3\\example-app\\public\\index.php(20): Illuminate\\Foundation\\Application->handleRequest()
#64 C:\\xampp\\htdocs\\laravel-php3\\example-app\\vendor\\laravel\\framework\\src\\Illuminate\\Foundation\\resources\\server.php(23): require_once('...')
#65 {main}
"} 
[2025-04-10 04:15:22] local.ERROR: SQLSTATE[HY000] [2002] No connection could be made because the target machine actively refused it (Connection: mysql, SQL: select * from `sessions` where `id` = Ujk8Q3kcsdUAskN5wEnZRf9pEfljD3sIXseG0a2c limit 1) {"exception":"[object] (Illuminate\\Database\\QueryException(code: 2002): SQLSTATE[HY000] [2002] No connection could be made because the target machine actively refused it (Connection: mysql, SQL: select * from `sessions` where `id` = Ujk8Q3kcsdUAskN5wEnZRf9pEfljD3sIXseG0a2c limit 1) at C:\\xampp\\htdocs\\laravel-php3\\example-app\\vendor\\laravel\\framework\\src\\Illuminate\\Database\\Connection.php:823)
[stacktrace]
#0 C:\\xampp\\htdocs\\laravel-php3\\example-app\\vendor\\laravel\\framework\\src\\Illuminate\\Database\\Connection.php(977): Illuminate\\Database\\Connection->runQueryCallback()
#1 C:\\xampp\\htdocs\\laravel-php3\\example-app\\vendor\\laravel\\framework\\src\\Illuminate\\Database\\Connection.php(956): Illuminate\\Database\\Connection->tryAgainIfCausedByLostConnection()
#2 C:\\xampp\\htdocs\\laravel-php3\\example-app\\vendor\\laravel\\framework\\src\\Illuminate\\Database\\Connection.php(779): Illuminate\\Database\\Connection->handleQueryException()
#3 C:\\xampp\\htdocs\\laravel-php3\\example-app\\vendor\\laravel\\framework\\src\\Illuminate\\Database\\Connection.php(396): Illuminate\\Database\\Connection->run()
#4 C:\\xampp\\htdocs\\laravel-php3\\example-app\\vendor\\laravel\\framework\\src\\Illuminate\\Database\\Query\\Builder.php(3106): Illuminate\\Database\\Connection->select()
#5 C:\\xampp\\htdocs\\laravel-php3\\example-app\\vendor\\laravel\\framework\\src\\Illuminate\\Database\\Query\\Builder.php(3091): Illuminate\\Database\\Query\\Builder->runSelect()
#6 C:\\xampp\\htdocs\\laravel-php3\\example-app\\vendor\\laravel\\framework\\src\\Illuminate\\Database\\Query\\Builder.php(3676): Illuminate\\Database\\Query\\Builder->Illuminate\\Database\\Query\\{closure}()
#7 C:\\xampp\\htdocs\\laravel-php3\\example-app\\vendor\\laravel\\framework\\src\\Illuminate\\Database\\Query\\Builder.php(3090): Illuminate\\Database\\Query\\Builder->onceWithColumns()
#8 C:\\xampp\\htdocs\\laravel-php3\\example-app\\vendor\\laravel\\framework\\src\\Illuminate\\Database\\Concerns\\BuildsQueries.php(366): Illuminate\\Database\\Query\\Builder->get()
#9 C:\\xampp\\htdocs\\laravel-php3\\example-app\\vendor\\laravel\\framework\\src\\Illuminate\\Database\\Query\\Builder.php(3013): Illuminate\\Database\\Query\\Builder->first()
#10 C:\\xampp\\htdocs\\laravel-php3\\example-app\\vendor\\laravel\\framework\\src\\Illuminate\\Session\\DatabaseSessionHandler.php(97): Illuminate\\Database\\Query\\Builder->find()
#11 C:\\xampp\\htdocs\\laravel-php3\\example-app\\vendor\\laravel\\framework\\src\\Illuminate\\Session\\Store.php(117): Illuminate\\Session\\DatabaseSessionHandler->read()
#12 C:\\xampp\\htdocs\\laravel-php3\\example-app\\vendor\\laravel\\framework\\src\\Illuminate\\Session\\Store.php(105): Illuminate\\Session\\Store->readFromHandler()
#13 C:\\xampp\\htdocs\\laravel-php3\\example-app\\vendor\\laravel\\framework\\src\\Illuminate\\Session\\Store.php(89): Illuminate\\Session\\Store->loadSession()
#14 C:\\xampp\\htdocs\\laravel-php3\\example-app\\vendor\\laravel\\framework\\src\\Illuminate\\Session\\Middleware\\StartSession.php(147): Illuminate\\Session\\Store->start()
#15 C:\\xampp\\htdocs\\laravel-php3\\example-app\\vendor\\laravel\\framework\\src\\Illuminate\\Support\\helpers.php(399): Illuminate\\Session\\Middleware\\StartSession->Illuminate\\Session\\Middleware\\{closure}()
#16 C:\\xampp\\htdocs\\laravel-php3\\example-app\\vendor\\laravel\\framework\\src\\Illuminate\\Session\\Middleware\\StartSession.php(144): tap()
#17 C:\\xampp\\htdocs\\laravel-php3\\example-app\\vendor\\laravel\\framework\\src\\Illuminate\\Session\\Middleware\\StartSession.php(116): Illuminate\\Session\\Middleware\\StartSession->startSession()
#18 C:\\xampp\\htdocs\\laravel-php3\\example-app\\vendor\\laravel\\framework\\src\\Illuminate\\Session\\Middleware\\StartSession.php(64): Illuminate\\Session\\Middleware\\StartSession->handleStatefulRequest()
#19 C:\\xampp\\htdocs\\laravel-php3\\example-app\\vendor\\laravel\\framework\\src\\Illuminate\\Pipeline\\Pipeline.php(209): Illuminate\\Session\\Middleware\\StartSession->handle()
#20 C:\\xampp\\htdocs\\laravel-php3\\example-app\\vendor\\laravel\\framework\\src\\Illuminate\\Cookie\\Middleware\\AddQueuedCookiesToResponse.php(37): Illuminate\\Pipeline\\Pipeline->Illuminate\\Pipeline\\{closure}()
#21 C:\\xampp\\htdocs\\laravel-php3\\example-app\\vendor\\laravel\\framework\\src\\Illuminate\\Pipeline\\Pipeline.php(209): Illuminate\\Cookie\\Middleware\\AddQueuedCookiesToResponse->handle()
#22 C:\\xampp\\htdocs\\laravel-php3\\example-app\\vendor\\laravel\\framework\\src\\Illuminate\\Cookie\\Middleware\\EncryptCookies.php(75): Illuminate\\Pipeline\\Pipeline->Illuminate\\Pipeline\\{closure}()
#23 C:\\xampp\\htdocs\\laravel-php3\\example-app\\vendor\\laravel\\framework\\src\\Illuminate\\Pipeline\\Pipeline.php(209): Illuminate\\Cookie\\Middleware\\EncryptCookies->handle()
#24 C:\\xampp\\htdocs\\laravel-php3\\example-app\\vendor\\laravel\\framework\\src\\Illuminate\\Pipeline\\Pipeline.php(127): Illuminate\\Pipeline\\Pipeline->Illuminate\\Pipeline\\{closure}()
#25 C:\\xampp\\htdocs\\laravel-php3\\example-app\\vendor\\laravel\\framework\\src\\Illuminate\\Routing\\Router.php(807): Illuminate\\Pipeline\\Pipeline->then()
#26 C:\\xampp\\htdocs\\laravel-php3\\example-app\\vendor\\laravel\\framework\\src\\Illuminate\\Routing\\Router.php(786): Illuminate\\Routing\\Router->runRouteWithinStack()
#27 C:\\xampp\\htdocs\\laravel-php3\\example-app\\vendor\\laravel\\framework\\src\\Illuminate\\Routing\\Router.php(750): Illuminate\\Routing\\Router->runRoute()
#28 C:\\xampp\\htdocs\\laravel-php3\\example-app\\vendor\\laravel\\framework\\src\\Illuminate\\Routing\\Router.php(739): Illuminate\\Routing\\Router->dispatchToRoute()
#29 C:\\xampp\\htdocs\\laravel-php3\\example-app\\vendor\\laravel\\framework\\src\\Illuminate\\Foundation\\Http\\Kernel.php(201): Illuminate\\Routing\\Router->dispatch()
#30 C:\\xampp\\htdocs\\laravel-php3\\example-app\\vendor\\laravel\\framework\\src\\Illuminate\\Pipeline\\Pipeline.php(170): Illuminate\\Foundation\\Http\\Kernel->Illuminate\\Foundation\\Http\\{closure}()
#31 C:\\xampp\\htdocs\\laravel-php3\\example-app\\vendor\\laravel\\framework\\src\\Illuminate\\Foundation\\Http\\Middleware\\TransformsRequest.php(21): Illuminate\\Pipeline\\Pipeline->Illuminate\\Pipeline\\{closure}()
#32 C:\\xampp\\htdocs\\laravel-php3\\example-app\\vendor\\laravel\\framework\\src\\Illuminate\\Foundation\\Http\\Middleware\\ConvertEmptyStringsToNull.php(31): Illuminate\\Foundation\\Http\\Middleware\\TransformsRequest->handle()
#33 C:\\xampp\\htdocs\\laravel-php3\\example-app\\vendor\\laravel\\framework\\src\\Illuminate\\Pipeline\\Pipeline.php(209): Illuminate\\Foundation\\Http\\Middleware\\ConvertEmptyStringsToNull->handle()
#34 C:\\xampp\\htdocs\\laravel-php3\\example-app\\vendor\\laravel\\framework\\src\\Illuminate\\Foundation\\Http\\Middleware\\TransformsRequest.php(21): Illuminate\\Pipeline\\Pipeline->Illuminate\\Pipeline\\{closure}()
#35 C:\\xampp\\htdocs\\laravel-php3\\example-app\\vendor\\laravel\\framework\\src\\Illuminate\\Foundation\\Http\\Middleware\\TrimStrings.php(51): Illuminate\\Foundation\\Http\\Middleware\\TransformsRequest->handle()
#36 C:\\xampp\\htdocs\\laravel-php3\\example-app\\vendor\\laravel\\framework\\src\\Illuminate\\Pipeline\\Pipeline.php(209): Illuminate\\Foundation\\Http\\Middleware\\TrimStrings->handle()
#37 C:\\xampp\\htdocs\\laravel-php3\\example-app\\vendor\\laravel\\framework\\src\\Illuminate\\Http\\Middleware\\ValidatePostSize.php(27): Illuminate\\Pipeline\\Pipeline->Illuminate\\Pipeline\\{closure}()
#38 C:\\xampp\\htdocs\\laravel-php3\\example-app\\vendor\\laravel\\framework\\src\\Illuminate\\Pipeline\\Pipeline.php(209): Illuminate\\Http\\Middleware\\ValidatePostSize->handle()
#39 C:\\xampp\\htdocs\\laravel-php3\\example-app\\vendor\\laravel\\framework\\src\\Illuminate\\Foundation\\Http\\Middleware\\PreventRequestsDuringMaintenance.php(110): Illuminate\\Pipeline\\Pipeline->Illuminate\\Pipeline\\{closure}()
#40 C:\\xampp\\htdocs\\laravel-php3\\example-app\\vendor\\laravel\\framework\\src\\Illuminate\\Pipeline\\Pipeline.php(209): Illuminate\\Foundation\\Http\\Middleware\\PreventRequestsDuringMaintenance->handle()
#41 C:\\xampp\\htdocs\\laravel-php3\\example-app\\vendor\\laravel\\framework\\src\\Illuminate\\Http\\Middleware\\HandleCors.php(49): Illuminate\\Pipeline\\Pipeline->Illuminate\\Pipeline\\{closure}()
#42 C:\\xampp\\htdocs\\laravel-php3\\example-app\\vendor\\laravel\\framework\\src\\Illuminate\\Pipeline\\Pipeline.php(209): Illuminate\\Http\\Middleware\\HandleCors->handle()
#43 C:\\xampp\\htdocs\\laravel-php3\\example-app\\vendor\\laravel\\framework\\src\\Illuminate\\Http\\Middleware\\TrustProxies.php(58): Illuminate\\Pipeline\\Pipeline->Illuminate\\Pipeline\\{closure}()
#44 C:\\xampp\\htdocs\\laravel-php3\\example-app\\vendor\\laravel\\framework\\src\\Illuminate\\Pipeline\\Pipeline.php(209): Illuminate\\Http\\Middleware\\TrustProxies->handle()
#45 C:\\xampp\\htdocs\\laravel-php3\\example-app\\vendor\\laravel\\framework\\src\\Illuminate\\Foundation\\Http\\Middleware\\InvokeDeferredCallbacks.php(22): Illuminate\\Pipeline\\Pipeline->Illuminate\\Pipeline\\{closure}()
#46 C:\\xampp\\htdocs\\laravel-php3\\example-app\\vendor\\laravel\\framework\\src\\Illuminate\\Pipeline\\Pipeline.php(209): Illuminate\\Foundation\\Http\\Middleware\\InvokeDeferredCallbacks->handle()
#47 C:\\xampp\\htdocs\\laravel-php3\\example-app\\vendor\\laravel\\framework\\src\\Illuminate\\Http\\Middleware\\ValidatePathEncoding.php(26): Illuminate\\Pipeline\\Pipeline->Illuminate\\Pipeline\\{closure}()
#48 C:\\xampp\\htdocs\\laravel-php3\\example-app\\vendor\\laravel\\framework\\src\\Illuminate\\Pipeline\\Pipeline.php(209): Illuminate\\Http\\Middleware\\ValidatePathEncoding->handle()
#49 C:\\xampp\\htdocs\\laravel-php3\\example-app\\vendor\\laravel\\framework\\src\\Illuminate\\Pipeline\\Pipeline.php(127): Illuminate\\Pipeline\\Pipeline->Illuminate\\Pipeline\\{closure}()
#50 C:\\xampp\\htdocs\\laravel-php3\\example-app\\vendor\\laravel\\framework\\src\\Illuminate\\Foundation\\Http\\Kernel.php(176): Illuminate\\Pipeline\\Pipeline->then()
#51 C:\\xampp\\htdocs\\laravel-php3\\example-app\\vendor\\laravel\\framework\\src\\Illuminate\\Foundation\\Http\\Kernel.php(145): Illuminate\\Foundation\\Http\\Kernel->sendRequestThroughRouter()
#52 C:\\xampp\\htdocs\\laravel-php3\\example-app\\vendor\\laravel\\framework\\src\\Illuminate\\Foundation\\Application.php(1220): Illuminate\\Foundation\\Http\\Kernel->handle()
#53 C:\\xampp\\htdocs\\laravel-php3\\example-app\\public\\index.php(20): Illuminate\\Foundation\\Application->handleRequest()
#54 C:\\xampp\\htdocs\\laravel-php3\\example-app\\vendor\\laravel\\framework\\src\\Illuminate\\Foundation\\resources\\server.php(23): require_once('...')
#55 {main}

[previous exception] [object] (PDOException(code: 2002): SQLSTATE[HY000] [2002] No connection could be made because the target machine actively refused it at C:\\xampp\\htdocs\\laravel-php3\\example-app\\vendor\\laravel\\framework\\src\\Illuminate\\Database\\Connectors\\Connector.php:66)
[stacktrace]
#0 C:\\xampp\\htdocs\\laravel-php3\\example-app\\vendor\\laravel\\framework\\src\\Illuminate\\Database\\Connectors\\Connector.php(66): PDO->__construct()
#1 C:\\xampp\\htdocs\\laravel-php3\\example-app\\vendor\\laravel\\framework\\src\\Illuminate\\Database\\Connectors\\Connector.php(85): Illuminate\\Database\\Connectors\\Connector->createPdoConnection()
#2 C:\\xampp\\htdocs\\laravel-php3\\example-app\\vendor\\laravel\\framework\\src\\Illuminate\\Database\\Connectors\\Connector.php(48): Illuminate\\Database\\Connectors\\Connector->tryAgainIfCausedByLostConnection()
#3 C:\\xampp\\htdocs\\laravel-php3\\example-app\\vendor\\laravel\\framework\\src\\Illuminate\\Database\\Connectors\\MySqlConnector.php(24): Illuminate\\Database\\Connectors\\Connector->createConnection()
#4 C:\\xampp\\htdocs\\laravel-php3\\example-app\\vendor\\laravel\\framework\\src\\Illuminate\\Database\\Connectors\\ConnectionFactory.php(185): Illuminate\\Database\\Connectors\\MySqlConnector->connect()
#5 [internal function]: Illuminate\\Database\\Connectors\\ConnectionFactory->Illuminate\\Database\\Connectors\\{closure}()
#6 C:\\xampp\\htdocs\\laravel-php3\\example-app\\vendor\\laravel\\framework\\src\\Illuminate\\Database\\Connection.php(1229): call_user_func()
#7 C:\\xampp\\htdocs\\laravel-php3\\example-app\\vendor\\laravel\\framework\\src\\Illuminate\\Database\\Connection.php(510): Illuminate\\Database\\Connection->getPdo()
#8 C:\\xampp\\htdocs\\laravel-php3\\example-app\\vendor\\laravel\\framework\\src\\Illuminate\\Database\\Connection.php(405): Illuminate\\Database\\Connection->getPdoForSelect()
#9 C:\\xampp\\htdocs\\laravel-php3\\example-app\\vendor\\laravel\\framework\\src\\Illuminate\\Database\\Connection.php(810): Illuminate\\Database\\Connection->Illuminate\\Database\\{closure}()
#10 C:\\xampp\\htdocs\\laravel-php3\\example-app\\vendor\\laravel\\framework\\src\\Illuminate\\Database\\Connection.php(977): Illuminate\\Database\\Connection->runQueryCallback()
#11 C:\\xampp\\htdocs\\laravel-php3\\example-app\\vendor\\laravel\\framework\\src\\Illuminate\\Database\\Connection.php(956): Illuminate\\Database\\Connection->tryAgainIfCausedByLostConnection()
#12 C:\\xampp\\htdocs\\laravel-php3\\example-app\\vendor\\laravel\\framework\\src\\Illuminate\\Database\\Connection.php(779): Illuminate\\Database\\Connection->handleQueryException()
#13 C:\\xampp\\htdocs\\laravel-php3\\example-app\\vendor\\laravel\\framework\\src\\Illuminate\\Database\\Connection.php(396): Illuminate\\Database\\Connection->run()
#14 C:\\xampp\\htdocs\\laravel-php3\\example-app\\vendor\\laravel\\framework\\src\\Illuminate\\Database\\Query\\Builder.php(3106): Illuminate\\Database\\Connection->select()
#15 C:\\xampp\\htdocs\\laravel-php3\\example-app\\vendor\\laravel\\framework\\src\\Illuminate\\Database\\Query\\Builder.php(3091): Illuminate\\Database\\Query\\Builder->runSelect()
#16 C:\\xampp\\htdocs\\laravel-php3\\example-app\\vendor\\laravel\\framework\\src\\Illuminate\\Database\\Query\\Builder.php(3676): Illuminate\\Database\\Query\\Builder->Illuminate\\Database\\Query\\{closure}()
#17 C:\\xampp\\htdocs\\laravel-php3\\example-app\\vendor\\laravel\\framework\\src\\Illuminate\\Database\\Query\\Builder.php(3090): Illuminate\\Database\\Query\\Builder->onceWithColumns()
#18 C:\\xampp\\htdocs\\laravel-php3\\example-app\\vendor\\laravel\\framework\\src\\Illuminate\\Database\\Concerns\\BuildsQueries.php(366): Illuminate\\Database\\Query\\Builder->get()
#19 C:\\xampp\\htdocs\\laravel-php3\\example-app\\vendor\\laravel\\framework\\src\\Illuminate\\Database\\Query\\Builder.php(3013): Illuminate\\Database\\Query\\Builder->first()
#20 C:\\xampp\\htdocs\\laravel-php3\\example-app\\vendor\\laravel\\framework\\src\\Illuminate\\Session\\DatabaseSessionHandler.php(97): Illuminate\\Database\\Query\\Builder->find()
#21 C:\\xampp\\htdocs\\laravel-php3\\example-app\\vendor\\laravel\\framework\\src\\Illuminate\\Session\\Store.php(117): Illuminate\\Session\\DatabaseSessionHandler->read()
#22 C:\\xampp\\htdocs\\laravel-php3\\example-app\\vendor\\laravel\\framework\\src\\Illuminate\\Session\\Store.php(105): Illuminate\\Session\\Store->readFromHandler()
#23 C:\\xampp\\htdocs\\laravel-php3\\example-app\\vendor\\laravel\\framework\\src\\Illuminate\\Session\\Store.php(89): Illuminate\\Session\\Store->loadSession()
#24 C:\\xampp\\htdocs\\laravel-php3\\example-app\\vendor\\laravel\\framework\\src\\Illuminate\\Session\\Middleware\\StartSession.php(147): Illuminate\\Session\\Store->start()
#25 C:\\xampp\\htdocs\\laravel-php3\\example-app\\vendor\\laravel\\framework\\src\\Illuminate\\Support\\helpers.php(399): Illuminate\\Session\\Middleware\\StartSession->Illuminate\\Session\\Middleware\\{closure}()
#26 C:\\xampp\\htdocs\\laravel-php3\\example-app\\vendor\\laravel\\framework\\src\\Illuminate\\Session\\Middleware\\StartSession.php(144): tap()
#27 C:\\xampp\\htdocs\\laravel-php3\\example-app\\vendor\\laravel\\framework\\src\\Illuminate\\Session\\Middleware\\StartSession.php(116): Illuminate\\Session\\Middleware\\StartSession->startSession()
#28 C:\\xampp\\htdocs\\laravel-php3\\example-app\\vendor\\laravel\\framework\\src\\Illuminate\\Session\\Middleware\\StartSession.php(64): Illuminate\\Session\\Middleware\\StartSession->handleStatefulRequest()
#29 C:\\xampp\\htdocs\\laravel-php3\\example-app\\vendor\\laravel\\framework\\src\\Illuminate\\Pipeline\\Pipeline.php(209): Illuminate\\Session\\Middleware\\StartSession->handle()
#30 C:\\xampp\\htdocs\\laravel-php3\\example-app\\vendor\\laravel\\framework\\src\\Illuminate\\Cookie\\Middleware\\AddQueuedCookiesToResponse.php(37): Illuminate\\Pipeline\\Pipeline->Illuminate\\Pipeline\\{closure}()
#31 C:\\xampp\\htdocs\\laravel-php3\\example-app\\vendor\\laravel\\framework\\src\\Illuminate\\Pipeline\\Pipeline.php(209): Illuminate\\Cookie\\Middleware\\AddQueuedCookiesToResponse->handle()
#32 C:\\xampp\\htdocs\\laravel-php3\\example-app\\vendor\\laravel\\framework\\src\\Illuminate\\Cookie\\Middleware\\EncryptCookies.php(75): Illuminate\\Pipeline\\Pipeline->Illuminate\\Pipeline\\{closure}()
#33 C:\\xampp\\htdocs\\laravel-php3\\example-app\\vendor\\laravel\\framework\\src\\Illuminate\\Pipeline\\Pipeline.php(209): Illuminate\\Cookie\\Middleware\\EncryptCookies->handle()
#34 C:\\xampp\\htdocs\\laravel-php3\\example-app\\vendor\\laravel\\framework\\src\\Illuminate\\Pipeline\\Pipeline.php(127): Illuminate\\Pipeline\\Pipeline->Illuminate\\Pipeline\\{closure}()
#35 C:\\xampp\\htdocs\\laravel-php3\\example-app\\vendor\\laravel\\framework\\src\\Illuminate\\Routing\\Router.php(807): Illuminate\\Pipeline\\Pipeline->then()
#36 C:\\xampp\\htdocs\\laravel-php3\\example-app\\vendor\\laravel\\framework\\src\\Illuminate\\Routing\\Router.php(786): Illuminate\\Routing\\Router->runRouteWithinStack()
#37 C:\\xampp\\htdocs\\laravel-php3\\example-app\\vendor\\laravel\\framework\\src\\Illuminate\\Routing\\Router.php(750): Illuminate\\Routing\\Router->runRoute()
#38 C:\\xampp\\htdocs\\laravel-php3\\example-app\\vendor\\laravel\\framework\\src\\Illuminate\\Routing\\Router.php(739): Illuminate\\Routing\\Router->dispatchToRoute()
#39 C:\\xampp\\htdocs\\laravel-php3\\example-app\\vendor\\laravel\\framework\\src\\Illuminate\\Foundation\\Http\\Kernel.php(201): Illuminate\\Routing\\Router->dispatch()
#40 C:\\xampp\\htdocs\\laravel-php3\\example-app\\vendor\\laravel\\framework\\src\\Illuminate\\Pipeline\\Pipeline.php(170): Illuminate\\Foundation\\Http\\Kernel->Illuminate\\Foundation\\Http\\{closure}()
#41 C:\\xampp\\htdocs\\laravel-php3\\example-app\\vendor\\laravel\\framework\\src\\Illuminate\\Foundation\\Http\\Middleware\\TransformsRequest.php(21): Illuminate\\Pipeline\\Pipeline->Illuminate\\Pipeline\\{closure}()
#42 C:\\xampp\\htdocs\\laravel-php3\\example-app\\vendor\\laravel\\framework\\src\\Illuminate\\Foundation\\Http\\Middleware\\ConvertEmptyStringsToNull.php(31): Illuminate\\Foundation\\Http\\Middleware\\TransformsRequest->handle()
#43 C:\\xampp\\htdocs\\laravel-php3\\example-app\\vendor\\laravel\\framework\\src\\Illuminate\\Pipeline\\Pipeline.php(209): Illuminate\\Foundation\\Http\\Middleware\\ConvertEmptyStringsToNull->handle()
#44 C:\\xampp\\htdocs\\laravel-php3\\example-app\\vendor\\laravel\\framework\\src\\Illuminate\\Foundation\\Http\\Middleware\\TransformsRequest.php(21): Illuminate\\Pipeline\\Pipeline->Illuminate\\Pipeline\\{closure}()
#45 C:\\xampp\\htdocs\\laravel-php3\\example-app\\vendor\\laravel\\framework\\src\\Illuminate\\Foundation\\Http\\Middleware\\TrimStrings.php(51): Illuminate\\Foundation\\Http\\Middleware\\TransformsRequest->handle()
#46 C:\\xampp\\htdocs\\laravel-php3\\example-app\\vendor\\laravel\\framework\\src\\Illuminate\\Pipeline\\Pipeline.php(209): Illuminate\\Foundation\\Http\\Middleware\\TrimStrings->handle()
#47 C:\\xampp\\htdocs\\laravel-php3\\example-app\\vendor\\laravel\\framework\\src\\Illuminate\\Http\\Middleware\\ValidatePostSize.php(27): Illuminate\\Pipeline\\Pipeline->Illuminate\\Pipeline\\{closure}()
#48 C:\\xampp\\htdocs\\laravel-php3\\example-app\\vendor\\laravel\\framework\\src\\Illuminate\\Pipeline\\Pipeline.php(209): Illuminate\\Http\\Middleware\\ValidatePostSize->handle()
#49 C:\\xampp\\htdocs\\laravel-php3\\example-app\\vendor\\laravel\\framework\\src\\Illuminate\\Foundation\\Http\\Middleware\\PreventRequestsDuringMaintenance.php(110): Illuminate\\Pipeline\\Pipeline->Illuminate\\Pipeline\\{closure}()
#50 C:\\xampp\\htdocs\\laravel-php3\\example-app\\vendor\\laravel\\framework\\src\\Illuminate\\Pipeline\\Pipeline.php(209): Illuminate\\Foundation\\Http\\Middleware\\PreventRequestsDuringMaintenance->handle()
#51 C:\\xampp\\htdocs\\laravel-php3\\example-app\\vendor\\laravel\\framework\\src\\Illuminate\\Http\\Middleware\\HandleCors.php(49): Illuminate\\Pipeline\\Pipeline->Illuminate\\Pipeline\\{closure}()
#52 C:\\xampp\\htdocs\\laravel-php3\\example-app\\vendor\\laravel\\framework\\src\\Illuminate\\Pipeline\\Pipeline.php(209): Illuminate\\Http\\Middleware\\HandleCors->handle()
#53 C:\\xampp\\htdocs\\laravel-php3\\example-app\\vendor\\laravel\\framework\\src\\Illuminate\\Http\\Middleware\\TrustProxies.php(58): Illuminate\\Pipeline\\Pipeline->Illuminate\\Pipeline\\{closure}()
#54 C:\\xampp\\htdocs\\laravel-php3\\example-app\\vendor\\laravel\\framework\\src\\Illuminate\\Pipeline\\Pipeline.php(209): Illuminate\\Http\\Middleware\\TrustProxies->handle()
#55 C:\\xampp\\htdocs\\laravel-php3\\example-app\\vendor\\laravel\\framework\\src\\Illuminate\\Foundation\\Http\\Middleware\\InvokeDeferredCallbacks.php(22): Illuminate\\Pipeline\\Pipeline->Illuminate\\Pipeline\\{closure}()
#56 C:\\xampp\\htdocs\\laravel-php3\\example-app\\vendor\\laravel\\framework\\src\\Illuminate\\Pipeline\\Pipeline.php(209): Illuminate\\Foundation\\Http\\Middleware\\InvokeDeferredCallbacks->handle()
#57 C:\\xampp\\htdocs\\laravel-php3\\example-app\\vendor\\laravel\\framework\\src\\Illuminate\\Http\\Middleware\\ValidatePathEncoding.php(26): Illuminate\\Pipeline\\Pipeline->Illuminate\\Pipeline\\{closure}()
#58 C:\\xampp\\htdocs\\laravel-php3\\example-app\\vendor\\laravel\\framework\\src\\Illuminate\\Pipeline\\Pipeline.php(209): Illuminate\\Http\\Middleware\\ValidatePathEncoding->handle()
#59 C:\\xampp\\htdocs\\laravel-php3\\example-app\\vendor\\laravel\\framework\\src\\Illuminate\\Pipeline\\Pipeline.php(127): Illuminate\\Pipeline\\Pipeline->Illuminate\\Pipeline\\{closure}()
#60 C:\\xampp\\htdocs\\laravel-php3\\example-app\\vendor\\laravel\\framework\\src\\Illuminate\\Foundation\\Http\\Kernel.php(176): Illuminate\\Pipeline\\Pipeline->then()
#61 C:\\xampp\\htdocs\\laravel-php3\\example-app\\vendor\\laravel\\framework\\src\\Illuminate\\Foundation\\Http\\Kernel.php(145): Illuminate\\Foundation\\Http\\Kernel->sendRequestThroughRouter()
#62 C:\\xampp\\htdocs\\laravel-php3\\example-app\\vendor\\laravel\\framework\\src\\Illuminate\\Foundation\\Application.php(1220): Illuminate\\Foundation\\Http\\Kernel->handle()
#63 C:\\xampp\\htdocs\\laravel-php3\\example-app\\public\\index.php(20): Illuminate\\Foundation\\Application->handleRequest()
#64 C:\\xampp\\htdocs\\laravel-php3\\example-app\\vendor\\laravel\\framework\\src\\Illuminate\\Foundation\\resources\\server.php(23): require_once('...')
#65 {main}
"} 
[2025-04-10 04:16:21] local.INFO: Checkout request: {"_token":"8AGXnFxFAW5VpEWOpiARaCRgmDpD6yH4MBcXO242","shipping_name":"vuche","shipping_address":"sdsd","shipping_phone":"0964417609","note":"sdsd","payment_method":"cod"} 
[2025-04-10 04:16:43] local.INFO: Checkout request: {"_token":"8AGXnFxFAW5VpEWOpiARaCRgmDpD6yH4MBcXO242","shipping_name":"vuche","shipping_address":"sdsd","shipping_phone":"0964417609","note":"sdsds","payment_method":"vnpay"} 
[2025-04-10 04:17:24] local.ERROR: Class "App\Mail\OrderCancelled" not found {"userId":1,"exception":"[object] (Error(code: 0): Class \"App\\Mail\\OrderCancelled\" not found at C:\\xampp\\htdocs\\laravel-php3\\example-app\\app\\Http\\Controllers\\CheckoutController.php:446)
[stacktrace]
#0 C:\\xampp\\htdocs\\laravel-php3\\example-app\\vendor\\laravel\\framework\\src\\Illuminate\\Routing\\ControllerDispatcher.php(47): App\\Http\\Controllers\\CheckoutController->cancel()
#1 C:\\xampp\\htdocs\\laravel-php3\\example-app\\vendor\\laravel\\framework\\src\\Illuminate\\Routing\\Route.php(266): Illuminate\\Routing\\ControllerDispatcher->dispatch()
#2 C:\\xampp\\htdocs\\laravel-php3\\example-app\\vendor\\laravel\\framework\\src\\Illuminate\\Routing\\Route.php(212): Illuminate\\Routing\\Route->runController()
#3 C:\\xampp\\htdocs\\laravel-php3\\example-app\\vendor\\laravel\\framework\\src\\Illuminate\\Routing\\Router.php(808): Illuminate\\Routing\\Route->run()
#4 C:\\xampp\\htdocs\\laravel-php3\\example-app\\vendor\\laravel\\framework\\src\\Illuminate\\Pipeline\\Pipeline.php(170): Illuminate\\Routing\\Router->Illuminate\\Routing\\{closure}()
#5 C:\\xampp\\htdocs\\laravel-php3\\example-app\\vendor\\laravel\\framework\\src\\Illuminate\\Routing\\Middleware\\SubstituteBindings.php(51): Illuminate\\Pipeline\\Pipeline->Illuminate\\Pipeline\\{closure}()
#6 C:\\xampp\\htdocs\\laravel-php3\\example-app\\vendor\\laravel\\framework\\src\\Illuminate\\Pipeline\\Pipeline.php(209): Illuminate\\Routing\\Middleware\\SubstituteBindings->handle()
#7 C:\\xampp\\htdocs\\laravel-php3\\example-app\\vendor\\laravel\\framework\\src\\Illuminate\\Auth\\Middleware\\Authenticate.php(64): Illuminate\\Pipeline\\Pipeline->Illuminate\\Pipeline\\{closure}()
#8 C:\\xampp\\htdocs\\laravel-php3\\example-app\\vendor\\laravel\\framework\\src\\Illuminate\\Pipeline\\Pipeline.php(209): Illuminate\\Auth\\Middleware\\Authenticate->handle()
#9 C:\\xampp\\htdocs\\laravel-php3\\example-app\\vendor\\laravel\\framework\\src\\Illuminate\\Foundation\\Http\\Middleware\\VerifyCsrfToken.php(88): Illuminate\\Pipeline\\Pipeline->Illuminate\\Pipeline\\{closure}()
#10 C:\\xampp\\htdocs\\laravel-php3\\example-app\\vendor\\laravel\\framework\\src\\Illuminate\\Pipeline\\Pipeline.php(209): Illuminate\\Foundation\\Http\\Middleware\\VerifyCsrfToken->handle()
#11 C:\\xampp\\htdocs\\laravel-php3\\example-app\\vendor\\laravel\\framework\\src\\Illuminate\\View\\Middleware\\ShareErrorsFromSession.php(49): Illuminate\\Pipeline\\Pipeline->Illuminate\\Pipeline\\{closure}()
#12 C:\\xampp\\htdocs\\laravel-php3\\example-app\\vendor\\laravel\\framework\\src\\Illuminate\\Pipeline\\Pipeline.php(209): Illuminate\\View\\Middleware\\ShareErrorsFromSession->handle()
#13 C:\\xampp\\htdocs\\laravel-php3\\example-app\\vendor\\laravel\\framework\\src\\Illuminate\\Session\\Middleware\\StartSession.php(121): Illuminate\\Pipeline\\Pipeline->Illuminate\\Pipeline\\{closure}()
#14 C:\\xampp\\htdocs\\laravel-php3\\example-app\\vendor\\laravel\\framework\\src\\Illuminate\\Session\\Middleware\\StartSession.php(64): Illuminate\\Session\\Middleware\\StartSession->handleStatefulRequest()
#15 C:\\xampp\\htdocs\\laravel-php3\\example-app\\vendor\\laravel\\framework\\src\\Illuminate\\Pipeline\\Pipeline.php(209): Illuminate\\Session\\Middleware\\StartSession->handle()
#16 C:\\xampp\\htdocs\\laravel-php3\\example-app\\vendor\\laravel\\framework\\src\\Illuminate\\Cookie\\Middleware\\AddQueuedCookiesToResponse.php(37): Illuminate\\Pipeline\\Pipeline->Illuminate\\Pipeline\\{closure}()
#17 C:\\xampp\\htdocs\\laravel-php3\\example-app\\vendor\\laravel\\framework\\src\\Illuminate\\Pipeline\\Pipeline.php(209): Illuminate\\Cookie\\Middleware\\AddQueuedCookiesToResponse->handle()
#18 C:\\xampp\\htdocs\\laravel-php3\\example-app\\vendor\\laravel\\framework\\src\\Illuminate\\Cookie\\Middleware\\EncryptCookies.php(75): Illuminate\\Pipeline\\Pipeline->Illuminate\\Pipeline\\{closure}()
#19 C:\\xampp\\htdocs\\laravel-php3\\example-app\\vendor\\laravel\\framework\\src\\Illuminate\\Pipeline\\Pipeline.php(209): Illuminate\\Cookie\\Middleware\\EncryptCookies->handle()
#20 C:\\xampp\\htdocs\\laravel-php3\\example-app\\vendor\\laravel\\framework\\src\\Illuminate\\Pipeline\\Pipeline.php(127): Illuminate\\Pipeline\\Pipeline->Illuminate\\Pipeline\\{closure}()
#21 C:\\xampp\\htdocs\\laravel-php3\\example-app\\vendor\\laravel\\framework\\src\\Illuminate\\Routing\\Router.php(807): Illuminate\\Pipeline\\Pipeline->then()
#22 C:\\xampp\\htdocs\\laravel-php3\\example-app\\vendor\\laravel\\framework\\src\\Illuminate\\Routing\\Router.php(786): Illuminate\\Routing\\Router->runRouteWithinStack()
#23 C:\\xampp\\htdocs\\laravel-php3\\example-app\\vendor\\laravel\\framework\\src\\Illuminate\\Routing\\Router.php(750): Illuminate\\Routing\\Router->runRoute()
#24 C:\\xampp\\htdocs\\laravel-php3\\example-app\\vendor\\laravel\\framework\\src\\Illuminate\\Routing\\Router.php(739): Illuminate\\Routing\\Router->dispatchToRoute()
#25 C:\\xampp\\htdocs\\laravel-php3\\example-app\\vendor\\laravel\\framework\\src\\Illuminate\\Foundation\\Http\\Kernel.php(201): Illuminate\\Routing\\Router->dispatch()
#26 C:\\xampp\\htdocs\\laravel-php3\\example-app\\vendor\\laravel\\framework\\src\\Illuminate\\Pipeline\\Pipeline.php(170): Illuminate\\Foundation\\Http\\Kernel->Illuminate\\Foundation\\Http\\{closure}()
#27 C:\\xampp\\htdocs\\laravel-php3\\example-app\\vendor\\laravel\\framework\\src\\Illuminate\\Foundation\\Http\\Middleware\\TransformsRequest.php(21): Illuminate\\Pipeline\\Pipeline->Illuminate\\Pipeline\\{closure}()
#28 C:\\xampp\\htdocs\\laravel-php3\\example-app\\vendor\\laravel\\framework\\src\\Illuminate\\Foundation\\Http\\Middleware\\ConvertEmptyStringsToNull.php(31): Illuminate\\Foundation\\Http\\Middleware\\TransformsRequest->handle()
#29 C:\\xampp\\htdocs\\laravel-php3\\example-app\\vendor\\laravel\\framework\\src\\Illuminate\\Pipeline\\Pipeline.php(209): Illuminate\\Foundation\\Http\\Middleware\\ConvertEmptyStringsToNull->handle()
#30 C:\\xampp\\htdocs\\laravel-php3\\example-app\\vendor\\laravel\\framework\\src\\Illuminate\\Foundation\\Http\\Middleware\\TransformsRequest.php(21): Illuminate\\Pipeline\\Pipeline->Illuminate\\Pipeline\\{closure}()
#31 C:\\xampp\\htdocs\\laravel-php3\\example-app\\vendor\\laravel\\framework\\src\\Illuminate\\Foundation\\Http\\Middleware\\TrimStrings.php(51): Illuminate\\Foundation\\Http\\Middleware\\TransformsRequest->handle()
#32 C:\\xampp\\htdocs\\laravel-php3\\example-app\\vendor\\laravel\\framework\\src\\Illuminate\\Pipeline\\Pipeline.php(209): Illuminate\\Foundation\\Http\\Middleware\\TrimStrings->handle()
#33 C:\\xampp\\htdocs\\laravel-php3\\example-app\\vendor\\laravel\\framework\\src\\Illuminate\\Http\\Middleware\\ValidatePostSize.php(27): Illuminate\\Pipeline\\Pipeline->Illuminate\\Pipeline\\{closure}()
#34 C:\\xampp\\htdocs\\laravel-php3\\example-app\\vendor\\laravel\\framework\\src\\Illuminate\\Pipeline\\Pipeline.php(209): Illuminate\\Http\\Middleware\\ValidatePostSize->handle()
#35 C:\\xampp\\htdocs\\laravel-php3\\example-app\\vendor\\laravel\\framework\\src\\Illuminate\\Foundation\\Http\\Middleware\\PreventRequestsDuringMaintenance.php(110): Illuminate\\Pipeline\\Pipeline->Illuminate\\Pipeline\\{closure}()
#36 C:\\xampp\\htdocs\\laravel-php3\\example-app\\vendor\\laravel\\framework\\src\\Illuminate\\Pipeline\\Pipeline.php(209): Illuminate\\Foundation\\Http\\Middleware\\PreventRequestsDuringMaintenance->handle()
#37 C:\\xampp\\htdocs\\laravel-php3\\example-app\\vendor\\laravel\\framework\\src\\Illuminate\\Http\\Middleware\\HandleCors.php(49): Illuminate\\Pipeline\\Pipeline->Illuminate\\Pipeline\\{closure}()
#38 C:\\xampp\\htdocs\\laravel-php3\\example-app\\vendor\\laravel\\framework\\src\\Illuminate\\Pipeline\\Pipeline.php(209): Illuminate\\Http\\Middleware\\HandleCors->handle()
#39 C:\\xampp\\htdocs\\laravel-php3\\example-app\\vendor\\laravel\\framework\\src\\Illuminate\\Http\\Middleware\\TrustProxies.php(58): Illuminate\\Pipeline\\Pipeline->Illuminate\\Pipeline\\{closure}()
#40 C:\\xampp\\htdocs\\laravel-php3\\example-app\\vendor\\laravel\\framework\\src\\Illuminate\\Pipeline\\Pipeline.php(209): Illuminate\\Http\\Middleware\\TrustProxies->handle()
#41 C:\\xampp\\htdocs\\laravel-php3\\example-app\\vendor\\laravel\\framework\\src\\Illuminate\\Foundation\\Http\\Middleware\\InvokeDeferredCallbacks.php(22): Illuminate\\Pipeline\\Pipeline->Illuminate\\Pipeline\\{closure}()
#42 C:\\xampp\\htdocs\\laravel-php3\\example-app\\vendor\\laravel\\framework\\src\\Illuminate\\Pipeline\\Pipeline.php(209): Illuminate\\Foundation\\Http\\Middleware\\InvokeDeferredCallbacks->handle()
#43 C:\\xampp\\htdocs\\laravel-php3\\example-app\\vendor\\laravel\\framework\\src\\Illuminate\\Http\\Middleware\\ValidatePathEncoding.php(26): Illuminate\\Pipeline\\Pipeline->Illuminate\\Pipeline\\{closure}()
#44 C:\\xampp\\htdocs\\laravel-php3\\example-app\\vendor\\laravel\\framework\\src\\Illuminate\\Pipeline\\Pipeline.php(209): Illuminate\\Http\\Middleware\\ValidatePathEncoding->handle()
#45 C:\\xampp\\htdocs\\laravel-php3\\example-app\\vendor\\laravel\\framework\\src\\Illuminate\\Pipeline\\Pipeline.php(127): Illuminate\\Pipeline\\Pipeline->Illuminate\\Pipeline\\{closure}()
#46 C:\\xampp\\htdocs\\laravel-php3\\example-app\\vendor\\laravel\\framework\\src\\Illuminate\\Foundation\\Http\\Kernel.php(176): Illuminate\\Pipeline\\Pipeline->then()
#47 C:\\xampp\\htdocs\\laravel-php3\\example-app\\vendor\\laravel\\framework\\src\\Illuminate\\Foundation\\Http\\Kernel.php(145): Illuminate\\Foundation\\Http\\Kernel->sendRequestThroughRouter()
#48 C:\\xampp\\htdocs\\laravel-php3\\example-app\\vendor\\laravel\\framework\\src\\Illuminate\\Foundation\\Application.php(1220): Illuminate\\Foundation\\Http\\Kernel->handle()
#49 C:\\xampp\\htdocs\\laravel-php3\\example-app\\public\\index.php(20): Illuminate\\Foundation\\Application->handleRequest()
#50 C:\\xampp\\htdocs\\laravel-php3\\example-app\\vendor\\laravel\\framework\\src\\Illuminate\\Foundation\\resources\\server.php(23): require_once('...')
#51 {main}
"} 
[2025-04-10 04:18:11] local.INFO: Checkout request: {"_token":"8AGXnFxFAW5VpEWOpiARaCRgmDpD6yH4MBcXO242","shipping_name":"vuche","shipping_address":"sdsd","shipping_phone":"0964417609sds","note":"sdsd","payment_method":"cod"} 
[2025-04-11 05:26:05] local.ERROR: Call to undefined method App\Http\Controllers\CheckoutController::adminIndex() {"userId":1,"exception":"[object] (Error(code: 0): Call to undefined method App\\Http\\Controllers\\CheckoutController::adminIndex() at C:\\xampp\\htdocs\\laravel-php3\\example-app\\vendor\\laravel\\framework\\src\\Illuminate\\Routing\\ControllerDispatcher.php:47)
[stacktrace]
#0 C:\\xampp\\htdocs\\laravel-php3\\example-app\\vendor\\laravel\\framework\\src\\Illuminate\\Routing\\Route.php(266): Illuminate\\Routing\\ControllerDispatcher->dispatch()
#1 C:\\xampp\\htdocs\\laravel-php3\\example-app\\vendor\\laravel\\framework\\src\\Illuminate\\Routing\\Route.php(212): Illuminate\\Routing\\Route->runController()
#2 C:\\xampp\\htdocs\\laravel-php3\\example-app\\vendor\\laravel\\framework\\src\\Illuminate\\Routing\\Router.php(808): Illuminate\\Routing\\Route->run()
#3 C:\\xampp\\htdocs\\laravel-php3\\example-app\\vendor\\laravel\\framework\\src\\Illuminate\\Pipeline\\Pipeline.php(170): Illuminate\\Routing\\Router->Illuminate\\Routing\\{closure}()
#4 C:\\xampp\\htdocs\\laravel-php3\\example-app\\vendor\\laravel\\framework\\src\\Illuminate\\Routing\\Middleware\\SubstituteBindings.php(51): Illuminate\\Pipeline\\Pipeline->Illuminate\\Pipeline\\{closure}()
#5 C:\\xampp\\htdocs\\laravel-php3\\example-app\\vendor\\laravel\\framework\\src\\Illuminate\\Pipeline\\Pipeline.php(209): Illuminate\\Routing\\Middleware\\SubstituteBindings->handle()
#6 C:\\xampp\\htdocs\\laravel-php3\\example-app\\vendor\\laravel\\framework\\src\\Illuminate\\Foundation\\Http\\Middleware\\VerifyCsrfToken.php(88): Illuminate\\Pipeline\\Pipeline->Illuminate\\Pipeline\\{closure}()
#7 C:\\xampp\\htdocs\\laravel-php3\\example-app\\vendor\\laravel\\framework\\src\\Illuminate\\Pipeline\\Pipeline.php(209): Illuminate\\Foundation\\Http\\Middleware\\VerifyCsrfToken->handle()
#8 C:\\xampp\\htdocs\\laravel-php3\\example-app\\vendor\\laravel\\framework\\src\\Illuminate\\View\\Middleware\\ShareErrorsFromSession.php(49): Illuminate\\Pipeline\\Pipeline->Illuminate\\Pipeline\\{closure}()
#9 C:\\xampp\\htdocs\\laravel-php3\\example-app\\vendor\\laravel\\framework\\src\\Illuminate\\Pipeline\\Pipeline.php(209): Illuminate\\View\\Middleware\\ShareErrorsFromSession->handle()
#10 C:\\xampp\\htdocs\\laravel-php3\\example-app\\vendor\\laravel\\framework\\src\\Illuminate\\Session\\Middleware\\StartSession.php(121): Illuminate\\Pipeline\\Pipeline->Illuminate\\Pipeline\\{closure}()
#11 C:\\xampp\\htdocs\\laravel-php3\\example-app\\vendor\\laravel\\framework\\src\\Illuminate\\Session\\Middleware\\StartSession.php(64): Illuminate\\Session\\Middleware\\StartSession->handleStatefulRequest()
#12 C:\\xampp\\htdocs\\laravel-php3\\example-app\\vendor\\laravel\\framework\\src\\Illuminate\\Pipeline\\Pipeline.php(209): Illuminate\\Session\\Middleware\\StartSession->handle()
#13 C:\\xampp\\htdocs\\laravel-php3\\example-app\\vendor\\laravel\\framework\\src\\Illuminate\\Cookie\\Middleware\\AddQueuedCookiesToResponse.php(37): Illuminate\\Pipeline\\Pipeline->Illuminate\\Pipeline\\{closure}()
#14 C:\\xampp\\htdocs\\laravel-php3\\example-app\\vendor\\laravel\\framework\\src\\Illuminate\\Pipeline\\Pipeline.php(209): Illuminate\\Cookie\\Middleware\\AddQueuedCookiesToResponse->handle()
#15 C:\\xampp\\htdocs\\laravel-php3\\example-app\\vendor\\laravel\\framework\\src\\Illuminate\\Cookie\\Middleware\\EncryptCookies.php(75): Illuminate\\Pipeline\\Pipeline->Illuminate\\Pipeline\\{closure}()
#16 C:\\xampp\\htdocs\\laravel-php3\\example-app\\vendor\\laravel\\framework\\src\\Illuminate\\Pipeline\\Pipeline.php(209): Illuminate\\Cookie\\Middleware\\EncryptCookies->handle()
#17 C:\\xampp\\htdocs\\laravel-php3\\example-app\\vendor\\laravel\\framework\\src\\Illuminate\\Pipeline\\Pipeline.php(127): Illuminate\\Pipeline\\Pipeline->Illuminate\\Pipeline\\{closure}()
#18 C:\\xampp\\htdocs\\laravel-php3\\example-app\\vendor\\laravel\\framework\\src\\Illuminate\\Routing\\Router.php(807): Illuminate\\Pipeline\\Pipeline->then()
#19 C:\\xampp\\htdocs\\laravel-php3\\example-app\\vendor\\laravel\\framework\\src\\Illuminate\\Routing\\Router.php(786): Illuminate\\Routing\\Router->runRouteWithinStack()
#20 C:\\xampp\\htdocs\\laravel-php3\\example-app\\vendor\\laravel\\framework\\src\\Illuminate\\Routing\\Router.php(750): Illuminate\\Routing\\Router->runRoute()
#21 C:\\xampp\\htdocs\\laravel-php3\\example-app\\vendor\\laravel\\framework\\src\\Illuminate\\Routing\\Router.php(739): Illuminate\\Routing\\Router->dispatchToRoute()
#22 C:\\xampp\\htdocs\\laravel-php3\\example-app\\vendor\\laravel\\framework\\src\\Illuminate\\Foundation\\Http\\Kernel.php(201): Illuminate\\Routing\\Router->dispatch()
#23 C:\\xampp\\htdocs\\laravel-php3\\example-app\\vendor\\laravel\\framework\\src\\Illuminate\\Pipeline\\Pipeline.php(170): Illuminate\\Foundation\\Http\\Kernel->Illuminate\\Foundation\\Http\\{closure}()
#24 C:\\xampp\\htdocs\\laravel-php3\\example-app\\vendor\\laravel\\framework\\src\\Illuminate\\Foundation\\Http\\Middleware\\TransformsRequest.php(21): Illuminate\\Pipeline\\Pipeline->Illuminate\\Pipeline\\{closure}()
#25 C:\\xampp\\htdocs\\laravel-php3\\example-app\\vendor\\laravel\\framework\\src\\Illuminate\\Foundation\\Http\\Middleware\\ConvertEmptyStringsToNull.php(31): Illuminate\\Foundation\\Http\\Middleware\\TransformsRequest->handle()
#26 C:\\xampp\\htdocs\\laravel-php3\\example-app\\vendor\\laravel\\framework\\src\\Illuminate\\Pipeline\\Pipeline.php(209): Illuminate\\Foundation\\Http\\Middleware\\ConvertEmptyStringsToNull->handle()
#27 C:\\xampp\\htdocs\\laravel-php3\\example-app\\vendor\\laravel\\framework\\src\\Illuminate\\Foundation\\Http\\Middleware\\TransformsRequest.php(21): Illuminate\\Pipeline\\Pipeline->Illuminate\\Pipeline\\{closure}()
#28 C:\\xampp\\htdocs\\laravel-php3\\example-app\\vendor\\laravel\\framework\\src\\Illuminate\\Foundation\\Http\\Middleware\\TrimStrings.php(51): Illuminate\\Foundation\\Http\\Middleware\\TransformsRequest->handle()
#29 C:\\xampp\\htdocs\\laravel-php3\\example-app\\vendor\\laravel\\framework\\src\\Illuminate\\Pipeline\\Pipeline.php(209): Illuminate\\Foundation\\Http\\Middleware\\TrimStrings->handle()
#30 C:\\xampp\\htdocs\\laravel-php3\\example-app\\vendor\\laravel\\framework\\src\\Illuminate\\Http\\Middleware\\ValidatePostSize.php(27): Illuminate\\Pipeline\\Pipeline->Illuminate\\Pipeline\\{closure}()
#31 C:\\xampp\\htdocs\\laravel-php3\\example-app\\vendor\\laravel\\framework\\src\\Illuminate\\Pipeline\\Pipeline.php(209): Illuminate\\Http\\Middleware\\ValidatePostSize->handle()
#32 C:\\xampp\\htdocs\\laravel-php3\\example-app\\vendor\\laravel\\framework\\src\\Illuminate\\Foundation\\Http\\Middleware\\PreventRequestsDuringMaintenance.php(110): Illuminate\\Pipeline\\Pipeline->Illuminate\\Pipeline\\{closure}()
#33 C:\\xampp\\htdocs\\laravel-php3\\example-app\\vendor\\laravel\\framework\\src\\Illuminate\\Pipeline\\Pipeline.php(209): Illuminate\\Foundation\\Http\\Middleware\\PreventRequestsDuringMaintenance->handle()
#34 C:\\xampp\\htdocs\\laravel-php3\\example-app\\vendor\\laravel\\framework\\src\\Illuminate\\Http\\Middleware\\HandleCors.php(49): Illuminate\\Pipeline\\Pipeline->Illuminate\\Pipeline\\{closure}()
#35 C:\\xampp\\htdocs\\laravel-php3\\example-app\\vendor\\laravel\\framework\\src\\Illuminate\\Pipeline\\Pipeline.php(209): Illuminate\\Http\\Middleware\\HandleCors->handle()
#36 C:\\xampp\\htdocs\\laravel-php3\\example-app\\vendor\\laravel\\framework\\src\\Illuminate\\Http\\Middleware\\TrustProxies.php(58): Illuminate\\Pipeline\\Pipeline->Illuminate\\Pipeline\\{closure}()
#37 C:\\xampp\\htdocs\\laravel-php3\\example-app\\vendor\\laravel\\framework\\src\\Illuminate\\Pipeline\\Pipeline.php(209): Illuminate\\Http\\Middleware\\TrustProxies->handle()
#38 C:\\xampp\\htdocs\\laravel-php3\\example-app\\vendor\\laravel\\framework\\src\\Illuminate\\Foundation\\Http\\Middleware\\InvokeDeferredCallbacks.php(22): Illuminate\\Pipeline\\Pipeline->Illuminate\\Pipeline\\{closure}()
#39 C:\\xampp\\htdocs\\laravel-php3\\example-app\\vendor\\laravel\\framework\\src\\Illuminate\\Pipeline\\Pipeline.php(209): Illuminate\\Foundation\\Http\\Middleware\\InvokeDeferredCallbacks->handle()
#40 C:\\xampp\\htdocs\\laravel-php3\\example-app\\vendor\\laravel\\framework\\src\\Illuminate\\Http\\Middleware\\ValidatePathEncoding.php(26): Illuminate\\Pipeline\\Pipeline->Illuminate\\Pipeline\\{closure}()
#41 C:\\xampp\\htdocs\\laravel-php3\\example-app\\vendor\\laravel\\framework\\src\\Illuminate\\Pipeline\\Pipeline.php(209): Illuminate\\Http\\Middleware\\ValidatePathEncoding->handle()
#42 C:\\xampp\\htdocs\\laravel-php3\\example-app\\vendor\\laravel\\framework\\src\\Illuminate\\Pipeline\\Pipeline.php(127): Illuminate\\Pipeline\\Pipeline->Illuminate\\Pipeline\\{closure}()
#43 C:\\xampp\\htdocs\\laravel-php3\\example-app\\vendor\\laravel\\framework\\src\\Illuminate\\Foundation\\Http\\Kernel.php(176): Illuminate\\Pipeline\\Pipeline->then()
#44 C:\\xampp\\htdocs\\laravel-php3\\example-app\\vendor\\laravel\\framework\\src\\Illuminate\\Foundation\\Http\\Kernel.php(145): Illuminate\\Foundation\\Http\\Kernel->sendRequestThroughRouter()
#45 C:\\xampp\\htdocs\\laravel-php3\\example-app\\vendor\\laravel\\framework\\src\\Illuminate\\Foundation\\Application.php(1220): Illuminate\\Foundation\\Http\\Kernel->handle()
#46 C:\\xampp\\htdocs\\laravel-php3\\example-app\\public\\index.php(20): Illuminate\\Foundation\\Application->handleRequest()
#47 C:\\xampp\\htdocs\\laravel-php3\\example-app\\vendor\\laravel\\framework\\src\\Illuminate\\Foundation\\resources\\server.php(23): require_once('...')
#48 {main}
"} 
[2025-04-11 05:31:03] local.ERROR: Undefined variable $subtotal (View: C:\xampp\htdocs\laravel-php3\example-app\resources\views\checkout\index.blade.php) {"userId":1,"exception":"[object] (Illuminate\\View\\ViewException(code: 0): Undefined variable $subtotal (View: C:\\xampp\\htdocs\\laravel-php3\\example-app\\resources\\views\\checkout\\index.blade.php) at C:\\xampp\\htdocs\\laravel-php3\\example-app\\storage\\framework\\views\\129672df2918ab5f81bfeaccc71037b2.php:206)
[stacktrace]
#0 C:\\xampp\\htdocs\\laravel-php3\\example-app\\vendor\\laravel\\framework\\src\\Illuminate\\View\\Engines\\PhpEngine.php(60): Illuminate\\View\\Engines\\CompilerEngine->handleViewException()
#1 C:\\xampp\\htdocs\\laravel-php3\\example-app\\vendor\\laravel\\framework\\src\\Illuminate\\View\\Engines\\CompilerEngine.php(75): Illuminate\\View\\Engines\\PhpEngine->evaluatePath()
#2 C:\\xampp\\htdocs\\laravel-php3\\example-app\\vendor\\laravel\\framework\\src\\Illuminate\\View\\View.php(209): Illuminate\\View\\Engines\\CompilerEngine->get()
#3 C:\\xampp\\htdocs\\laravel-php3\\example-app\\vendor\\laravel\\framework\\src\\Illuminate\\View\\View.php(192): Illuminate\\View\\View->getContents()
#4 C:\\xampp\\htdocs\\laravel-php3\\example-app\\vendor\\laravel\\framework\\src\\Illuminate\\View\\View.php(161): Illuminate\\View\\View->renderContents()
#5 C:\\xampp\\htdocs\\laravel-php3\\example-app\\vendor\\laravel\\framework\\src\\Illuminate\\Http\\Response.php(79): Illuminate\\View\\View->render()
#6 C:\\xampp\\htdocs\\laravel-php3\\example-app\\vendor\\laravel\\framework\\src\\Illuminate\\Http\\Response.php(35): Illuminate\\Http\\Response->setContent()
#7 C:\\xampp\\htdocs\\laravel-php3\\example-app\\vendor\\laravel\\framework\\src\\Illuminate\\Routing\\Router.php(920): Illuminate\\Http\\Response->__construct()
#8 C:\\xampp\\htdocs\\laravel-php3\\example-app\\vendor\\laravel\\framework\\src\\Illuminate\\Routing\\Router.php(887): Illuminate\\Routing\\Router::toResponse()
#9 C:\\xampp\\htdocs\\laravel-php3\\example-app\\vendor\\laravel\\framework\\src\\Illuminate\\Routing\\Router.php(807): Illuminate\\Routing\\Router->prepareResponse()
#10 C:\\xampp\\htdocs\\laravel-php3\\example-app\\vendor\\laravel\\framework\\src\\Illuminate\\Pipeline\\Pipeline.php(170): Illuminate\\Routing\\Router->Illuminate\\Routing\\{closure}()
#11 C:\\xampp\\htdocs\\laravel-php3\\example-app\\vendor\\laravel\\framework\\src\\Illuminate\\Routing\\Middleware\\SubstituteBindings.php(51): Illuminate\\Pipeline\\Pipeline->Illuminate\\Pipeline\\{closure}()
#12 C:\\xampp\\htdocs\\laravel-php3\\example-app\\vendor\\laravel\\framework\\src\\Illuminate\\Pipeline\\Pipeline.php(209): Illuminate\\Routing\\Middleware\\SubstituteBindings->handle()
#13 C:\\xampp\\htdocs\\laravel-php3\\example-app\\vendor\\laravel\\framework\\src\\Illuminate\\Auth\\Middleware\\Authenticate.php(64): Illuminate\\Pipeline\\Pipeline->Illuminate\\Pipeline\\{closure}()
#14 C:\\xampp\\htdocs\\laravel-php3\\example-app\\vendor\\laravel\\framework\\src\\Illuminate\\Pipeline\\Pipeline.php(209): Illuminate\\Auth\\Middleware\\Authenticate->handle()
#15 C:\\xampp\\htdocs\\laravel-php3\\example-app\\vendor\\laravel\\framework\\src\\Illuminate\\Foundation\\Http\\Middleware\\VerifyCsrfToken.php(88): Illuminate\\Pipeline\\Pipeline->Illuminate\\Pipeline\\{closure}()
#16 C:\\xampp\\htdocs\\laravel-php3\\example-app\\vendor\\laravel\\framework\\src\\Illuminate\\Pipeline\\Pipeline.php(209): Illuminate\\Foundation\\Http\\Middleware\\VerifyCsrfToken->handle()
#17 C:\\xampp\\htdocs\\laravel-php3\\example-app\\vendor\\laravel\\framework\\src\\Illuminate\\View\\Middleware\\ShareErrorsFromSession.php(49): Illuminate\\Pipeline\\Pipeline->Illuminate\\Pipeline\\{closure}()
#18 C:\\xampp\\htdocs\\laravel-php3\\example-app\\vendor\\laravel\\framework\\src\\Illuminate\\Pipeline\\Pipeline.php(209): Illuminate\\View\\Middleware\\ShareErrorsFromSession->handle()
#19 C:\\xampp\\htdocs\\laravel-php3\\example-app\\vendor\\laravel\\framework\\src\\Illuminate\\Session\\Middleware\\StartSession.php(121): Illuminate\\Pipeline\\Pipeline->Illuminate\\Pipeline\\{closure}()
#20 C:\\xampp\\htdocs\\laravel-php3\\example-app\\vendor\\laravel\\framework\\src\\Illuminate\\Session\\Middleware\\StartSession.php(64): Illuminate\\Session\\Middleware\\StartSession->handleStatefulRequest()
#21 C:\\xampp\\htdocs\\laravel-php3\\example-app\\vendor\\laravel\\framework\\src\\Illuminate\\Pipeline\\Pipeline.php(209): Illuminate\\Session\\Middleware\\StartSession->handle()
#22 C:\\xampp\\htdocs\\laravel-php3\\example-app\\vendor\\laravel\\framework\\src\\Illuminate\\Cookie\\Middleware\\AddQueuedCookiesToResponse.php(37): Illuminate\\Pipeline\\Pipeline->Illuminate\\Pipeline\\{closure}()
#23 C:\\xampp\\htdocs\\laravel-php3\\example-app\\vendor\\laravel\\framework\\src\\Illuminate\\Pipeline\\Pipeline.php(209): Illuminate\\Cookie\\Middleware\\AddQueuedCookiesToResponse->handle()
#24 C:\\xampp\\htdocs\\laravel-php3\\example-app\\vendor\\laravel\\framework\\src\\Illuminate\\Cookie\\Middleware\\EncryptCookies.php(75): Illuminate\\Pipeline\\Pipeline->Illuminate\\Pipeline\\{closure}()
#25 C:\\xampp\\htdocs\\laravel-php3\\example-app\\vendor\\laravel\\framework\\src\\Illuminate\\Pipeline\\Pipeline.php(209): Illuminate\\Cookie\\Middleware\\EncryptCookies->handle()
#26 C:\\xampp\\htdocs\\laravel-php3\\example-app\\vendor\\laravel\\framework\\src\\Illuminate\\Pipeline\\Pipeline.php(127): Illuminate\\Pipeline\\Pipeline->Illuminate\\Pipeline\\{closure}()
#27 C:\\xampp\\htdocs\\laravel-php3\\example-app\\vendor\\laravel\\framework\\src\\Illuminate\\Routing\\Router.php(807): Illuminate\\Pipeline\\Pipeline->then()
#28 C:\\xampp\\htdocs\\laravel-php3\\example-app\\vendor\\laravel\\framework\\src\\Illuminate\\Routing\\Router.php(786): Illuminate\\Routing\\Router->runRouteWithinStack()
#29 C:\\xampp\\htdocs\\laravel-php3\\example-app\\vendor\\laravel\\framework\\src\\Illuminate\\Routing\\Router.php(750): Illuminate\\Routing\\Router->runRoute()
#30 C:\\xampp\\htdocs\\laravel-php3\\example-app\\vendor\\laravel\\framework\\src\\Illuminate\\Routing\\Router.php(739): Illuminate\\Routing\\Router->dispatchToRoute()
#31 C:\\xampp\\htdocs\\laravel-php3\\example-app\\vendor\\laravel\\framework\\src\\Illuminate\\Foundation\\Http\\Kernel.php(201): Illuminate\\Routing\\Router->dispatch()
#32 C:\\xampp\\htdocs\\laravel-php3\\example-app\\vendor\\laravel\\framework\\src\\Illuminate\\Pipeline\\Pipeline.php(170): Illuminate\\Foundation\\Http\\Kernel->Illuminate\\Foundation\\Http\\{closure}()
#33 C:\\xampp\\htdocs\\laravel-php3\\example-app\\vendor\\laravel\\framework\\src\\Illuminate\\Foundation\\Http\\Middleware\\TransformsRequest.php(21): Illuminate\\Pipeline\\Pipeline->Illuminate\\Pipeline\\{closure}()
#34 C:\\xampp\\htdocs\\laravel-php3\\example-app\\vendor\\laravel\\framework\\src\\Illuminate\\Foundation\\Http\\Middleware\\ConvertEmptyStringsToNull.php(31): Illuminate\\Foundation\\Http\\Middleware\\TransformsRequest->handle()
#35 C:\\xampp\\htdocs\\laravel-php3\\example-app\\vendor\\laravel\\framework\\src\\Illuminate\\Pipeline\\Pipeline.php(209): Illuminate\\Foundation\\Http\\Middleware\\ConvertEmptyStringsToNull->handle()
#36 C:\\xampp\\htdocs\\laravel-php3\\example-app\\vendor\\laravel\\framework\\src\\Illuminate\\Foundation\\Http\\Middleware\\TransformsRequest.php(21): Illuminate\\Pipeline\\Pipeline->Illuminate\\Pipeline\\{closure}()
#37 C:\\xampp\\htdocs\\laravel-php3\\example-app\\vendor\\laravel\\framework\\src\\Illuminate\\Foundation\\Http\\Middleware\\TrimStrings.php(51): Illuminate\\Foundation\\Http\\Middleware\\TransformsRequest->handle()
#38 C:\\xampp\\htdocs\\laravel-php3\\example-app\\vendor\\laravel\\framework\\src\\Illuminate\\Pipeline\\Pipeline.php(209): Illuminate\\Foundation\\Http\\Middleware\\TrimStrings->handle()
#39 C:\\xampp\\htdocs\\laravel-php3\\example-app\\vendor\\laravel\\framework\\src\\Illuminate\\Http\\Middleware\\ValidatePostSize.php(27): Illuminate\\Pipeline\\Pipeline->Illuminate\\Pipeline\\{closure}()
#40 C:\\xampp\\htdocs\\laravel-php3\\example-app\\vendor\\laravel\\framework\\src\\Illuminate\\Pipeline\\Pipeline.php(209): Illuminate\\Http\\Middleware\\ValidatePostSize->handle()
#41 C:\\xampp\\htdocs\\laravel-php3\\example-app\\vendor\\laravel\\framework\\src\\Illuminate\\Foundation\\Http\\Middleware\\PreventRequestsDuringMaintenance.php(110): Illuminate\\Pipeline\\Pipeline->Illuminate\\Pipeline\\{closure}()
#42 C:\\xampp\\htdocs\\laravel-php3\\example-app\\vendor\\laravel\\framework\\src\\Illuminate\\Pipeline\\Pipeline.php(209): Illuminate\\Foundation\\Http\\Middleware\\PreventRequestsDuringMaintenance->handle()
#43 C:\\xampp\\htdocs\\laravel-php3\\example-app\\vendor\\laravel\\framework\\src\\Illuminate\\Http\\Middleware\\HandleCors.php(49): Illuminate\\Pipeline\\Pipeline->Illuminate\\Pipeline\\{closure}()
#44 C:\\xampp\\htdocs\\laravel-php3\\example-app\\vendor\\laravel\\framework\\src\\Illuminate\\Pipeline\\Pipeline.php(209): Illuminate\\Http\\Middleware\\HandleCors->handle()
#45 C:\\xampp\\htdocs\\laravel-php3\\example-app\\vendor\\laravel\\framework\\src\\Illuminate\\Http\\Middleware\\TrustProxies.php(58): Illuminate\\Pipeline\\Pipeline->Illuminate\\Pipeline\\{closure}()
#46 C:\\xampp\\htdocs\\laravel-php3\\example-app\\vendor\\laravel\\framework\\src\\Illuminate\\Pipeline\\Pipeline.php(209): Illuminate\\Http\\Middleware\\TrustProxies->handle()
#47 C:\\xampp\\htdocs\\laravel-php3\\example-app\\vendor\\laravel\\framework\\src\\Illuminate\\Foundation\\Http\\Middleware\\InvokeDeferredCallbacks.php(22): Illuminate\\Pipeline\\Pipeline->Illuminate\\Pipeline\\{closure}()
#48 C:\\xampp\\htdocs\\laravel-php3\\example-app\\vendor\\laravel\\framework\\src\\Illuminate\\Pipeline\\Pipeline.php(209): Illuminate\\Foundation\\Http\\Middleware\\InvokeDeferredCallbacks->handle()
#49 C:\\xampp\\htdocs\\laravel-php3\\example-app\\vendor\\laravel\\framework\\src\\Illuminate\\Http\\Middleware\\ValidatePathEncoding.php(26): Illuminate\\Pipeline\\Pipeline->Illuminate\\Pipeline\\{closure}()
#50 C:\\xampp\\htdocs\\laravel-php3\\example-app\\vendor\\laravel\\framework\\src\\Illuminate\\Pipeline\\Pipeline.php(209): Illuminate\\Http\\Middleware\\ValidatePathEncoding->handle()
#51 C:\\xampp\\htdocs\\laravel-php3\\example-app\\vendor\\laravel\\framework\\src\\Illuminate\\Pipeline\\Pipeline.php(127): Illuminate\\Pipeline\\Pipeline->Illuminate\\Pipeline\\{closure}()
#52 C:\\xampp\\htdocs\\laravel-php3\\example-app\\vendor\\laravel\\framework\\src\\Illuminate\\Foundation\\Http\\Kernel.php(176): Illuminate\\Pipeline\\Pipeline->then()
#53 C:\\xampp\\htdocs\\laravel-php3\\example-app\\vendor\\laravel\\framework\\src\\Illuminate\\Foundation\\Http\\Kernel.php(145): Illuminate\\Foundation\\Http\\Kernel->sendRequestThroughRouter()
#54 C:\\xampp\\htdocs\\laravel-php3\\example-app\\vendor\\laravel\\framework\\src\\Illuminate\\Foundation\\Application.php(1220): Illuminate\\Foundation\\Http\\Kernel->handle()
#55 C:\\xampp\\htdocs\\laravel-php3\\example-app\\public\\index.php(20): Illuminate\\Foundation\\Application->handleRequest()
#56 C:\\xampp\\htdocs\\laravel-php3\\example-app\\vendor\\laravel\\framework\\src\\Illuminate\\Foundation\\resources\\server.php(23): require_once('...')
#57 {main}

[previous exception] [object] (ErrorException(code: 0): Undefined variable $subtotal at C:\\xampp\\htdocs\\laravel-php3\\example-app\\storage\\framework\\views\\129672df2918ab5f81bfeaccc71037b2.php:206)
[stacktrace]
#0 C:\\xampp\\htdocs\\laravel-php3\\example-app\\vendor\\laravel\\framework\\src\\Illuminate\\Foundation\\Bootstrap\\HandleExceptions.php(256): Illuminate\\Foundation\\Bootstrap\\HandleExceptions->handleError()
#1 C:\\xampp\\htdocs\\laravel-php3\\example-app\\storage\\framework\\views\\129672df2918ab5f81bfeaccc71037b2.php(206): Illuminate\\Foundation\\Bootstrap\\HandleExceptions->Illuminate\\Foundation\\Bootstrap\\{closure}()
#2 C:\\xampp\\htdocs\\laravel-php3\\example-app\\vendor\\laravel\\framework\\src\\Illuminate\\Filesystem\\Filesystem.php(123): require('...')
#3 C:\\xampp\\htdocs\\laravel-php3\\example-app\\vendor\\laravel\\framework\\src\\Illuminate\\Filesystem\\Filesystem.php(124): Illuminate\\Filesystem\\Filesystem::Illuminate\\Filesystem\\{closure}()
#4 C:\\xampp\\htdocs\\laravel-php3\\example-app\\vendor\\laravel\\framework\\src\\Illuminate\\View\\Engines\\PhpEngine.php(58): Illuminate\\Filesystem\\Filesystem->getRequire()
#5 C:\\xampp\\htdocs\\laravel-php3\\example-app\\vendor\\laravel\\framework\\src\\Illuminate\\View\\Engines\\CompilerEngine.php(75): Illuminate\\View\\Engines\\PhpEngine->evaluatePath()
#6 C:\\xampp\\htdocs\\laravel-php3\\example-app\\vendor\\laravel\\framework\\src\\Illuminate\\View\\View.php(209): Illuminate\\View\\Engines\\CompilerEngine->get()
#7 C:\\xampp\\htdocs\\laravel-php3\\example-app\\vendor\\laravel\\framework\\src\\Illuminate\\View\\View.php(192): Illuminate\\View\\View->getContents()
#8 C:\\xampp\\htdocs\\laravel-php3\\example-app\\vendor\\laravel\\framework\\src\\Illuminate\\View\\View.php(161): Illuminate\\View\\View->renderContents()
#9 C:\\xampp\\htdocs\\laravel-php3\\example-app\\vendor\\laravel\\framework\\src\\Illuminate\\Http\\Response.php(79): Illuminate\\View\\View->render()
#10 C:\\xampp\\htdocs\\laravel-php3\\example-app\\vendor\\laravel\\framework\\src\\Illuminate\\Http\\Response.php(35): Illuminate\\Http\\Response->setContent()
#11 C:\\xampp\\htdocs\\laravel-php3\\example-app\\vendor\\laravel\\framework\\src\\Illuminate\\Routing\\Router.php(920): Illuminate\\Http\\Response->__construct()
#12 C:\\xampp\\htdocs\\laravel-php3\\example-app\\vendor\\laravel\\framework\\src\\Illuminate\\Routing\\Router.php(887): Illuminate\\Routing\\Router::toResponse()
#13 C:\\xampp\\htdocs\\laravel-php3\\example-app\\vendor\\laravel\\framework\\src\\Illuminate\\Routing\\Router.php(807): Illuminate\\Routing\\Router->prepareResponse()
#14 C:\\xampp\\htdocs\\laravel-php3\\example-app\\vendor\\laravel\\framework\\src\\Illuminate\\Pipeline\\Pipeline.php(170): Illuminate\\Routing\\Router->Illuminate\\Routing\\{closure}()
#15 C:\\xampp\\htdocs\\laravel-php3\\example-app\\vendor\\laravel\\framework\\src\\Illuminate\\Routing\\Middleware\\SubstituteBindings.php(51): Illuminate\\Pipeline\\Pipeline->Illuminate\\Pipeline\\{closure}()
#16 C:\\xampp\\htdocs\\laravel-php3\\example-app\\vendor\\laravel\\framework\\src\\Illuminate\\Pipeline\\Pipeline.php(209): Illuminate\\Routing\\Middleware\\SubstituteBindings->handle()
#17 C:\\xampp\\htdocs\\laravel-php3\\example-app\\vendor\\laravel\\framework\\src\\Illuminate\\Auth\\Middleware\\Authenticate.php(64): Illuminate\\Pipeline\\Pipeline->Illuminate\\Pipeline\\{closure}()
#18 C:\\xampp\\htdocs\\laravel-php3\\example-app\\vendor\\laravel\\framework\\src\\Illuminate\\Pipeline\\Pipeline.php(209): Illuminate\\Auth\\Middleware\\Authenticate->handle()
#19 C:\\xampp\\htdocs\\laravel-php3\\example-app\\vendor\\laravel\\framework\\src\\Illuminate\\Foundation\\Http\\Middleware\\VerifyCsrfToken.php(88): Illuminate\\Pipeline\\Pipeline->Illuminate\\Pipeline\\{closure}()
#20 C:\\xampp\\htdocs\\laravel-php3\\example-app\\vendor\\laravel\\framework\\src\\Illuminate\\Pipeline\\Pipeline.php(209): Illuminate\\Foundation\\Http\\Middleware\\VerifyCsrfToken->handle()
#21 C:\\xampp\\htdocs\\laravel-php3\\example-app\\vendor\\laravel\\framework\\src\\Illuminate\\View\\Middleware\\ShareErrorsFromSession.php(49): Illuminate\\Pipeline\\Pipeline->Illuminate\\Pipeline\\{closure}()
#22 C:\\xampp\\htdocs\\laravel-php3\\example-app\\vendor\\laravel\\framework\\src\\Illuminate\\Pipeline\\Pipeline.php(209): Illuminate\\View\\Middleware\\ShareErrorsFromSession->handle()
#23 C:\\xampp\\htdocs\\laravel-php3\\example-app\\vendor\\laravel\\framework\\src\\Illuminate\\Session\\Middleware\\StartSession.php(121): Illuminate\\Pipeline\\Pipeline->Illuminate\\Pipeline\\{closure}()
#24 C:\\xampp\\htdocs\\laravel-php3\\example-app\\vendor\\laravel\\framework\\src\\Illuminate\\Session\\Middleware\\StartSession.php(64): Illuminate\\Session\\Middleware\\StartSession->handleStatefulRequest()
#25 C:\\xampp\\htdocs\\laravel-php3\\example-app\\vendor\\laravel\\framework\\src\\Illuminate\\Pipeline\\Pipeline.php(209): Illuminate\\Session\\Middleware\\StartSession->handle()
#26 C:\\xampp\\htdocs\\laravel-php3\\example-app\\vendor\\laravel\\framework\\src\\Illuminate\\Cookie\\Middleware\\AddQueuedCookiesToResponse.php(37): Illuminate\\Pipeline\\Pipeline->Illuminate\\Pipeline\\{closure}()
#27 C:\\xampp\\htdocs\\laravel-php3\\example-app\\vendor\\laravel\\framework\\src\\Illuminate\\Pipeline\\Pipeline.php(209): Illuminate\\Cookie\\Middleware\\AddQueuedCookiesToResponse->handle()
#28 C:\\xampp\\htdocs\\laravel-php3\\example-app\\vendor\\laravel\\framework\\src\\Illuminate\\Cookie\\Middleware\\EncryptCookies.php(75): Illuminate\\Pipeline\\Pipeline->Illuminate\\Pipeline\\{closure}()
#29 C:\\xampp\\htdocs\\laravel-php3\\example-app\\vendor\\laravel\\framework\\src\\Illuminate\\Pipeline\\Pipeline.php(209): Illuminate\\Cookie\\Middleware\\EncryptCookies->handle()
#30 C:\\xampp\\htdocs\\laravel-php3\\example-app\\vendor\\laravel\\framework\\src\\Illuminate\\Pipeline\\Pipeline.php(127): Illuminate\\Pipeline\\Pipeline->Illuminate\\Pipeline\\{closure}()
#31 C:\\xampp\\htdocs\\laravel-php3\\example-app\\vendor\\laravel\\framework\\src\\Illuminate\\Routing\\Router.php(807): Illuminate\\Pipeline\\Pipeline->then()
#32 C:\\xampp\\htdocs\\laravel-php3\\example-app\\vendor\\laravel\\framework\\src\\Illuminate\\Routing\\Router.php(786): Illuminate\\Routing\\Router->runRouteWithinStack()
#33 C:\\xampp\\htdocs\\laravel-php3\\example-app\\vendor\\laravel\\framework\\src\\Illuminate\\Routing\\Router.php(750): Illuminate\\Routing\\Router->runRoute()
#34 C:\\xampp\\htdocs\\laravel-php3\\example-app\\vendor\\laravel\\framework\\src\\Illuminate\\Routing\\Router.php(739): Illuminate\\Routing\\Router->dispatchToRoute()
#35 C:\\xampp\\htdocs\\laravel-php3\\example-app\\vendor\\laravel\\framework\\src\\Illuminate\\Foundation\\Http\\Kernel.php(201): Illuminate\\Routing\\Router->dispatch()
#36 C:\\xampp\\htdocs\\laravel-php3\\example-app\\vendor\\laravel\\framework\\src\\Illuminate\\Pipeline\\Pipeline.php(170): Illuminate\\Foundation\\Http\\Kernel->Illuminate\\Foundation\\Http\\{closure}()
#37 C:\\xampp\\htdocs\\laravel-php3\\example-app\\vendor\\laravel\\framework\\src\\Illuminate\\Foundation\\Http\\Middleware\\TransformsRequest.php(21): Illuminate\\Pipeline\\Pipeline->Illuminate\\Pipeline\\{closure}()
#38 C:\\xampp\\htdocs\\laravel-php3\\example-app\\vendor\\laravel\\framework\\src\\Illuminate\\Foundation\\Http\\Middleware\\ConvertEmptyStringsToNull.php(31): Illuminate\\Foundation\\Http\\Middleware\\TransformsRequest->handle()
#39 C:\\xampp\\htdocs\\laravel-php3\\example-app\\vendor\\laravel\\framework\\src\\Illuminate\\Pipeline\\Pipeline.php(209): Illuminate\\Foundation\\Http\\Middleware\\ConvertEmptyStringsToNull->handle()
#40 C:\\xampp\\htdocs\\laravel-php3\\example-app\\vendor\\laravel\\framework\\src\\Illuminate\\Foundation\\Http\\Middleware\\TransformsRequest.php(21): Illuminate\\Pipeline\\Pipeline->Illuminate\\Pipeline\\{closure}()
#41 C:\\xampp\\htdocs\\laravel-php3\\example-app\\vendor\\laravel\\framework\\src\\Illuminate\\Foundation\\Http\\Middleware\\TrimStrings.php(51): Illuminate\\Foundation\\Http\\Middleware\\TransformsRequest->handle()
#42 C:\\xampp\\htdocs\\laravel-php3\\example-app\\vendor\\laravel\\framework\\src\\Illuminate\\Pipeline\\Pipeline.php(209): Illuminate\\Foundation\\Http\\Middleware\\TrimStrings->handle()
#43 C:\\xampp\\htdocs\\laravel-php3\\example-app\\vendor\\laravel\\framework\\src\\Illuminate\\Http\\Middleware\\ValidatePostSize.php(27): Illuminate\\Pipeline\\Pipeline->Illuminate\\Pipeline\\{closure}()
#44 C:\\xampp\\htdocs\\laravel-php3\\example-app\\vendor\\laravel\\framework\\src\\Illuminate\\Pipeline\\Pipeline.php(209): Illuminate\\Http\\Middleware\\ValidatePostSize->handle()
#45 C:\\xampp\\htdocs\\laravel-php3\\example-app\\vendor\\laravel\\framework\\src\\Illuminate\\Foundation\\Http\\Middleware\\PreventRequestsDuringMaintenance.php(110): Illuminate\\Pipeline\\Pipeline->Illuminate\\Pipeline\\{closure}()
#46 C:\\xampp\\htdocs\\laravel-php3\\example-app\\vendor\\laravel\\framework\\src\\Illuminate\\Pipeline\\Pipeline.php(209): Illuminate\\Foundation\\Http\\Middleware\\PreventRequestsDuringMaintenance->handle()
#47 C:\\xampp\\htdocs\\laravel-php3\\example-app\\vendor\\laravel\\framework\\src\\Illuminate\\Http\\Middleware\\HandleCors.php(49): Illuminate\\Pipeline\\Pipeline->Illuminate\\Pipeline\\{closure}()
#48 C:\\xampp\\htdocs\\laravel-php3\\example-app\\vendor\\laravel\\framework\\src\\Illuminate\\Pipeline\\Pipeline.php(209): Illuminate\\Http\\Middleware\\HandleCors->handle()
#49 C:\\xampp\\htdocs\\laravel-php3\\example-app\\vendor\\laravel\\framework\\src\\Illuminate\\Http\\Middleware\\TrustProxies.php(58): Illuminate\\Pipeline\\Pipeline->Illuminate\\Pipeline\\{closure}()
#50 C:\\xampp\\htdocs\\laravel-php3\\example-app\\vendor\\laravel\\framework\\src\\Illuminate\\Pipeline\\Pipeline.php(209): Illuminate\\Http\\Middleware\\TrustProxies->handle()
#51 C:\\xampp\\htdocs\\laravel-php3\\example-app\\vendor\\laravel\\framework\\src\\Illuminate\\Foundation\\Http\\Middleware\\InvokeDeferredCallbacks.php(22): Illuminate\\Pipeline\\Pipeline->Illuminate\\Pipeline\\{closure}()
#52 C:\\xampp\\htdocs\\laravel-php3\\example-app\\vendor\\laravel\\framework\\src\\Illuminate\\Pipeline\\Pipeline.php(209): Illuminate\\Foundation\\Http\\Middleware\\InvokeDeferredCallbacks->handle()
#53 C:\\xampp\\htdocs\\laravel-php3\\example-app\\vendor\\laravel\\framework\\src\\Illuminate\\Http\\Middleware\\ValidatePathEncoding.php(26): Illuminate\\Pipeline\\Pipeline->Illuminate\\Pipeline\\{closure}()
#54 C:\\xampp\\htdocs\\laravel-php3\\example-app\\vendor\\laravel\\framework\\src\\Illuminate\\Pipeline\\Pipeline.php(209): Illuminate\\Http\\Middleware\\ValidatePathEncoding->handle()
#55 C:\\xampp\\htdocs\\laravel-php3\\example-app\\vendor\\laravel\\framework\\src\\Illuminate\\Pipeline\\Pipeline.php(127): Illuminate\\Pipeline\\Pipeline->Illuminate\\Pipeline\\{closure}()
#56 C:\\xampp\\htdocs\\laravel-php3\\example-app\\vendor\\laravel\\framework\\src\\Illuminate\\Foundation\\Http\\Kernel.php(176): Illuminate\\Pipeline\\Pipeline->then()
#57 C:\\xampp\\htdocs\\laravel-php3\\example-app\\vendor\\laravel\\framework\\src\\Illuminate\\Foundation\\Http\\Kernel.php(145): Illuminate\\Foundation\\Http\\Kernel->sendRequestThroughRouter()
#58 C:\\xampp\\htdocs\\laravel-php3\\example-app\\vendor\\laravel\\framework\\src\\Illuminate\\Foundation\\Application.php(1220): Illuminate\\Foundation\\Http\\Kernel->handle()
#59 C:\\xampp\\htdocs\\laravel-php3\\example-app\\public\\index.php(20): Illuminate\\Foundation\\Application->handleRequest()
#60 C:\\xampp\\htdocs\\laravel-php3\\example-app\\vendor\\laravel\\framework\\src\\Illuminate\\Foundation\\resources\\server.php(23): require_once('...')
#61 {main}
"} 
[2025-04-11 05:31:28] local.ERROR: Undefined variable $subtotal (View: C:\xampp\htdocs\laravel-php3\example-app\resources\views\checkout\index.blade.php) {"userId":1,"exception":"[object] (Illuminate\\View\\ViewException(code: 0): Undefined variable $subtotal (View: C:\\xampp\\htdocs\\laravel-php3\\example-app\\resources\\views\\checkout\\index.blade.php) at C:\\xampp\\htdocs\\laravel-php3\\example-app\\storage\\framework\\views\\129672df2918ab5f81bfeaccc71037b2.php:206)
[stacktrace]
#0 C:\\xampp\\htdocs\\laravel-php3\\example-app\\vendor\\laravel\\framework\\src\\Illuminate\\View\\Engines\\PhpEngine.php(60): Illuminate\\View\\Engines\\CompilerEngine->handleViewException()
#1 C:\\xampp\\htdocs\\laravel-php3\\example-app\\vendor\\laravel\\framework\\src\\Illuminate\\View\\Engines\\CompilerEngine.php(75): Illuminate\\View\\Engines\\PhpEngine->evaluatePath()
#2 C:\\xampp\\htdocs\\laravel-php3\\example-app\\vendor\\laravel\\framework\\src\\Illuminate\\View\\View.php(209): Illuminate\\View\\Engines\\CompilerEngine->get()
#3 C:\\xampp\\htdocs\\laravel-php3\\example-app\\vendor\\laravel\\framework\\src\\Illuminate\\View\\View.php(192): Illuminate\\View\\View->getContents()
#4 C:\\xampp\\htdocs\\laravel-php3\\example-app\\vendor\\laravel\\framework\\src\\Illuminate\\View\\View.php(161): Illuminate\\View\\View->renderContents()
#5 C:\\xampp\\htdocs\\laravel-php3\\example-app\\vendor\\laravel\\framework\\src\\Illuminate\\Http\\Response.php(79): Illuminate\\View\\View->render()
#6 C:\\xampp\\htdocs\\laravel-php3\\example-app\\vendor\\laravel\\framework\\src\\Illuminate\\Http\\Response.php(35): Illuminate\\Http\\Response->setContent()
#7 C:\\xampp\\htdocs\\laravel-php3\\example-app\\vendor\\laravel\\framework\\src\\Illuminate\\Routing\\Router.php(920): Illuminate\\Http\\Response->__construct()
#8 C:\\xampp\\htdocs\\laravel-php3\\example-app\\vendor\\laravel\\framework\\src\\Illuminate\\Routing\\Router.php(887): Illuminate\\Routing\\Router::toResponse()
#9 C:\\xampp\\htdocs\\laravel-php3\\example-app\\vendor\\laravel\\framework\\src\\Illuminate\\Routing\\Router.php(807): Illuminate\\Routing\\Router->prepareResponse()
#10 C:\\xampp\\htdocs\\laravel-php3\\example-app\\vendor\\laravel\\framework\\src\\Illuminate\\Pipeline\\Pipeline.php(170): Illuminate\\Routing\\Router->Illuminate\\Routing\\{closure}()
#11 C:\\xampp\\htdocs\\laravel-php3\\example-app\\vendor\\laravel\\framework\\src\\Illuminate\\Routing\\Middleware\\SubstituteBindings.php(51): Illuminate\\Pipeline\\Pipeline->Illuminate\\Pipeline\\{closure}()
#12 C:\\xampp\\htdocs\\laravel-php3\\example-app\\vendor\\laravel\\framework\\src\\Illuminate\\Pipeline\\Pipeline.php(209): Illuminate\\Routing\\Middleware\\SubstituteBindings->handle()
#13 C:\\xampp\\htdocs\\laravel-php3\\example-app\\vendor\\laravel\\framework\\src\\Illuminate\\Auth\\Middleware\\Authenticate.php(64): Illuminate\\Pipeline\\Pipeline->Illuminate\\Pipeline\\{closure}()
#14 C:\\xampp\\htdocs\\laravel-php3\\example-app\\vendor\\laravel\\framework\\src\\Illuminate\\Pipeline\\Pipeline.php(209): Illuminate\\Auth\\Middleware\\Authenticate->handle()
#15 C:\\xampp\\htdocs\\laravel-php3\\example-app\\vendor\\laravel\\framework\\src\\Illuminate\\Foundation\\Http\\Middleware\\VerifyCsrfToken.php(88): Illuminate\\Pipeline\\Pipeline->Illuminate\\Pipeline\\{closure}()
#16 C:\\xampp\\htdocs\\laravel-php3\\example-app\\vendor\\laravel\\framework\\src\\Illuminate\\Pipeline\\Pipeline.php(209): Illuminate\\Foundation\\Http\\Middleware\\VerifyCsrfToken->handle()
#17 C:\\xampp\\htdocs\\laravel-php3\\example-app\\vendor\\laravel\\framework\\src\\Illuminate\\View\\Middleware\\ShareErrorsFromSession.php(49): Illuminate\\Pipeline\\Pipeline->Illuminate\\Pipeline\\{closure}()
#18 C:\\xampp\\htdocs\\laravel-php3\\example-app\\vendor\\laravel\\framework\\src\\Illuminate\\Pipeline\\Pipeline.php(209): Illuminate\\View\\Middleware\\ShareErrorsFromSession->handle()
#19 C:\\xampp\\htdocs\\laravel-php3\\example-app\\vendor\\laravel\\framework\\src\\Illuminate\\Session\\Middleware\\StartSession.php(121): Illuminate\\Pipeline\\Pipeline->Illuminate\\Pipeline\\{closure}()
#20 C:\\xampp\\htdocs\\laravel-php3\\example-app\\vendor\\laravel\\framework\\src\\Illuminate\\Session\\Middleware\\StartSession.php(64): Illuminate\\Session\\Middleware\\StartSession->handleStatefulRequest()
#21 C:\\xampp\\htdocs\\laravel-php3\\example-app\\vendor\\laravel\\framework\\src\\Illuminate\\Pipeline\\Pipeline.php(209): Illuminate\\Session\\Middleware\\StartSession->handle()
#22 C:\\xampp\\htdocs\\laravel-php3\\example-app\\vendor\\laravel\\framework\\src\\Illuminate\\Cookie\\Middleware\\AddQueuedCookiesToResponse.php(37): Illuminate\\Pipeline\\Pipeline->Illuminate\\Pipeline\\{closure}()
#23 C:\\xampp\\htdocs\\laravel-php3\\example-app\\vendor\\laravel\\framework\\src\\Illuminate\\Pipeline\\Pipeline.php(209): Illuminate\\Cookie\\Middleware\\AddQueuedCookiesToResponse->handle()
#24 C:\\xampp\\htdocs\\laravel-php3\\example-app\\vendor\\laravel\\framework\\src\\Illuminate\\Cookie\\Middleware\\EncryptCookies.php(75): Illuminate\\Pipeline\\Pipeline->Illuminate\\Pipeline\\{closure}()
#25 C:\\xampp\\htdocs\\laravel-php3\\example-app\\vendor\\laravel\\framework\\src\\Illuminate\\Pipeline\\Pipeline.php(209): Illuminate\\Cookie\\Middleware\\EncryptCookies->handle()
#26 C:\\xampp\\htdocs\\laravel-php3\\example-app\\vendor\\laravel\\framework\\src\\Illuminate\\Pipeline\\Pipeline.php(127): Illuminate\\Pipeline\\Pipeline->Illuminate\\Pipeline\\{closure}()
#27 C:\\xampp\\htdocs\\laravel-php3\\example-app\\vendor\\laravel\\framework\\src\\Illuminate\\Routing\\Router.php(807): Illuminate\\Pipeline\\Pipeline->then()
#28 C:\\xampp\\htdocs\\laravel-php3\\example-app\\vendor\\laravel\\framework\\src\\Illuminate\\Routing\\Router.php(786): Illuminate\\Routing\\Router->runRouteWithinStack()
#29 C:\\xampp\\htdocs\\laravel-php3\\example-app\\vendor\\laravel\\framework\\src\\Illuminate\\Routing\\Router.php(750): Illuminate\\Routing\\Router->runRoute()
#30 C:\\xampp\\htdocs\\laravel-php3\\example-app\\vendor\\laravel\\framework\\src\\Illuminate\\Routing\\Router.php(739): Illuminate\\Routing\\Router->dispatchToRoute()
#31 C:\\xampp\\htdocs\\laravel-php3\\example-app\\vendor\\laravel\\framework\\src\\Illuminate\\Foundation\\Http\\Kernel.php(201): Illuminate\\Routing\\Router->dispatch()
#32 C:\\xampp\\htdocs\\laravel-php3\\example-app\\vendor\\laravel\\framework\\src\\Illuminate\\Pipeline\\Pipeline.php(170): Illuminate\\Foundation\\Http\\Kernel->Illuminate\\Foundation\\Http\\{closure}()
#33 C:\\xampp\\htdocs\\laravel-php3\\example-app\\vendor\\laravel\\framework\\src\\Illuminate\\Foundation\\Http\\Middleware\\TransformsRequest.php(21): Illuminate\\Pipeline\\Pipeline->Illuminate\\Pipeline\\{closure}()
#34 C:\\xampp\\htdocs\\laravel-php3\\example-app\\vendor\\laravel\\framework\\src\\Illuminate\\Foundation\\Http\\Middleware\\ConvertEmptyStringsToNull.php(31): Illuminate\\Foundation\\Http\\Middleware\\TransformsRequest->handle()
#35 C:\\xampp\\htdocs\\laravel-php3\\example-app\\vendor\\laravel\\framework\\src\\Illuminate\\Pipeline\\Pipeline.php(209): Illuminate\\Foundation\\Http\\Middleware\\ConvertEmptyStringsToNull->handle()
#36 C:\\xampp\\htdocs\\laravel-php3\\example-app\\vendor\\laravel\\framework\\src\\Illuminate\\Foundation\\Http\\Middleware\\TransformsRequest.php(21): Illuminate\\Pipeline\\Pipeline->Illuminate\\Pipeline\\{closure}()
#37 C:\\xampp\\htdocs\\laravel-php3\\example-app\\vendor\\laravel\\framework\\src\\Illuminate\\Foundation\\Http\\Middleware\\TrimStrings.php(51): Illuminate\\Foundation\\Http\\Middleware\\TransformsRequest->handle()
#38 C:\\xampp\\htdocs\\laravel-php3\\example-app\\vendor\\laravel\\framework\\src\\Illuminate\\Pipeline\\Pipeline.php(209): Illuminate\\Foundation\\Http\\Middleware\\TrimStrings->handle()
#39 C:\\xampp\\htdocs\\laravel-php3\\example-app\\vendor\\laravel\\framework\\src\\Illuminate\\Http\\Middleware\\ValidatePostSize.php(27): Illuminate\\Pipeline\\Pipeline->Illuminate\\Pipeline\\{closure}()
#40 C:\\xampp\\htdocs\\laravel-php3\\example-app\\vendor\\laravel\\framework\\src\\Illuminate\\Pipeline\\Pipeline.php(209): Illuminate\\Http\\Middleware\\ValidatePostSize->handle()
#41 C:\\xampp\\htdocs\\laravel-php3\\example-app\\vendor\\laravel\\framework\\src\\Illuminate\\Foundation\\Http\\Middleware\\PreventRequestsDuringMaintenance.php(110): Illuminate\\Pipeline\\Pipeline->Illuminate\\Pipeline\\{closure}()
#42 C:\\xampp\\htdocs\\laravel-php3\\example-app\\vendor\\laravel\\framework\\src\\Illuminate\\Pipeline\\Pipeline.php(209): Illuminate\\Foundation\\Http\\Middleware\\PreventRequestsDuringMaintenance->handle()
#43 C:\\xampp\\htdocs\\laravel-php3\\example-app\\vendor\\laravel\\framework\\src\\Illuminate\\Http\\Middleware\\HandleCors.php(49): Illuminate\\Pipeline\\Pipeline->Illuminate\\Pipeline\\{closure}()
#44 C:\\xampp\\htdocs\\laravel-php3\\example-app\\vendor\\laravel\\framework\\src\\Illuminate\\Pipeline\\Pipeline.php(209): Illuminate\\Http\\Middleware\\HandleCors->handle()
#45 C:\\xampp\\htdocs\\laravel-php3\\example-app\\vendor\\laravel\\framework\\src\\Illuminate\\Http\\Middleware\\TrustProxies.php(58): Illuminate\\Pipeline\\Pipeline->Illuminate\\Pipeline\\{closure}()
#46 C:\\xampp\\htdocs\\laravel-php3\\example-app\\vendor\\laravel\\framework\\src\\Illuminate\\Pipeline\\Pipeline.php(209): Illuminate\\Http\\Middleware\\TrustProxies->handle()
#47 C:\\xampp\\htdocs\\laravel-php3\\example-app\\vendor\\laravel\\framework\\src\\Illuminate\\Foundation\\Http\\Middleware\\InvokeDeferredCallbacks.php(22): Illuminate\\Pipeline\\Pipeline->Illuminate\\Pipeline\\{closure}()
#48 C:\\xampp\\htdocs\\laravel-php3\\example-app\\vendor\\laravel\\framework\\src\\Illuminate\\Pipeline\\Pipeline.php(209): Illuminate\\Foundation\\Http\\Middleware\\InvokeDeferredCallbacks->handle()
#49 C:\\xampp\\htdocs\\laravel-php3\\example-app\\vendor\\laravel\\framework\\src\\Illuminate\\Http\\Middleware\\ValidatePathEncoding.php(26): Illuminate\\Pipeline\\Pipeline->Illuminate\\Pipeline\\{closure}()
#50 C:\\xampp\\htdocs\\laravel-php3\\example-app\\vendor\\laravel\\framework\\src\\Illuminate\\Pipeline\\Pipeline.php(209): Illuminate\\Http\\Middleware\\ValidatePathEncoding->handle()
#51 C:\\xampp\\htdocs\\laravel-php3\\example-app\\vendor\\laravel\\framework\\src\\Illuminate\\Pipeline\\Pipeline.php(127): Illuminate\\Pipeline\\Pipeline->Illuminate\\Pipeline\\{closure}()
#52 C:\\xampp\\htdocs\\laravel-php3\\example-app\\vendor\\laravel\\framework\\src\\Illuminate\\Foundation\\Http\\Kernel.php(176): Illuminate\\Pipeline\\Pipeline->then()
#53 C:\\xampp\\htdocs\\laravel-php3\\example-app\\vendor\\laravel\\framework\\src\\Illuminate\\Foundation\\Http\\Kernel.php(145): Illuminate\\Foundation\\Http\\Kernel->sendRequestThroughRouter()
#54 C:\\xampp\\htdocs\\laravel-php3\\example-app\\vendor\\laravel\\framework\\src\\Illuminate\\Foundation\\Application.php(1220): Illuminate\\Foundation\\Http\\Kernel->handle()
#55 C:\\xampp\\htdocs\\laravel-php3\\example-app\\public\\index.php(20): Illuminate\\Foundation\\Application->handleRequest()
#56 C:\\xampp\\htdocs\\laravel-php3\\example-app\\vendor\\laravel\\framework\\src\\Illuminate\\Foundation\\resources\\server.php(23): require_once('...')
#57 {main}

[previous exception] [object] (ErrorException(code: 0): Undefined variable $subtotal at C:\\xampp\\htdocs\\laravel-php3\\example-app\\storage\\framework\\views\\129672df2918ab5f81bfeaccc71037b2.php:206)
[stacktrace]
#0 C:\\xampp\\htdocs\\laravel-php3\\example-app\\vendor\\laravel\\framework\\src\\Illuminate\\Foundation\\Bootstrap\\HandleExceptions.php(256): Illuminate\\Foundation\\Bootstrap\\HandleExceptions->handleError()
#1 C:\\xampp\\htdocs\\laravel-php3\\example-app\\storage\\framework\\views\\129672df2918ab5f81bfeaccc71037b2.php(206): Illuminate\\Foundation\\Bootstrap\\HandleExceptions->Illuminate\\Foundation\\Bootstrap\\{closure}()
#2 C:\\xampp\\htdocs\\laravel-php3\\example-app\\vendor\\laravel\\framework\\src\\Illuminate\\Filesystem\\Filesystem.php(123): require('...')
#3 C:\\xampp\\htdocs\\laravel-php3\\example-app\\vendor\\laravel\\framework\\src\\Illuminate\\Filesystem\\Filesystem.php(124): Illuminate\\Filesystem\\Filesystem::Illuminate\\Filesystem\\{closure}()
#4 C:\\xampp\\htdocs\\laravel-php3\\example-app\\vendor\\laravel\\framework\\src\\Illuminate\\View\\Engines\\PhpEngine.php(58): Illuminate\\Filesystem\\Filesystem->getRequire()
#5 C:\\xampp\\htdocs\\laravel-php3\\example-app\\vendor\\laravel\\framework\\src\\Illuminate\\View\\Engines\\CompilerEngine.php(75): Illuminate\\View\\Engines\\PhpEngine->evaluatePath()
#6 C:\\xampp\\htdocs\\laravel-php3\\example-app\\vendor\\laravel\\framework\\src\\Illuminate\\View\\View.php(209): Illuminate\\View\\Engines\\CompilerEngine->get()
#7 C:\\xampp\\htdocs\\laravel-php3\\example-app\\vendor\\laravel\\framework\\src\\Illuminate\\View\\View.php(192): Illuminate\\View\\View->getContents()
#8 C:\\xampp\\htdocs\\laravel-php3\\example-app\\vendor\\laravel\\framework\\src\\Illuminate\\View\\View.php(161): Illuminate\\View\\View->renderContents()
#9 C:\\xampp\\htdocs\\laravel-php3\\example-app\\vendor\\laravel\\framework\\src\\Illuminate\\Http\\Response.php(79): Illuminate\\View\\View->render()
#10 C:\\xampp\\htdocs\\laravel-php3\\example-app\\vendor\\laravel\\framework\\src\\Illuminate\\Http\\Response.php(35): Illuminate\\Http\\Response->setContent()
#11 C:\\xampp\\htdocs\\laravel-php3\\example-app\\vendor\\laravel\\framework\\src\\Illuminate\\Routing\\Router.php(920): Illuminate\\Http\\Response->__construct()
#12 C:\\xampp\\htdocs\\laravel-php3\\example-app\\vendor\\laravel\\framework\\src\\Illuminate\\Routing\\Router.php(887): Illuminate\\Routing\\Router::toResponse()
#13 C:\\xampp\\htdocs\\laravel-php3\\example-app\\vendor\\laravel\\framework\\src\\Illuminate\\Routing\\Router.php(807): Illuminate\\Routing\\Router->prepareResponse()
#14 C:\\xampp\\htdocs\\laravel-php3\\example-app\\vendor\\laravel\\framework\\src\\Illuminate\\Pipeline\\Pipeline.php(170): Illuminate\\Routing\\Router->Illuminate\\Routing\\{closure}()
#15 C:\\xampp\\htdocs\\laravel-php3\\example-app\\vendor\\laravel\\framework\\src\\Illuminate\\Routing\\Middleware\\SubstituteBindings.php(51): Illuminate\\Pipeline\\Pipeline->Illuminate\\Pipeline\\{closure}()
#16 C:\\xampp\\htdocs\\laravel-php3\\example-app\\vendor\\laravel\\framework\\src\\Illuminate\\Pipeline\\Pipeline.php(209): Illuminate\\Routing\\Middleware\\SubstituteBindings->handle()
#17 C:\\xampp\\htdocs\\laravel-php3\\example-app\\vendor\\laravel\\framework\\src\\Illuminate\\Auth\\Middleware\\Authenticate.php(64): Illuminate\\Pipeline\\Pipeline->Illuminate\\Pipeline\\{closure}()
#18 C:\\xampp\\htdocs\\laravel-php3\\example-app\\vendor\\laravel\\framework\\src\\Illuminate\\Pipeline\\Pipeline.php(209): Illuminate\\Auth\\Middleware\\Authenticate->handle()
#19 C:\\xampp\\htdocs\\laravel-php3\\example-app\\vendor\\laravel\\framework\\src\\Illuminate\\Foundation\\Http\\Middleware\\VerifyCsrfToken.php(88): Illuminate\\Pipeline\\Pipeline->Illuminate\\Pipeline\\{closure}()
#20 C:\\xampp\\htdocs\\laravel-php3\\example-app\\vendor\\laravel\\framework\\src\\Illuminate\\Pipeline\\Pipeline.php(209): Illuminate\\Foundation\\Http\\Middleware\\VerifyCsrfToken->handle()
#21 C:\\xampp\\htdocs\\laravel-php3\\example-app\\vendor\\laravel\\framework\\src\\Illuminate\\View\\Middleware\\ShareErrorsFromSession.php(49): Illuminate\\Pipeline\\Pipeline->Illuminate\\Pipeline\\{closure}()
#22 C:\\xampp\\htdocs\\laravel-php3\\example-app\\vendor\\laravel\\framework\\src\\Illuminate\\Pipeline\\Pipeline.php(209): Illuminate\\View\\Middleware\\ShareErrorsFromSession->handle()
#23 C:\\xampp\\htdocs\\laravel-php3\\example-app\\vendor\\laravel\\framework\\src\\Illuminate\\Session\\Middleware\\StartSession.php(121): Illuminate\\Pipeline\\Pipeline->Illuminate\\Pipeline\\{closure}()
#24 C:\\xampp\\htdocs\\laravel-php3\\example-app\\vendor\\laravel\\framework\\src\\Illuminate\\Session\\Middleware\\StartSession.php(64): Illuminate\\Session\\Middleware\\StartSession->handleStatefulRequest()
#25 C:\\xampp\\htdocs\\laravel-php3\\example-app\\vendor\\laravel\\framework\\src\\Illuminate\\Pipeline\\Pipeline.php(209): Illuminate\\Session\\Middleware\\StartSession->handle()
#26 C:\\xampp\\htdocs\\laravel-php3\\example-app\\vendor\\laravel\\framework\\src\\Illuminate\\Cookie\\Middleware\\AddQueuedCookiesToResponse.php(37): Illuminate\\Pipeline\\Pipeline->Illuminate\\Pipeline\\{closure}()
#27 C:\\xampp\\htdocs\\laravel-php3\\example-app\\vendor\\laravel\\framework\\src\\Illuminate\\Pipeline\\Pipeline.php(209): Illuminate\\Cookie\\Middleware\\AddQueuedCookiesToResponse->handle()
#28 C:\\xampp\\htdocs\\laravel-php3\\example-app\\vendor\\laravel\\framework\\src\\Illuminate\\Cookie\\Middleware\\EncryptCookies.php(75): Illuminate\\Pipeline\\Pipeline->Illuminate\\Pipeline\\{closure}()
#29 C:\\xampp\\htdocs\\laravel-php3\\example-app\\vendor\\laravel\\framework\\src\\Illuminate\\Pipeline\\Pipeline.php(209): Illuminate\\Cookie\\Middleware\\EncryptCookies->handle()
#30 C:\\xampp\\htdocs\\laravel-php3\\example-app\\vendor\\laravel\\framework\\src\\Illuminate\\Pipeline\\Pipeline.php(127): Illuminate\\Pipeline\\Pipeline->Illuminate\\Pipeline\\{closure}()
#31 C:\\xampp\\htdocs\\laravel-php3\\example-app\\vendor\\laravel\\framework\\src\\Illuminate\\Routing\\Router.php(807): Illuminate\\Pipeline\\Pipeline->then()
#32 C:\\xampp\\htdocs\\laravel-php3\\example-app\\vendor\\laravel\\framework\\src\\Illuminate\\Routing\\Router.php(786): Illuminate\\Routing\\Router->runRouteWithinStack()
#33 C:\\xampp\\htdocs\\laravel-php3\\example-app\\vendor\\laravel\\framework\\src\\Illuminate\\Routing\\Router.php(750): Illuminate\\Routing\\Router->runRoute()
#34 C:\\xampp\\htdocs\\laravel-php3\\example-app\\vendor\\laravel\\framework\\src\\Illuminate\\Routing\\Router.php(739): Illuminate\\Routing\\Router->dispatchToRoute()
#35 C:\\xampp\\htdocs\\laravel-php3\\example-app\\vendor\\laravel\\framework\\src\\Illuminate\\Foundation\\Http\\Kernel.php(201): Illuminate\\Routing\\Router->dispatch()
#36 C:\\xampp\\htdocs\\laravel-php3\\example-app\\vendor\\laravel\\framework\\src\\Illuminate\\Pipeline\\Pipeline.php(170): Illuminate\\Foundation\\Http\\Kernel->Illuminate\\Foundation\\Http\\{closure}()
#37 C:\\xampp\\htdocs\\laravel-php3\\example-app\\vendor\\laravel\\framework\\src\\Illuminate\\Foundation\\Http\\Middleware\\TransformsRequest.php(21): Illuminate\\Pipeline\\Pipeline->Illuminate\\Pipeline\\{closure}()
#38 C:\\xampp\\htdocs\\laravel-php3\\example-app\\vendor\\laravel\\framework\\src\\Illuminate\\Foundation\\Http\\Middleware\\ConvertEmptyStringsToNull.php(31): Illuminate\\Foundation\\Http\\Middleware\\TransformsRequest->handle()
#39 C:\\xampp\\htdocs\\laravel-php3\\example-app\\vendor\\laravel\\framework\\src\\Illuminate\\Pipeline\\Pipeline.php(209): Illuminate\\Foundation\\Http\\Middleware\\ConvertEmptyStringsToNull->handle()
#40 C:\\xampp\\htdocs\\laravel-php3\\example-app\\vendor\\laravel\\framework\\src\\Illuminate\\Foundation\\Http\\Middleware\\TransformsRequest.php(21): Illuminate\\Pipeline\\Pipeline->Illuminate\\Pipeline\\{closure}()
#41 C:\\xampp\\htdocs\\laravel-php3\\example-app\\vendor\\laravel\\framework\\src\\Illuminate\\Foundation\\Http\\Middleware\\TrimStrings.php(51): Illuminate\\Foundation\\Http\\Middleware\\TransformsRequest->handle()
#42 C:\\xampp\\htdocs\\laravel-php3\\example-app\\vendor\\laravel\\framework\\src\\Illuminate\\Pipeline\\Pipeline.php(209): Illuminate\\Foundation\\Http\\Middleware\\TrimStrings->handle()
#43 C:\\xampp\\htdocs\\laravel-php3\\example-app\\vendor\\laravel\\framework\\src\\Illuminate\\Http\\Middleware\\ValidatePostSize.php(27): Illuminate\\Pipeline\\Pipeline->Illuminate\\Pipeline\\{closure}()
#44 C:\\xampp\\htdocs\\laravel-php3\\example-app\\vendor\\laravel\\framework\\src\\Illuminate\\Pipeline\\Pipeline.php(209): Illuminate\\Http\\Middleware\\ValidatePostSize->handle()
#45 C:\\xampp\\htdocs\\laravel-php3\\example-app\\vendor\\laravel\\framework\\src\\Illuminate\\Foundation\\Http\\Middleware\\PreventRequestsDuringMaintenance.php(110): Illuminate\\Pipeline\\Pipeline->Illuminate\\Pipeline\\{closure}()
#46 C:\\xampp\\htdocs\\laravel-php3\\example-app\\vendor\\laravel\\framework\\src\\Illuminate\\Pipeline\\Pipeline.php(209): Illuminate\\Foundation\\Http\\Middleware\\PreventRequestsDuringMaintenance->handle()
#47 C:\\xampp\\htdocs\\laravel-php3\\example-app\\vendor\\laravel\\framework\\src\\Illuminate\\Http\\Middleware\\HandleCors.php(49): Illuminate\\Pipeline\\Pipeline->Illuminate\\Pipeline\\{closure}()
#48 C:\\xampp\\htdocs\\laravel-php3\\example-app\\vendor\\laravel\\framework\\src\\Illuminate\\Pipeline\\Pipeline.php(209): Illuminate\\Http\\Middleware\\HandleCors->handle()
#49 C:\\xampp\\htdocs\\laravel-php3\\example-app\\vendor\\laravel\\framework\\src\\Illuminate\\Http\\Middleware\\TrustProxies.php(58): Illuminate\\Pipeline\\Pipeline->Illuminate\\Pipeline\\{closure}()
#50 C:\\xampp\\htdocs\\laravel-php3\\example-app\\vendor\\laravel\\framework\\src\\Illuminate\\Pipeline\\Pipeline.php(209): Illuminate\\Http\\Middleware\\TrustProxies->handle()
#51 C:\\xampp\\htdocs\\laravel-php3\\example-app\\vendor\\laravel\\framework\\src\\Illuminate\\Foundation\\Http\\Middleware\\InvokeDeferredCallbacks.php(22): Illuminate\\Pipeline\\Pipeline->Illuminate\\Pipeline\\{closure}()
#52 C:\\xampp\\htdocs\\laravel-php3\\example-app\\vendor\\laravel\\framework\\src\\Illuminate\\Pipeline\\Pipeline.php(209): Illuminate\\Foundation\\Http\\Middleware\\InvokeDeferredCallbacks->handle()
#53 C:\\xampp\\htdocs\\laravel-php3\\example-app\\vendor\\laravel\\framework\\src\\Illuminate\\Http\\Middleware\\ValidatePathEncoding.php(26): Illuminate\\Pipeline\\Pipeline->Illuminate\\Pipeline\\{closure}()
#54 C:\\xampp\\htdocs\\laravel-php3\\example-app\\vendor\\laravel\\framework\\src\\Illuminate\\Pipeline\\Pipeline.php(209): Illuminate\\Http\\Middleware\\ValidatePathEncoding->handle()
#55 C:\\xampp\\htdocs\\laravel-php3\\example-app\\vendor\\laravel\\framework\\src\\Illuminate\\Pipeline\\Pipeline.php(127): Illuminate\\Pipeline\\Pipeline->Illuminate\\Pipeline\\{closure}()
#56 C:\\xampp\\htdocs\\laravel-php3\\example-app\\vendor\\laravel\\framework\\src\\Illuminate\\Foundation\\Http\\Kernel.php(176): Illuminate\\Pipeline\\Pipeline->then()
#57 C:\\xampp\\htdocs\\laravel-php3\\example-app\\vendor\\laravel\\framework\\src\\Illuminate\\Foundation\\Http\\Kernel.php(145): Illuminate\\Foundation\\Http\\Kernel->sendRequestThroughRouter()
#58 C:\\xampp\\htdocs\\laravel-php3\\example-app\\vendor\\laravel\\framework\\src\\Illuminate\\Foundation\\Application.php(1220): Illuminate\\Foundation\\Http\\Kernel->handle()
#59 C:\\xampp\\htdocs\\laravel-php3\\example-app\\public\\index.php(20): Illuminate\\Foundation\\Application->handleRequest()
#60 C:\\xampp\\htdocs\\laravel-php3\\example-app\\vendor\\laravel\\framework\\src\\Illuminate\\Foundation\\resources\\server.php(23): require_once('...')
#61 {main}
"} 
[2025-04-11 05:35:32] local.ERROR: Call to undefined method App\Http\Controllers\CheckoutController::adminIndex() {"userId":1,"exception":"[object] (Error(code: 0): Call to undefined method App\\Http\\Controllers\\CheckoutController::adminIndex() at C:\\xampp\\htdocs\\laravel-php3\\example-app\\vendor\\laravel\\framework\\src\\Illuminate\\Routing\\ControllerDispatcher.php:47)
[stacktrace]
#0 C:\\xampp\\htdocs\\laravel-php3\\example-app\\vendor\\laravel\\framework\\src\\Illuminate\\Routing\\Route.php(266): Illuminate\\Routing\\ControllerDispatcher->dispatch()
#1 C:\\xampp\\htdocs\\laravel-php3\\example-app\\vendor\\laravel\\framework\\src\\Illuminate\\Routing\\Route.php(212): Illuminate\\Routing\\Route->runController()
#2 C:\\xampp\\htdocs\\laravel-php3\\example-app\\vendor\\laravel\\framework\\src\\Illuminate\\Routing\\Router.php(808): Illuminate\\Routing\\Route->run()
#3 C:\\xampp\\htdocs\\laravel-php3\\example-app\\vendor\\laravel\\framework\\src\\Illuminate\\Pipeline\\Pipeline.php(170): Illuminate\\Routing\\Router->Illuminate\\Routing\\{closure}()
#4 C:\\xampp\\htdocs\\laravel-php3\\example-app\\vendor\\laravel\\framework\\src\\Illuminate\\Routing\\Middleware\\SubstituteBindings.php(51): Illuminate\\Pipeline\\Pipeline->Illuminate\\Pipeline\\{closure}()
#5 C:\\xampp\\htdocs\\laravel-php3\\example-app\\vendor\\laravel\\framework\\src\\Illuminate\\Pipeline\\Pipeline.php(209): Illuminate\\Routing\\Middleware\\SubstituteBindings->handle()
#6 C:\\xampp\\htdocs\\laravel-php3\\example-app\\vendor\\laravel\\framework\\src\\Illuminate\\Foundation\\Http\\Middleware\\VerifyCsrfToken.php(88): Illuminate\\Pipeline\\Pipeline->Illuminate\\Pipeline\\{closure}()
#7 C:\\xampp\\htdocs\\laravel-php3\\example-app\\vendor\\laravel\\framework\\src\\Illuminate\\Pipeline\\Pipeline.php(209): Illuminate\\Foundation\\Http\\Middleware\\VerifyCsrfToken->handle()
#8 C:\\xampp\\htdocs\\laravel-php3\\example-app\\vendor\\laravel\\framework\\src\\Illuminate\\View\\Middleware\\ShareErrorsFromSession.php(49): Illuminate\\Pipeline\\Pipeline->Illuminate\\Pipeline\\{closure}()
#9 C:\\xampp\\htdocs\\laravel-php3\\example-app\\vendor\\laravel\\framework\\src\\Illuminate\\Pipeline\\Pipeline.php(209): Illuminate\\View\\Middleware\\ShareErrorsFromSession->handle()
#10 C:\\xampp\\htdocs\\laravel-php3\\example-app\\vendor\\laravel\\framework\\src\\Illuminate\\Session\\Middleware\\StartSession.php(121): Illuminate\\Pipeline\\Pipeline->Illuminate\\Pipeline\\{closure}()
#11 C:\\xampp\\htdocs\\laravel-php3\\example-app\\vendor\\laravel\\framework\\src\\Illuminate\\Session\\Middleware\\StartSession.php(64): Illuminate\\Session\\Middleware\\StartSession->handleStatefulRequest()
#12 C:\\xampp\\htdocs\\laravel-php3\\example-app\\vendor\\laravel\\framework\\src\\Illuminate\\Pipeline\\Pipeline.php(209): Illuminate\\Session\\Middleware\\StartSession->handle()
#13 C:\\xampp\\htdocs\\laravel-php3\\example-app\\vendor\\laravel\\framework\\src\\Illuminate\\Cookie\\Middleware\\AddQueuedCookiesToResponse.php(37): Illuminate\\Pipeline\\Pipeline->Illuminate\\Pipeline\\{closure}()
#14 C:\\xampp\\htdocs\\laravel-php3\\example-app\\vendor\\laravel\\framework\\src\\Illuminate\\Pipeline\\Pipeline.php(209): Illuminate\\Cookie\\Middleware\\AddQueuedCookiesToResponse->handle()
#15 C:\\xampp\\htdocs\\laravel-php3\\example-app\\vendor\\laravel\\framework\\src\\Illuminate\\Cookie\\Middleware\\EncryptCookies.php(75): Illuminate\\Pipeline\\Pipeline->Illuminate\\Pipeline\\{closure}()
#16 C:\\xampp\\htdocs\\laravel-php3\\example-app\\vendor\\laravel\\framework\\src\\Illuminate\\Pipeline\\Pipeline.php(209): Illuminate\\Cookie\\Middleware\\EncryptCookies->handle()
#17 C:\\xampp\\htdocs\\laravel-php3\\example-app\\vendor\\laravel\\framework\\src\\Illuminate\\Pipeline\\Pipeline.php(127): Illuminate\\Pipeline\\Pipeline->Illuminate\\Pipeline\\{closure}()
#18 C:\\xampp\\htdocs\\laravel-php3\\example-app\\vendor\\laravel\\framework\\src\\Illuminate\\Routing\\Router.php(807): Illuminate\\Pipeline\\Pipeline->then()
#19 C:\\xampp\\htdocs\\laravel-php3\\example-app\\vendor\\laravel\\framework\\src\\Illuminate\\Routing\\Router.php(786): Illuminate\\Routing\\Router->runRouteWithinStack()
#20 C:\\xampp\\htdocs\\laravel-php3\\example-app\\vendor\\laravel\\framework\\src\\Illuminate\\Routing\\Router.php(750): Illuminate\\Routing\\Router->runRoute()
#21 C:\\xampp\\htdocs\\laravel-php3\\example-app\\vendor\\laravel\\framework\\src\\Illuminate\\Routing\\Router.php(739): Illuminate\\Routing\\Router->dispatchToRoute()
#22 C:\\xampp\\htdocs\\laravel-php3\\example-app\\vendor\\laravel\\framework\\src\\Illuminate\\Foundation\\Http\\Kernel.php(201): Illuminate\\Routing\\Router->dispatch()
#23 C:\\xampp\\htdocs\\laravel-php3\\example-app\\vendor\\laravel\\framework\\src\\Illuminate\\Pipeline\\Pipeline.php(170): Illuminate\\Foundation\\Http\\Kernel->Illuminate\\Foundation\\Http\\{closure}()
#24 C:\\xampp\\htdocs\\laravel-php3\\example-app\\vendor\\laravel\\framework\\src\\Illuminate\\Foundation\\Http\\Middleware\\TransformsRequest.php(21): Illuminate\\Pipeline\\Pipeline->Illuminate\\Pipeline\\{closure}()
#25 C:\\xampp\\htdocs\\laravel-php3\\example-app\\vendor\\laravel\\framework\\src\\Illuminate\\Foundation\\Http\\Middleware\\ConvertEmptyStringsToNull.php(31): Illuminate\\Foundation\\Http\\Middleware\\TransformsRequest->handle()
#26 C:\\xampp\\htdocs\\laravel-php3\\example-app\\vendor\\laravel\\framework\\src\\Illuminate\\Pipeline\\Pipeline.php(209): Illuminate\\Foundation\\Http\\Middleware\\ConvertEmptyStringsToNull->handle()
#27 C:\\xampp\\htdocs\\laravel-php3\\example-app\\vendor\\laravel\\framework\\src\\Illuminate\\Foundation\\Http\\Middleware\\TransformsRequest.php(21): Illuminate\\Pipeline\\Pipeline->Illuminate\\Pipeline\\{closure}()
#28 C:\\xampp\\htdocs\\laravel-php3\\example-app\\vendor\\laravel\\framework\\src\\Illuminate\\Foundation\\Http\\Middleware\\TrimStrings.php(51): Illuminate\\Foundation\\Http\\Middleware\\TransformsRequest->handle()
#29 C:\\xampp\\htdocs\\laravel-php3\\example-app\\vendor\\laravel\\framework\\src\\Illuminate\\Pipeline\\Pipeline.php(209): Illuminate\\Foundation\\Http\\Middleware\\TrimStrings->handle()
#30 C:\\xampp\\htdocs\\laravel-php3\\example-app\\vendor\\laravel\\framework\\src\\Illuminate\\Http\\Middleware\\ValidatePostSize.php(27): Illuminate\\Pipeline\\Pipeline->Illuminate\\Pipeline\\{closure}()
#31 C:\\xampp\\htdocs\\laravel-php3\\example-app\\vendor\\laravel\\framework\\src\\Illuminate\\Pipeline\\Pipeline.php(209): Illuminate\\Http\\Middleware\\ValidatePostSize->handle()
#32 C:\\xampp\\htdocs\\laravel-php3\\example-app\\vendor\\laravel\\framework\\src\\Illuminate\\Foundation\\Http\\Middleware\\PreventRequestsDuringMaintenance.php(110): Illuminate\\Pipeline\\Pipeline->Illuminate\\Pipeline\\{closure}()
#33 C:\\xampp\\htdocs\\laravel-php3\\example-app\\vendor\\laravel\\framework\\src\\Illuminate\\Pipeline\\Pipeline.php(209): Illuminate\\Foundation\\Http\\Middleware\\PreventRequestsDuringMaintenance->handle()
#34 C:\\xampp\\htdocs\\laravel-php3\\example-app\\vendor\\laravel\\framework\\src\\Illuminate\\Http\\Middleware\\HandleCors.php(49): Illuminate\\Pipeline\\Pipeline->Illuminate\\Pipeline\\{closure}()
#35 C:\\xampp\\htdocs\\laravel-php3\\example-app\\vendor\\laravel\\framework\\src\\Illuminate\\Pipeline\\Pipeline.php(209): Illuminate\\Http\\Middleware\\HandleCors->handle()
#36 C:\\xampp\\htdocs\\laravel-php3\\example-app\\vendor\\laravel\\framework\\src\\Illuminate\\Http\\Middleware\\TrustProxies.php(58): Illuminate\\Pipeline\\Pipeline->Illuminate\\Pipeline\\{closure}()
#37 C:\\xampp\\htdocs\\laravel-php3\\example-app\\vendor\\laravel\\framework\\src\\Illuminate\\Pipeline\\Pipeline.php(209): Illuminate\\Http\\Middleware\\TrustProxies->handle()
#38 C:\\xampp\\htdocs\\laravel-php3\\example-app\\vendor\\laravel\\framework\\src\\Illuminate\\Foundation\\Http\\Middleware\\InvokeDeferredCallbacks.php(22): Illuminate\\Pipeline\\Pipeline->Illuminate\\Pipeline\\{closure}()
#39 C:\\xampp\\htdocs\\laravel-php3\\example-app\\vendor\\laravel\\framework\\src\\Illuminate\\Pipeline\\Pipeline.php(209): Illuminate\\Foundation\\Http\\Middleware\\InvokeDeferredCallbacks->handle()
#40 C:\\xampp\\htdocs\\laravel-php3\\example-app\\vendor\\laravel\\framework\\src\\Illuminate\\Http\\Middleware\\ValidatePathEncoding.php(26): Illuminate\\Pipeline\\Pipeline->Illuminate\\Pipeline\\{closure}()
#41 C:\\xampp\\htdocs\\laravel-php3\\example-app\\vendor\\laravel\\framework\\src\\Illuminate\\Pipeline\\Pipeline.php(209): Illuminate\\Http\\Middleware\\ValidatePathEncoding->handle()
#42 C:\\xampp\\htdocs\\laravel-php3\\example-app\\vendor\\laravel\\framework\\src\\Illuminate\\Pipeline\\Pipeline.php(127): Illuminate\\Pipeline\\Pipeline->Illuminate\\Pipeline\\{closure}()
#43 C:\\xampp\\htdocs\\laravel-php3\\example-app\\vendor\\laravel\\framework\\src\\Illuminate\\Foundation\\Http\\Kernel.php(176): Illuminate\\Pipeline\\Pipeline->then()
#44 C:\\xampp\\htdocs\\laravel-php3\\example-app\\vendor\\laravel\\framework\\src\\Illuminate\\Foundation\\Http\\Kernel.php(145): Illuminate\\Foundation\\Http\\Kernel->sendRequestThroughRouter()
#45 C:\\xampp\\htdocs\\laravel-php3\\example-app\\vendor\\laravel\\framework\\src\\Illuminate\\Foundation\\Application.php(1220): Illuminate\\Foundation\\Http\\Kernel->handle()
#46 C:\\xampp\\htdocs\\laravel-php3\\example-app\\public\\index.php(20): Illuminate\\Foundation\\Application->handleRequest()
#47 C:\\xampp\\htdocs\\laravel-php3\\example-app\\vendor\\laravel\\framework\\src\\Illuminate\\Foundation\\resources\\server.php(23): require_once('...')
#48 {main}
"} 
[2025-04-11 05:37:43] local.ERROR: Route [coupons.index] not defined. (View: C:\xampp\htdocs\laravel-php3\example-app\resources\views\layout\master.blade.php) (View: C:\xampp\htdocs\laravel-php3\example-app\resources\views\layout\master.blade.php) {"userId":1,"exception":"[object] (Illuminate\\View\\ViewException(code: 0): Route [coupons.index] not defined. (View: C:\\xampp\\htdocs\\laravel-php3\\example-app\\resources\\views\\layout\\master.blade.php) (View: C:\\xampp\\htdocs\\laravel-php3\\example-app\\resources\\views\\layout\\master.blade.php) at C:\\xampp\\htdocs\\laravel-php3\\example-app\\vendor\\laravel\\framework\\src\\Illuminate\\Routing\\UrlGenerator.php:527)
[stacktrace]
#0 C:\\xampp\\htdocs\\laravel-php3\\example-app\\vendor\\laravel\\framework\\src\\Illuminate\\View\\Engines\\PhpEngine.php(60): Illuminate\\View\\Engines\\CompilerEngine->handleViewException()
#1 C:\\xampp\\htdocs\\laravel-php3\\example-app\\vendor\\laravel\\framework\\src\\Illuminate\\View\\Engines\\CompilerEngine.php(75): Illuminate\\View\\Engines\\PhpEngine->evaluatePath()
#2 C:\\xampp\\htdocs\\laravel-php3\\example-app\\vendor\\laravel\\framework\\src\\Illuminate\\View\\View.php(209): Illuminate\\View\\Engines\\CompilerEngine->get()
#3 C:\\xampp\\htdocs\\laravel-php3\\example-app\\vendor\\laravel\\framework\\src\\Illuminate\\View\\View.php(192): Illuminate\\View\\View->getContents()
#4 C:\\xampp\\htdocs\\laravel-php3\\example-app\\vendor\\laravel\\framework\\src\\Illuminate\\View\\View.php(161): Illuminate\\View\\View->renderContents()
#5 C:\\xampp\\htdocs\\laravel-php3\\example-app\\vendor\\laravel\\framework\\src\\Illuminate\\Http\\Response.php(79): Illuminate\\View\\View->render()
#6 C:\\xampp\\htdocs\\laravel-php3\\example-app\\vendor\\laravel\\framework\\src\\Illuminate\\Http\\Response.php(35): Illuminate\\Http\\Response->setContent()
#7 C:\\xampp\\htdocs\\laravel-php3\\example-app\\vendor\\laravel\\framework\\src\\Illuminate\\Routing\\Router.php(920): Illuminate\\Http\\Response->__construct()
#8 C:\\xampp\\htdocs\\laravel-php3\\example-app\\vendor\\laravel\\framework\\src\\Illuminate\\Routing\\Router.php(887): Illuminate\\Routing\\Router::toResponse()
#9 C:\\xampp\\htdocs\\laravel-php3\\example-app\\vendor\\laravel\\framework\\src\\Illuminate\\Routing\\Router.php(807): Illuminate\\Routing\\Router->prepareResponse()
#10 C:\\xampp\\htdocs\\laravel-php3\\example-app\\vendor\\laravel\\framework\\src\\Illuminate\\Pipeline\\Pipeline.php(170): Illuminate\\Routing\\Router->Illuminate\\Routing\\{closure}()
#11 C:\\xampp\\htdocs\\laravel-php3\\example-app\\app\\Http\\Middleware\\AdminMiddleware.php(22): Illuminate\\Pipeline\\Pipeline->Illuminate\\Pipeline\\{closure}()
#12 C:\\xampp\\htdocs\\laravel-php3\\example-app\\vendor\\laravel\\framework\\src\\Illuminate\\Pipeline\\Pipeline.php(209): App\\Http\\Middleware\\AdminMiddleware->handle()
#13 C:\\xampp\\htdocs\\laravel-php3\\example-app\\vendor\\laravel\\framework\\src\\Illuminate\\Routing\\Middleware\\SubstituteBindings.php(51): Illuminate\\Pipeline\\Pipeline->Illuminate\\Pipeline\\{closure}()
#14 C:\\xampp\\htdocs\\laravel-php3\\example-app\\vendor\\laravel\\framework\\src\\Illuminate\\Pipeline\\Pipeline.php(209): Illuminate\\Routing\\Middleware\\SubstituteBindings->handle()
#15 C:\\xampp\\htdocs\\laravel-php3\\example-app\\vendor\\laravel\\framework\\src\\Illuminate\\Auth\\Middleware\\Authenticate.php(64): Illuminate\\Pipeline\\Pipeline->Illuminate\\Pipeline\\{closure}()
#16 C:\\xampp\\htdocs\\laravel-php3\\example-app\\vendor\\laravel\\framework\\src\\Illuminate\\Pipeline\\Pipeline.php(209): Illuminate\\Auth\\Middleware\\Authenticate->handle()
#17 C:\\xampp\\htdocs\\laravel-php3\\example-app\\vendor\\laravel\\framework\\src\\Illuminate\\Foundation\\Http\\Middleware\\VerifyCsrfToken.php(88): Illuminate\\Pipeline\\Pipeline->Illuminate\\Pipeline\\{closure}()
#18 C:\\xampp\\htdocs\\laravel-php3\\example-app\\vendor\\laravel\\framework\\src\\Illuminate\\Pipeline\\Pipeline.php(209): Illuminate\\Foundation\\Http\\Middleware\\VerifyCsrfToken->handle()
#19 C:\\xampp\\htdocs\\laravel-php3\\example-app\\vendor\\laravel\\framework\\src\\Illuminate\\View\\Middleware\\ShareErrorsFromSession.php(49): Illuminate\\Pipeline\\Pipeline->Illuminate\\Pipeline\\{closure}()
#20 C:\\xampp\\htdocs\\laravel-php3\\example-app\\vendor\\laravel\\framework\\src\\Illuminate\\Pipeline\\Pipeline.php(209): Illuminate\\View\\Middleware\\ShareErrorsFromSession->handle()
#21 C:\\xampp\\htdocs\\laravel-php3\\example-app\\vendor\\laravel\\framework\\src\\Illuminate\\Session\\Middleware\\StartSession.php(121): Illuminate\\Pipeline\\Pipeline->Illuminate\\Pipeline\\{closure}()
#22 C:\\xampp\\htdocs\\laravel-php3\\example-app\\vendor\\laravel\\framework\\src\\Illuminate\\Session\\Middleware\\StartSession.php(64): Illuminate\\Session\\Middleware\\StartSession->handleStatefulRequest()
#23 C:\\xampp\\htdocs\\laravel-php3\\example-app\\vendor\\laravel\\framework\\src\\Illuminate\\Pipeline\\Pipeline.php(209): Illuminate\\Session\\Middleware\\StartSession->handle()
#24 C:\\xampp\\htdocs\\laravel-php3\\example-app\\vendor\\laravel\\framework\\src\\Illuminate\\Cookie\\Middleware\\AddQueuedCookiesToResponse.php(37): Illuminate\\Pipeline\\Pipeline->Illuminate\\Pipeline\\{closure}()
#25 C:\\xampp\\htdocs\\laravel-php3\\example-app\\vendor\\laravel\\framework\\src\\Illuminate\\Pipeline\\Pipeline.php(209): Illuminate\\Cookie\\Middleware\\AddQueuedCookiesToResponse->handle()
#26 C:\\xampp\\htdocs\\laravel-php3\\example-app\\vendor\\laravel\\framework\\src\\Illuminate\\Cookie\\Middleware\\EncryptCookies.php(75): Illuminate\\Pipeline\\Pipeline->Illuminate\\Pipeline\\{closure}()
#27 C:\\xampp\\htdocs\\laravel-php3\\example-app\\vendor\\laravel\\framework\\src\\Illuminate\\Pipeline\\Pipeline.php(209): Illuminate\\Cookie\\Middleware\\EncryptCookies->handle()
#28 C:\\xampp\\htdocs\\laravel-php3\\example-app\\vendor\\laravel\\framework\\src\\Illuminate\\Pipeline\\Pipeline.php(127): Illuminate\\Pipeline\\Pipeline->Illuminate\\Pipeline\\{closure}()
#29 C:\\xampp\\htdocs\\laravel-php3\\example-app\\vendor\\laravel\\framework\\src\\Illuminate\\Routing\\Router.php(807): Illuminate\\Pipeline\\Pipeline->then()
#30 C:\\xampp\\htdocs\\laravel-php3\\example-app\\vendor\\laravel\\framework\\src\\Illuminate\\Routing\\Router.php(786): Illuminate\\Routing\\Router->runRouteWithinStack()
#31 C:\\xampp\\htdocs\\laravel-php3\\example-app\\vendor\\laravel\\framework\\src\\Illuminate\\Routing\\Router.php(750): Illuminate\\Routing\\Router->runRoute()
#32 C:\\xampp\\htdocs\\laravel-php3\\example-app\\vendor\\laravel\\framework\\src\\Illuminate\\Routing\\Router.php(739): Illuminate\\Routing\\Router->dispatchToRoute()
#33 C:\\xampp\\htdocs\\laravel-php3\\example-app\\vendor\\laravel\\framework\\src\\Illuminate\\Foundation\\Http\\Kernel.php(201): Illuminate\\Routing\\Router->dispatch()
#34 C:\\xampp\\htdocs\\laravel-php3\\example-app\\vendor\\laravel\\framework\\src\\Illuminate\\Pipeline\\Pipeline.php(170): Illuminate\\Foundation\\Http\\Kernel->Illuminate\\Foundation\\Http\\{closure}()
#35 C:\\xampp\\htdocs\\laravel-php3\\example-app\\vendor\\laravel\\framework\\src\\Illuminate\\Foundation\\Http\\Middleware\\TransformsRequest.php(21): Illuminate\\Pipeline\\Pipeline->Illuminate\\Pipeline\\{closure}()
#36 C:\\xampp\\htdocs\\laravel-php3\\example-app\\vendor\\laravel\\framework\\src\\Illuminate\\Foundation\\Http\\Middleware\\ConvertEmptyStringsToNull.php(31): Illuminate\\Foundation\\Http\\Middleware\\TransformsRequest->handle()
#37 C:\\xampp\\htdocs\\laravel-php3\\example-app\\vendor\\laravel\\framework\\src\\Illuminate\\Pipeline\\Pipeline.php(209): Illuminate\\Foundation\\Http\\Middleware\\ConvertEmptyStringsToNull->handle()
#38 C:\\xampp\\htdocs\\laravel-php3\\example-app\\vendor\\laravel\\framework\\src\\Illuminate\\Foundation\\Http\\Middleware\\TransformsRequest.php(21): Illuminate\\Pipeline\\Pipeline->Illuminate\\Pipeline\\{closure}()
#39 C:\\xampp\\htdocs\\laravel-php3\\example-app\\vendor\\laravel\\framework\\src\\Illuminate\\Foundation\\Http\\Middleware\\TrimStrings.php(51): Illuminate\\Foundation\\Http\\Middleware\\TransformsRequest->handle()
#40 C:\\xampp\\htdocs\\laravel-php3\\example-app\\vendor\\laravel\\framework\\src\\Illuminate\\Pipeline\\Pipeline.php(209): Illuminate\\Foundation\\Http\\Middleware\\TrimStrings->handle()
#41 C:\\xampp\\htdocs\\laravel-php3\\example-app\\vendor\\laravel\\framework\\src\\Illuminate\\Http\\Middleware\\ValidatePostSize.php(27): Illuminate\\Pipeline\\Pipeline->Illuminate\\Pipeline\\{closure}()
#42 C:\\xampp\\htdocs\\laravel-php3\\example-app\\vendor\\laravel\\framework\\src\\Illuminate\\Pipeline\\Pipeline.php(209): Illuminate\\Http\\Middleware\\ValidatePostSize->handle()
#43 C:\\xampp\\htdocs\\laravel-php3\\example-app\\vendor\\laravel\\framework\\src\\Illuminate\\Foundation\\Http\\Middleware\\PreventRequestsDuringMaintenance.php(110): Illuminate\\Pipeline\\Pipeline->Illuminate\\Pipeline\\{closure}()
#44 C:\\xampp\\htdocs\\laravel-php3\\example-app\\vendor\\laravel\\framework\\src\\Illuminate\\Pipeline\\Pipeline.php(209): Illuminate\\Foundation\\Http\\Middleware\\PreventRequestsDuringMaintenance->handle()
#45 C:\\xampp\\htdocs\\laravel-php3\\example-app\\vendor\\laravel\\framework\\src\\Illuminate\\Http\\Middleware\\HandleCors.php(49): Illuminate\\Pipeline\\Pipeline->Illuminate\\Pipeline\\{closure}()
#46 C:\\xampp\\htdocs\\laravel-php3\\example-app\\vendor\\laravel\\framework\\src\\Illuminate\\Pipeline\\Pipeline.php(209): Illuminate\\Http\\Middleware\\HandleCors->handle()
#47 C:\\xampp\\htdocs\\laravel-php3\\example-app\\vendor\\laravel\\framework\\src\\Illuminate\\Http\\Middleware\\TrustProxies.php(58): Illuminate\\Pipeline\\Pipeline->Illuminate\\Pipeline\\{closure}()
#48 C:\\xampp\\htdocs\\laravel-php3\\example-app\\vendor\\laravel\\framework\\src\\Illuminate\\Pipeline\\Pipeline.php(209): Illuminate\\Http\\Middleware\\TrustProxies->handle()
#49 C:\\xampp\\htdocs\\laravel-php3\\example-app\\vendor\\laravel\\framework\\src\\Illuminate\\Foundation\\Http\\Middleware\\InvokeDeferredCallbacks.php(22): Illuminate\\Pipeline\\Pipeline->Illuminate\\Pipeline\\{closure}()
#50 C:\\xampp\\htdocs\\laravel-php3\\example-app\\vendor\\laravel\\framework\\src\\Illuminate\\Pipeline\\Pipeline.php(209): Illuminate\\Foundation\\Http\\Middleware\\InvokeDeferredCallbacks->handle()
#51 C:\\xampp\\htdocs\\laravel-php3\\example-app\\vendor\\laravel\\framework\\src\\Illuminate\\Http\\Middleware\\ValidatePathEncoding.php(26): Illuminate\\Pipeline\\Pipeline->Illuminate\\Pipeline\\{closure}()
#52 C:\\xampp\\htdocs\\laravel-php3\\example-app\\vendor\\laravel\\framework\\src\\Illuminate\\Pipeline\\Pipeline.php(209): Illuminate\\Http\\Middleware\\ValidatePathEncoding->handle()
#53 C:\\xampp\\htdocs\\laravel-php3\\example-app\\vendor\\laravel\\framework\\src\\Illuminate\\Pipeline\\Pipeline.php(127): Illuminate\\Pipeline\\Pipeline->Illuminate\\Pipeline\\{closure}()
#54 C:\\xampp\\htdocs\\laravel-php3\\example-app\\vendor\\laravel\\framework\\src\\Illuminate\\Foundation\\Http\\Kernel.php(176): Illuminate\\Pipeline\\Pipeline->then()
#55 C:\\xampp\\htdocs\\laravel-php3\\example-app\\vendor\\laravel\\framework\\src\\Illuminate\\Foundation\\Http\\Kernel.php(145): Illuminate\\Foundation\\Http\\Kernel->sendRequestThroughRouter()
#56 C:\\xampp\\htdocs\\laravel-php3\\example-app\\vendor\\laravel\\framework\\src\\Illuminate\\Foundation\\Application.php(1220): Illuminate\\Foundation\\Http\\Kernel->handle()
#57 C:\\xampp\\htdocs\\laravel-php3\\example-app\\public\\index.php(20): Illuminate\\Foundation\\Application->handleRequest()
#58 C:\\xampp\\htdocs\\laravel-php3\\example-app\\vendor\\laravel\\framework\\src\\Illuminate\\Foundation\\resources\\server.php(23): require_once('...')
#59 {main}

[previous exception] [object] (Illuminate\\View\\ViewException(code: 0): Route [coupons.index] not defined. (View: C:\\xampp\\htdocs\\laravel-php3\\example-app\\resources\\views\\layout\\master.blade.php) at C:\\xampp\\htdocs\\laravel-php3\\example-app\\vendor\\laravel\\framework\\src\\Illuminate\\Routing\\UrlGenerator.php:527)
[stacktrace]
#0 C:\\xampp\\htdocs\\laravel-php3\\example-app\\vendor\\laravel\\framework\\src\\Illuminate\\View\\Engines\\PhpEngine.php(60): Illuminate\\View\\Engines\\CompilerEngine->handleViewException()
#1 C:\\xampp\\htdocs\\laravel-php3\\example-app\\vendor\\laravel\\framework\\src\\Illuminate\\View\\Engines\\CompilerEngine.php(75): Illuminate\\View\\Engines\\PhpEngine->evaluatePath()
#2 C:\\xampp\\htdocs\\laravel-php3\\example-app\\vendor\\laravel\\framework\\src\\Illuminate\\View\\View.php(209): Illuminate\\View\\Engines\\CompilerEngine->get()
#3 C:\\xampp\\htdocs\\laravel-php3\\example-app\\vendor\\laravel\\framework\\src\\Illuminate\\View\\View.php(192): Illuminate\\View\\View->getContents()
#4 C:\\xampp\\htdocs\\laravel-php3\\example-app\\vendor\\laravel\\framework\\src\\Illuminate\\View\\View.php(161): Illuminate\\View\\View->renderContents()
#5 C:\\xampp\\htdocs\\laravel-php3\\example-app\\storage\\framework\\views\\a667edb3ae232f3c792200c106424347.php(72): Illuminate\\View\\View->render()
#6 C:\\xampp\\htdocs\\laravel-php3\\example-app\\vendor\\laravel\\framework\\src\\Illuminate\\Filesystem\\Filesystem.php(123): require('...')
#7 C:\\xampp\\htdocs\\laravel-php3\\example-app\\vendor\\laravel\\framework\\src\\Illuminate\\Filesystem\\Filesystem.php(124): Illuminate\\Filesystem\\Filesystem::Illuminate\\Filesystem\\{closure}()
#8 C:\\xampp\\htdocs\\laravel-php3\\example-app\\vendor\\laravel\\framework\\src\\Illuminate\\View\\Engines\\PhpEngine.php(58): Illuminate\\Filesystem\\Filesystem->getRequire()
#9 C:\\xampp\\htdocs\\laravel-php3\\example-app\\vendor\\laravel\\framework\\src\\Illuminate\\View\\Engines\\CompilerEngine.php(75): Illuminate\\View\\Engines\\PhpEngine->evaluatePath()
#10 C:\\xampp\\htdocs\\laravel-php3\\example-app\\vendor\\laravel\\framework\\src\\Illuminate\\View\\View.php(209): Illuminate\\View\\Engines\\CompilerEngine->get()
#11 C:\\xampp\\htdocs\\laravel-php3\\example-app\\vendor\\laravel\\framework\\src\\Illuminate\\View\\View.php(192): Illuminate\\View\\View->getContents()
#12 C:\\xampp\\htdocs\\laravel-php3\\example-app\\vendor\\laravel\\framework\\src\\Illuminate\\View\\View.php(161): Illuminate\\View\\View->renderContents()
#13 C:\\xampp\\htdocs\\laravel-php3\\example-app\\vendor\\laravel\\framework\\src\\Illuminate\\Http\\Response.php(79): Illuminate\\View\\View->render()
#14 C:\\xampp\\htdocs\\laravel-php3\\example-app\\vendor\\laravel\\framework\\src\\Illuminate\\Http\\Response.php(35): Illuminate\\Http\\Response->setContent()
#15 C:\\xampp\\htdocs\\laravel-php3\\example-app\\vendor\\laravel\\framework\\src\\Illuminate\\Routing\\Router.php(920): Illuminate\\Http\\Response->__construct()
#16 C:\\xampp\\htdocs\\laravel-php3\\example-app\\vendor\\laravel\\framework\\src\\Illuminate\\Routing\\Router.php(887): Illuminate\\Routing\\Router::toResponse()
#17 C:\\xampp\\htdocs\\laravel-php3\\example-app\\vendor\\laravel\\framework\\src\\Illuminate\\Routing\\Router.php(807): Illuminate\\Routing\\Router->prepareResponse()
#18 C:\\xampp\\htdocs\\laravel-php3\\example-app\\vendor\\laravel\\framework\\src\\Illuminate\\Pipeline\\Pipeline.php(170): Illuminate\\Routing\\Router->Illuminate\\Routing\\{closure}()
#19 C:\\xampp\\htdocs\\laravel-php3\\example-app\\app\\Http\\Middleware\\AdminMiddleware.php(22): Illuminate\\Pipeline\\Pipeline->Illuminate\\Pipeline\\{closure}()
#20 C:\\xampp\\htdocs\\laravel-php3\\example-app\\vendor\\laravel\\framework\\src\\Illuminate\\Pipeline\\Pipeline.php(209): App\\Http\\Middleware\\AdminMiddleware->handle()
#21 C:\\xampp\\htdocs\\laravel-php3\\example-app\\vendor\\laravel\\framework\\src\\Illuminate\\Routing\\Middleware\\SubstituteBindings.php(51): Illuminate\\Pipeline\\Pipeline->Illuminate\\Pipeline\\{closure}()
#22 C:\\xampp\\htdocs\\laravel-php3\\example-app\\vendor\\laravel\\framework\\src\\Illuminate\\Pipeline\\Pipeline.php(209): Illuminate\\Routing\\Middleware\\SubstituteBindings->handle()
#23 C:\\xampp\\htdocs\\laravel-php3\\example-app\\vendor\\laravel\\framework\\src\\Illuminate\\Auth\\Middleware\\Authenticate.php(64): Illuminate\\Pipeline\\Pipeline->Illuminate\\Pipeline\\{closure}()
#24 C:\\xampp\\htdocs\\laravel-php3\\example-app\\vendor\\laravel\\framework\\src\\Illuminate\\Pipeline\\Pipeline.php(209): Illuminate\\Auth\\Middleware\\Authenticate->handle()
#25 C:\\xampp\\htdocs\\laravel-php3\\example-app\\vendor\\laravel\\framework\\src\\Illuminate\\Foundation\\Http\\Middleware\\VerifyCsrfToken.php(88): Illuminate\\Pipeline\\Pipeline->Illuminate\\Pipeline\\{closure}()
#26 C:\\xampp\\htdocs\\laravel-php3\\example-app\\vendor\\laravel\\framework\\src\\Illuminate\\Pipeline\\Pipeline.php(209): Illuminate\\Foundation\\Http\\Middleware\\VerifyCsrfToken->handle()
#27 C:\\xampp\\htdocs\\laravel-php3\\example-app\\vendor\\laravel\\framework\\src\\Illuminate\\View\\Middleware\\ShareErrorsFromSession.php(49): Illuminate\\Pipeline\\Pipeline->Illuminate\\Pipeline\\{closure}()
#28 C:\\xampp\\htdocs\\laravel-php3\\example-app\\vendor\\laravel\\framework\\src\\Illuminate\\Pipeline\\Pipeline.php(209): Illuminate\\View\\Middleware\\ShareErrorsFromSession->handle()
#29 C:\\xampp\\htdocs\\laravel-php3\\example-app\\vendor\\laravel\\framework\\src\\Illuminate\\Session\\Middleware\\StartSession.php(121): Illuminate\\Pipeline\\Pipeline->Illuminate\\Pipeline\\{closure}()
#30 C:\\xampp\\htdocs\\laravel-php3\\example-app\\vendor\\laravel\\framework\\src\\Illuminate\\Session\\Middleware\\StartSession.php(64): Illuminate\\Session\\Middleware\\StartSession->handleStatefulRequest()
#31 C:\\xampp\\htdocs\\laravel-php3\\example-app\\vendor\\laravel\\framework\\src\\Illuminate\\Pipeline\\Pipeline.php(209): Illuminate\\Session\\Middleware\\StartSession->handle()
#32 C:\\xampp\\htdocs\\laravel-php3\\example-app\\vendor\\laravel\\framework\\src\\Illuminate\\Cookie\\Middleware\\AddQueuedCookiesToResponse.php(37): Illuminate\\Pipeline\\Pipeline->Illuminate\\Pipeline\\{closure}()
#33 C:\\xampp\\htdocs\\laravel-php3\\example-app\\vendor\\laravel\\framework\\src\\Illuminate\\Pipeline\\Pipeline.php(209): Illuminate\\Cookie\\Middleware\\AddQueuedCookiesToResponse->handle()
#34 C:\\xampp\\htdocs\\laravel-php3\\example-app\\vendor\\laravel\\framework\\src\\Illuminate\\Cookie\\Middleware\\EncryptCookies.php(75): Illuminate\\Pipeline\\Pipeline->Illuminate\\Pipeline\\{closure}()
#35 C:\\xampp\\htdocs\\laravel-php3\\example-app\\vendor\\laravel\\framework\\src\\Illuminate\\Pipeline\\Pipeline.php(209): Illuminate\\Cookie\\Middleware\\EncryptCookies->handle()
#36 C:\\xampp\\htdocs\\laravel-php3\\example-app\\vendor\\laravel\\framework\\src\\Illuminate\\Pipeline\\Pipeline.php(127): Illuminate\\Pipeline\\Pipeline->Illuminate\\Pipeline\\{closure}()
#37 C:\\xampp\\htdocs\\laravel-php3\\example-app\\vendor\\laravel\\framework\\src\\Illuminate\\Routing\\Router.php(807): Illuminate\\Pipeline\\Pipeline->then()
#38 C:\\xampp\\htdocs\\laravel-php3\\example-app\\vendor\\laravel\\framework\\src\\Illuminate\\Routing\\Router.php(786): Illuminate\\Routing\\Router->runRouteWithinStack()
#39 C:\\xampp\\htdocs\\laravel-php3\\example-app\\vendor\\laravel\\framework\\src\\Illuminate\\Routing\\Router.php(750): Illuminate\\Routing\\Router->runRoute()
#40 C:\\xampp\\htdocs\\laravel-php3\\example-app\\vendor\\laravel\\framework\\src\\Illuminate\\Routing\\Router.php(739): Illuminate\\Routing\\Router->dispatchToRoute()
#41 C:\\xampp\\htdocs\\laravel-php3\\example-app\\vendor\\laravel\\framework\\src\\Illuminate\\Foundation\\Http\\Kernel.php(201): Illuminate\\Routing\\Router->dispatch()
#42 C:\\xampp\\htdocs\\laravel-php3\\example-app\\vendor\\laravel\\framework\\src\\Illuminate\\Pipeline\\Pipeline.php(170): Illuminate\\Foundation\\Http\\Kernel->Illuminate\\Foundation\\Http\\{closure}()
#43 C:\\xampp\\htdocs\\laravel-php3\\example-app\\vendor\\laravel\\framework\\src\\Illuminate\\Foundation\\Http\\Middleware\\TransformsRequest.php(21): Illuminate\\Pipeline\\Pipeline->Illuminate\\Pipeline\\{closure}()
#44 C:\\xampp\\htdocs\\laravel-php3\\example-app\\vendor\\laravel\\framework\\src\\Illuminate\\Foundation\\Http\\Middleware\\ConvertEmptyStringsToNull.php(31): Illuminate\\Foundation\\Http\\Middleware\\TransformsRequest->handle()
#45 C:\\xampp\\htdocs\\laravel-php3\\example-app\\vendor\\laravel\\framework\\src\\Illuminate\\Pipeline\\Pipeline.php(209): Illuminate\\Foundation\\Http\\Middleware\\ConvertEmptyStringsToNull->handle()
#46 C:\\xampp\\htdocs\\laravel-php3\\example-app\\vendor\\laravel\\framework\\src\\Illuminate\\Foundation\\Http\\Middleware\\TransformsRequest.php(21): Illuminate\\Pipeline\\Pipeline->Illuminate\\Pipeline\\{closure}()
#47 C:\\xampp\\htdocs\\laravel-php3\\example-app\\vendor\\laravel\\framework\\src\\Illuminate\\Foundation\\Http\\Middleware\\TrimStrings.php(51): Illuminate\\Foundation\\Http\\Middleware\\TransformsRequest->handle()
#48 C:\\xampp\\htdocs\\laravel-php3\\example-app\\vendor\\laravel\\framework\\src\\Illuminate\\Pipeline\\Pipeline.php(209): Illuminate\\Foundation\\Http\\Middleware\\TrimStrings->handle()
#49 C:\\xampp\\htdocs\\laravel-php3\\example-app\\vendor\\laravel\\framework\\src\\Illuminate\\Http\\Middleware\\ValidatePostSize.php(27): Illuminate\\Pipeline\\Pipeline->Illuminate\\Pipeline\\{closure}()
#50 C:\\xampp\\htdocs\\laravel-php3\\example-app\\vendor\\laravel\\framework\\src\\Illuminate\\Pipeline\\Pipeline.php(209): Illuminate\\Http\\Middleware\\ValidatePostSize->handle()
#51 C:\\xampp\\htdocs\\laravel-php3\\example-app\\vendor\\laravel\\framework\\src\\Illuminate\\Foundation\\Http\\Middleware\\PreventRequestsDuringMaintenance.php(110): Illuminate\\Pipeline\\Pipeline->Illuminate\\Pipeline\\{closure}()
#52 C:\\xampp\\htdocs\\laravel-php3\\example-app\\vendor\\laravel\\framework\\src\\Illuminate\\Pipeline\\Pipeline.php(209): Illuminate\\Foundation\\Http\\Middleware\\PreventRequestsDuringMaintenance->handle()
#53 C:\\xampp\\htdocs\\laravel-php3\\example-app\\vendor\\laravel\\framework\\src\\Illuminate\\Http\\Middleware\\HandleCors.php(49): Illuminate\\Pipeline\\Pipeline->Illuminate\\Pipeline\\{closure}()
#54 C:\\xampp\\htdocs\\laravel-php3\\example-app\\vendor\\laravel\\framework\\src\\Illuminate\\Pipeline\\Pipeline.php(209): Illuminate\\Http\\Middleware\\HandleCors->handle()
#55 C:\\xampp\\htdocs\\laravel-php3\\example-app\\vendor\\laravel\\framework\\src\\Illuminate\\Http\\Middleware\\TrustProxies.php(58): Illuminate\\Pipeline\\Pipeline->Illuminate\\Pipeline\\{closure}()
#56 C:\\xampp\\htdocs\\laravel-php3\\example-app\\vendor\\laravel\\framework\\src\\Illuminate\\Pipeline\\Pipeline.php(209): Illuminate\\Http\\Middleware\\TrustProxies->handle()
#57 C:\\xampp\\htdocs\\laravel-php3\\example-app\\vendor\\laravel\\framework\\src\\Illuminate\\Foundation\\Http\\Middleware\\InvokeDeferredCallbacks.php(22): Illuminate\\Pipeline\\Pipeline->Illuminate\\Pipeline\\{closure}()
#58 C:\\xampp\\htdocs\\laravel-php3\\example-app\\vendor\\laravel\\framework\\src\\Illuminate\\Pipeline\\Pipeline.php(209): Illuminate\\Foundation\\Http\\Middleware\\InvokeDeferredCallbacks->handle()
#59 C:\\xampp\\htdocs\\laravel-php3\\example-app\\vendor\\laravel\\framework\\src\\Illuminate\\Http\\Middleware\\ValidatePathEncoding.php(26): Illuminate\\Pipeline\\Pipeline->Illuminate\\Pipeline\\{closure}()
#60 C:\\xampp\\htdocs\\laravel-php3\\example-app\\vendor\\laravel\\framework\\src\\Illuminate\\Pipeline\\Pipeline.php(209): Illuminate\\Http\\Middleware\\ValidatePathEncoding->handle()
#61 C:\\xampp\\htdocs\\laravel-php3\\example-app\\vendor\\laravel\\framework\\src\\Illuminate\\Pipeline\\Pipeline.php(127): Illuminate\\Pipeline\\Pipeline->Illuminate\\Pipeline\\{closure}()
#62 C:\\xampp\\htdocs\\laravel-php3\\example-app\\vendor\\laravel\\framework\\src\\Illuminate\\Foundation\\Http\\Kernel.php(176): Illuminate\\Pipeline\\Pipeline->then()
#63 C:\\xampp\\htdocs\\laravel-php3\\example-app\\vendor\\laravel\\framework\\src\\Illuminate\\Foundation\\Http\\Kernel.php(145): Illuminate\\Foundation\\Http\\Kernel->sendRequestThroughRouter()
#64 C:\\xampp\\htdocs\\laravel-php3\\example-app\\vendor\\laravel\\framework\\src\\Illuminate\\Foundation\\Application.php(1220): Illuminate\\Foundation\\Http\\Kernel->handle()
#65 C:\\xampp\\htdocs\\laravel-php3\\example-app\\public\\index.php(20): Illuminate\\Foundation\\Application->handleRequest()
#66 C:\\xampp\\htdocs\\laravel-php3\\example-app\\vendor\\laravel\\framework\\src\\Illuminate\\Foundation\\resources\\server.php(23): require_once('...')
#67 {main}

[previous exception] [object] (Symfony\\Component\\Routing\\Exception\\RouteNotFoundException(code: 0): Route [coupons.index] not defined. at C:\\xampp\\htdocs\\laravel-php3\\example-app\\vendor\\laravel\\framework\\src\\Illuminate\\Routing\\UrlGenerator.php:527)
[stacktrace]
#0 C:\\xampp\\htdocs\\laravel-php3\\example-app\\vendor\\laravel\\framework\\src\\Illuminate\\Foundation\\helpers.php(853): Illuminate\\Routing\\UrlGenerator->route()
#1 C:\\xampp\\htdocs\\laravel-php3\\example-app\\storage\\framework\\views\\630e85e1593578b9a061f92d84b4c16c.php(387): route()
#2 C:\\xampp\\htdocs\\laravel-php3\\example-app\\vendor\\laravel\\framework\\src\\Illuminate\\Filesystem\\Filesystem.php(123): require('...')
#3 C:\\xampp\\htdocs\\laravel-php3\\example-app\\vendor\\laravel\\framework\\src\\Illuminate\\Filesystem\\Filesystem.php(124): Illuminate\\Filesystem\\Filesystem::Illuminate\\Filesystem\\{closure}()
#4 C:\\xampp\\htdocs\\laravel-php3\\example-app\\vendor\\laravel\\framework\\src\\Illuminate\\View\\Engines\\PhpEngine.php(58): Illuminate\\Filesystem\\Filesystem->getRequire()
#5 C:\\xampp\\htdocs\\laravel-php3\\example-app\\vendor\\laravel\\framework\\src\\Illuminate\\View\\Engines\\CompilerEngine.php(75): Illuminate\\View\\Engines\\PhpEngine->evaluatePath()
#6 C:\\xampp\\htdocs\\laravel-php3\\example-app\\vendor\\laravel\\framework\\src\\Illuminate\\View\\View.php(209): Illuminate\\View\\Engines\\CompilerEngine->get()
#7 C:\\xampp\\htdocs\\laravel-php3\\example-app\\vendor\\laravel\\framework\\src\\Illuminate\\View\\View.php(192): Illuminate\\View\\View->getContents()
#8 C:\\xampp\\htdocs\\laravel-php3\\example-app\\vendor\\laravel\\framework\\src\\Illuminate\\View\\View.php(161): Illuminate\\View\\View->renderContents()
#9 C:\\xampp\\htdocs\\laravel-php3\\example-app\\storage\\framework\\views\\a667edb3ae232f3c792200c106424347.php(72): Illuminate\\View\\View->render()
#10 C:\\xampp\\htdocs\\laravel-php3\\example-app\\vendor\\laravel\\framework\\src\\Illuminate\\Filesystem\\Filesystem.php(123): require('...')
#11 C:\\xampp\\htdocs\\laravel-php3\\example-app\\vendor\\laravel\\framework\\src\\Illuminate\\Filesystem\\Filesystem.php(124): Illuminate\\Filesystem\\Filesystem::Illuminate\\Filesystem\\{closure}()
#12 C:\\xampp\\htdocs\\laravel-php3\\example-app\\vendor\\laravel\\framework\\src\\Illuminate\\View\\Engines\\PhpEngine.php(58): Illuminate\\Filesystem\\Filesystem->getRequire()
#13 C:\\xampp\\htdocs\\laravel-php3\\example-app\\vendor\\laravel\\framework\\src\\Illuminate\\View\\Engines\\CompilerEngine.php(75): Illuminate\\View\\Engines\\PhpEngine->evaluatePath()
#14 C:\\xampp\\htdocs\\laravel-php3\\example-app\\vendor\\laravel\\framework\\src\\Illuminate\\View\\View.php(209): Illuminate\\View\\Engines\\CompilerEngine->get()
#15 C:\\xampp\\htdocs\\laravel-php3\\example-app\\vendor\\laravel\\framework\\src\\Illuminate\\View\\View.php(192): Illuminate\\View\\View->getContents()
#16 C:\\xampp\\htdocs\\laravel-php3\\example-app\\vendor\\laravel\\framework\\src\\Illuminate\\View\\View.php(161): Illuminate\\View\\View->renderContents()
#17 C:\\xampp\\htdocs\\laravel-php3\\example-app\\vendor\\laravel\\framework\\src\\Illuminate\\Http\\Response.php(79): Illuminate\\View\\View->render()
#18 C:\\xampp\\htdocs\\laravel-php3\\example-app\\vendor\\laravel\\framework\\src\\Illuminate\\Http\\Response.php(35): Illuminate\\Http\\Response->setContent()
#19 C:\\xampp\\htdocs\\laravel-php3\\example-app\\vendor\\laravel\\framework\\src\\Illuminate\\Routing\\Router.php(920): Illuminate\\Http\\Response->__construct()
#20 C:\\xampp\\htdocs\\laravel-php3\\example-app\\vendor\\laravel\\framework\\src\\Illuminate\\Routing\\Router.php(887): Illuminate\\Routing\\Router::toResponse()
#21 C:\\xampp\\htdocs\\laravel-php3\\example-app\\vendor\\laravel\\framework\\src\\Illuminate\\Routing\\Router.php(807): Illuminate\\Routing\\Router->prepareResponse()
#22 C:\\xampp\\htdocs\\laravel-php3\\example-app\\vendor\\laravel\\framework\\src\\Illuminate\\Pipeline\\Pipeline.php(170): Illuminate\\Routing\\Router->Illuminate\\Routing\\{closure}()
#23 C:\\xampp\\htdocs\\laravel-php3\\example-app\\app\\Http\\Middleware\\AdminMiddleware.php(22): Illuminate\\Pipeline\\Pipeline->Illuminate\\Pipeline\\{closure}()
#24 C:\\xampp\\htdocs\\laravel-php3\\example-app\\vendor\\laravel\\framework\\src\\Illuminate\\Pipeline\\Pipeline.php(209): App\\Http\\Middleware\\AdminMiddleware->handle()
#25 C:\\xampp\\htdocs\\laravel-php3\\example-app\\vendor\\laravel\\framework\\src\\Illuminate\\Routing\\Middleware\\SubstituteBindings.php(51): Illuminate\\Pipeline\\Pipeline->Illuminate\\Pipeline\\{closure}()
#26 C:\\xampp\\htdocs\\laravel-php3\\example-app\\vendor\\laravel\\framework\\src\\Illuminate\\Pipeline\\Pipeline.php(209): Illuminate\\Routing\\Middleware\\SubstituteBindings->handle()
#27 C:\\xampp\\htdocs\\laravel-php3\\example-app\\vendor\\laravel\\framework\\src\\Illuminate\\Auth\\Middleware\\Authenticate.php(64): Illuminate\\Pipeline\\Pipeline->Illuminate\\Pipeline\\{closure}()
#28 C:\\xampp\\htdocs\\laravel-php3\\example-app\\vendor\\laravel\\framework\\src\\Illuminate\\Pipeline\\Pipeline.php(209): Illuminate\\Auth\\Middleware\\Authenticate->handle()
#29 C:\\xampp\\htdocs\\laravel-php3\\example-app\\vendor\\laravel\\framework\\src\\Illuminate\\Foundation\\Http\\Middleware\\VerifyCsrfToken.php(88): Illuminate\\Pipeline\\Pipeline->Illuminate\\Pipeline\\{closure}()
#30 C:\\xampp\\htdocs\\laravel-php3\\example-app\\vendor\\laravel\\framework\\src\\Illuminate\\Pipeline\\Pipeline.php(209): Illuminate\\Foundation\\Http\\Middleware\\VerifyCsrfToken->handle()
#31 C:\\xampp\\htdocs\\laravel-php3\\example-app\\vendor\\laravel\\framework\\src\\Illuminate\\View\\Middleware\\ShareErrorsFromSession.php(49): Illuminate\\Pipeline\\Pipeline->Illuminate\\Pipeline\\{closure}()
#32 C:\\xampp\\htdocs\\laravel-php3\\example-app\\vendor\\laravel\\framework\\src\\Illuminate\\Pipeline\\Pipeline.php(209): Illuminate\\View\\Middleware\\ShareErrorsFromSession->handle()
#33 C:\\xampp\\htdocs\\laravel-php3\\example-app\\vendor\\laravel\\framework\\src\\Illuminate\\Session\\Middleware\\StartSession.php(121): Illuminate\\Pipeline\\Pipeline->Illuminate\\Pipeline\\{closure}()
#34 C:\\xampp\\htdocs\\laravel-php3\\example-app\\vendor\\laravel\\framework\\src\\Illuminate\\Session\\Middleware\\StartSession.php(64): Illuminate\\Session\\Middleware\\StartSession->handleStatefulRequest()
#35 C:\\xampp\\htdocs\\laravel-php3\\example-app\\vendor\\laravel\\framework\\src\\Illuminate\\Pipeline\\Pipeline.php(209): Illuminate\\Session\\Middleware\\StartSession->handle()
#36 C:\\xampp\\htdocs\\laravel-php3\\example-app\\vendor\\laravel\\framework\\src\\Illuminate\\Cookie\\Middleware\\AddQueuedCookiesToResponse.php(37): Illuminate\\Pipeline\\Pipeline->Illuminate\\Pipeline\\{closure}()
#37 C:\\xampp\\htdocs\\laravel-php3\\example-app\\vendor\\laravel\\framework\\src\\Illuminate\\Pipeline\\Pipeline.php(209): Illuminate\\Cookie\\Middleware\\AddQueuedCookiesToResponse->handle()
#38 C:\\xampp\\htdocs\\laravel-php3\\example-app\\vendor\\laravel\\framework\\src\\Illuminate\\Cookie\\Middleware\\EncryptCookies.php(75): Illuminate\\Pipeline\\Pipeline->Illuminate\\Pipeline\\{closure}()
#39 C:\\xampp\\htdocs\\laravel-php3\\example-app\\vendor\\laravel\\framework\\src\\Illuminate\\Pipeline\\Pipeline.php(209): Illuminate\\Cookie\\Middleware\\EncryptCookies->handle()
#40 C:\\xampp\\htdocs\\laravel-php3\\example-app\\vendor\\laravel\\framework\\src\\Illuminate\\Pipeline\\Pipeline.php(127): Illuminate\\Pipeline\\Pipeline->Illuminate\\Pipeline\\{closure}()
#41 C:\\xampp\\htdocs\\laravel-php3\\example-app\\vendor\\laravel\\framework\\src\\Illuminate\\Routing\\Router.php(807): Illuminate\\Pipeline\\Pipeline->then()
#42 C:\\xampp\\htdocs\\laravel-php3\\example-app\\vendor\\laravel\\framework\\src\\Illuminate\\Routing\\Router.php(786): Illuminate\\Routing\\Router->runRouteWithinStack()
#43 C:\\xampp\\htdocs\\laravel-php3\\example-app\\vendor\\laravel\\framework\\src\\Illuminate\\Routing\\Router.php(750): Illuminate\\Routing\\Router->runRoute()
#44 C:\\xampp\\htdocs\\laravel-php3\\example-app\\vendor\\laravel\\framework\\src\\Illuminate\\Routing\\Router.php(739): Illuminate\\Routing\\Router->dispatchToRoute()
#45 C:\\xampp\\htdocs\\laravel-php3\\example-app\\vendor\\laravel\\framework\\src\\Illuminate\\Foundation\\Http\\Kernel.php(201): Illuminate\\Routing\\Router->dispatch()
#46 C:\\xampp\\htdocs\\laravel-php3\\example-app\\vendor\\laravel\\framework\\src\\Illuminate\\Pipeline\\Pipeline.php(170): Illuminate\\Foundation\\Http\\Kernel->Illuminate\\Foundation\\Http\\{closure}()
#47 C:\\xampp\\htdocs\\laravel-php3\\example-app\\vendor\\laravel\\framework\\src\\Illuminate\\Foundation\\Http\\Middleware\\TransformsRequest.php(21): Illuminate\\Pipeline\\Pipeline->Illuminate\\Pipeline\\{closure}()
#48 C:\\xampp\\htdocs\\laravel-php3\\example-app\\vendor\\laravel\\framework\\src\\Illuminate\\Foundation\\Http\\Middleware\\ConvertEmptyStringsToNull.php(31): Illuminate\\Foundation\\Http\\Middleware\\TransformsRequest->handle()
#49 C:\\xampp\\htdocs\\laravel-php3\\example-app\\vendor\\laravel\\framework\\src\\Illuminate\\Pipeline\\Pipeline.php(209): Illuminate\\Foundation\\Http\\Middleware\\ConvertEmptyStringsToNull->handle()
#50 C:\\xampp\\htdocs\\laravel-php3\\example-app\\vendor\\laravel\\framework\\src\\Illuminate\\Foundation\\Http\\Middleware\\TransformsRequest.php(21): Illuminate\\Pipeline\\Pipeline->Illuminate\\Pipeline\\{closure}()
#51 C:\\xampp\\htdocs\\laravel-php3\\example-app\\vendor\\laravel\\framework\\src\\Illuminate\\Foundation\\Http\\Middleware\\TrimStrings.php(51): Illuminate\\Foundation\\Http\\Middleware\\TransformsRequest->handle()
#52 C:\\xampp\\htdocs\\laravel-php3\\example-app\\vendor\\laravel\\framework\\src\\Illuminate\\Pipeline\\Pipeline.php(209): Illuminate\\Foundation\\Http\\Middleware\\TrimStrings->handle()
#53 C:\\xampp\\htdocs\\laravel-php3\\example-app\\vendor\\laravel\\framework\\src\\Illuminate\\Http\\Middleware\\ValidatePostSize.php(27): Illuminate\\Pipeline\\Pipeline->Illuminate\\Pipeline\\{closure}()
#54 C:\\xampp\\htdocs\\laravel-php3\\example-app\\vendor\\laravel\\framework\\src\\Illuminate\\Pipeline\\Pipeline.php(209): Illuminate\\Http\\Middleware\\ValidatePostSize->handle()
#55 C:\\xampp\\htdocs\\laravel-php3\\example-app\\vendor\\laravel\\framework\\src\\Illuminate\\Foundation\\Http\\Middleware\\PreventRequestsDuringMaintenance.php(110): Illuminate\\Pipeline\\Pipeline->Illuminate\\Pipeline\\{closure}()
#56 C:\\xampp\\htdocs\\laravel-php3\\example-app\\vendor\\laravel\\framework\\src\\Illuminate\\Pipeline\\Pipeline.php(209): Illuminate\\Foundation\\Http\\Middleware\\PreventRequestsDuringMaintenance->handle()
#57 C:\\xampp\\htdocs\\laravel-php3\\example-app\\vendor\\laravel\\framework\\src\\Illuminate\\Http\\Middleware\\HandleCors.php(49): Illuminate\\Pipeline\\Pipeline->Illuminate\\Pipeline\\{closure}()
#58 C:\\xampp\\htdocs\\laravel-php3\\example-app\\vendor\\laravel\\framework\\src\\Illuminate\\Pipeline\\Pipeline.php(209): Illuminate\\Http\\Middleware\\HandleCors->handle()
#59 C:\\xampp\\htdocs\\laravel-php3\\example-app\\vendor\\laravel\\framework\\src\\Illuminate\\Http\\Middleware\\TrustProxies.php(58): Illuminate\\Pipeline\\Pipeline->Illuminate\\Pipeline\\{closure}()
#60 C:\\xampp\\htdocs\\laravel-php3\\example-app\\vendor\\laravel\\framework\\src\\Illuminate\\Pipeline\\Pipeline.php(209): Illuminate\\Http\\Middleware\\TrustProxies->handle()
#61 C:\\xampp\\htdocs\\laravel-php3\\example-app\\vendor\\laravel\\framework\\src\\Illuminate\\Foundation\\Http\\Middleware\\InvokeDeferredCallbacks.php(22): Illuminate\\Pipeline\\Pipeline->Illuminate\\Pipeline\\{closure}()
#62 C:\\xampp\\htdocs\\laravel-php3\\example-app\\vendor\\laravel\\framework\\src\\Illuminate\\Pipeline\\Pipeline.php(209): Illuminate\\Foundation\\Http\\Middleware\\InvokeDeferredCallbacks->handle()
#63 C:\\xampp\\htdocs\\laravel-php3\\example-app\\vendor\\laravel\\framework\\src\\Illuminate\\Http\\Middleware\\ValidatePathEncoding.php(26): Illuminate\\Pipeline\\Pipeline->Illuminate\\Pipeline\\{closure}()
#64 C:\\xampp\\htdocs\\laravel-php3\\example-app\\vendor\\laravel\\framework\\src\\Illuminate\\Pipeline\\Pipeline.php(209): Illuminate\\Http\\Middleware\\ValidatePathEncoding->handle()
#65 C:\\xampp\\htdocs\\laravel-php3\\example-app\\vendor\\laravel\\framework\\src\\Illuminate\\Pipeline\\Pipeline.php(127): Illuminate\\Pipeline\\Pipeline->Illuminate\\Pipeline\\{closure}()
#66 C:\\xampp\\htdocs\\laravel-php3\\example-app\\vendor\\laravel\\framework\\src\\Illuminate\\Foundation\\Http\\Kernel.php(176): Illuminate\\Pipeline\\Pipeline->then()
#67 C:\\xampp\\htdocs\\laravel-php3\\example-app\\vendor\\laravel\\framework\\src\\Illuminate\\Foundation\\Http\\Kernel.php(145): Illuminate\\Foundation\\Http\\Kernel->sendRequestThroughRouter()
#68 C:\\xampp\\htdocs\\laravel-php3\\example-app\\vendor\\laravel\\framework\\src\\Illuminate\\Foundation\\Application.php(1220): Illuminate\\Foundation\\Http\\Kernel->handle()
#69 C:\\xampp\\htdocs\\laravel-php3\\example-app\\public\\index.php(20): Illuminate\\Foundation\\Application->handleRequest()
#70 C:\\xampp\\htdocs\\laravel-php3\\example-app\\vendor\\laravel\\framework\\src\\Illuminate\\Foundation\\resources\\server.php(23): require_once('...')
#71 {main}
"} 
[2025-04-11 05:38:02] local.ERROR: Target class [CouponController] does not exist. {"userId":1,"exception":"[object] (Illuminate\\Contracts\\Container\\BindingResolutionException(code: 0): Target class [CouponController] does not exist. at C:\\xampp\\htdocs\\laravel-php3\\example-app\\vendor\\laravel\\framework\\src\\Illuminate\\Container\\Container.php:1019)
[stacktrace]
#0 C:\\xampp\\htdocs\\laravel-php3\\example-app\\vendor\\laravel\\framework\\src\\Illuminate\\Container\\Container.php(890): Illuminate\\Container\\Container->build()
#1 C:\\xampp\\htdocs\\laravel-php3\\example-app\\vendor\\laravel\\framework\\src\\Illuminate\\Foundation\\Application.php(1078): Illuminate\\Container\\Container->resolve()
#2 C:\\xampp\\htdocs\\laravel-php3\\example-app\\vendor\\laravel\\framework\\src\\Illuminate\\Container\\Container.php(821): Illuminate\\Foundation\\Application->resolve()
#3 C:\\xampp\\htdocs\\laravel-php3\\example-app\\vendor\\laravel\\framework\\src\\Illuminate\\Foundation\\Application.php(1058): Illuminate\\Container\\Container->make()
#4 C:\\xampp\\htdocs\\laravel-php3\\example-app\\vendor\\laravel\\framework\\src\\Illuminate\\Routing\\Route.php(285): Illuminate\\Foundation\\Application->make()
#5 C:\\xampp\\htdocs\\laravel-php3\\example-app\\vendor\\laravel\\framework\\src\\Illuminate\\Routing\\Route.php(267): Illuminate\\Routing\\Route->getController()
#6 C:\\xampp\\htdocs\\laravel-php3\\example-app\\vendor\\laravel\\framework\\src\\Illuminate\\Routing\\Route.php(212): Illuminate\\Routing\\Route->runController()
#7 C:\\xampp\\htdocs\\laravel-php3\\example-app\\vendor\\laravel\\framework\\src\\Illuminate\\Routing\\Router.php(808): Illuminate\\Routing\\Route->run()
#8 C:\\xampp\\htdocs\\laravel-php3\\example-app\\vendor\\laravel\\framework\\src\\Illuminate\\Pipeline\\Pipeline.php(170): Illuminate\\Routing\\Router->Illuminate\\Routing\\{closure}()
#9 C:\\xampp\\htdocs\\laravel-php3\\example-app\\vendor\\laravel\\framework\\src\\Illuminate\\Routing\\Middleware\\SubstituteBindings.php(51): Illuminate\\Pipeline\\Pipeline->Illuminate\\Pipeline\\{closure}()
#10 C:\\xampp\\htdocs\\laravel-php3\\example-app\\vendor\\laravel\\framework\\src\\Illuminate\\Pipeline\\Pipeline.php(209): Illuminate\\Routing\\Middleware\\SubstituteBindings->handle()
#11 C:\\xampp\\htdocs\\laravel-php3\\example-app\\vendor\\laravel\\framework\\src\\Illuminate\\Foundation\\Http\\Middleware\\VerifyCsrfToken.php(88): Illuminate\\Pipeline\\Pipeline->Illuminate\\Pipeline\\{closure}()
#12 C:\\xampp\\htdocs\\laravel-php3\\example-app\\vendor\\laravel\\framework\\src\\Illuminate\\Pipeline\\Pipeline.php(209): Illuminate\\Foundation\\Http\\Middleware\\VerifyCsrfToken->handle()
#13 C:\\xampp\\htdocs\\laravel-php3\\example-app\\vendor\\laravel\\framework\\src\\Illuminate\\View\\Middleware\\ShareErrorsFromSession.php(49): Illuminate\\Pipeline\\Pipeline->Illuminate\\Pipeline\\{closure}()
#14 C:\\xampp\\htdocs\\laravel-php3\\example-app\\vendor\\laravel\\framework\\src\\Illuminate\\Pipeline\\Pipeline.php(209): Illuminate\\View\\Middleware\\ShareErrorsFromSession->handle()
#15 C:\\xampp\\htdocs\\laravel-php3\\example-app\\vendor\\laravel\\framework\\src\\Illuminate\\Session\\Middleware\\StartSession.php(121): Illuminate\\Pipeline\\Pipeline->Illuminate\\Pipeline\\{closure}()
#16 C:\\xampp\\htdocs\\laravel-php3\\example-app\\vendor\\laravel\\framework\\src\\Illuminate\\Session\\Middleware\\StartSession.php(64): Illuminate\\Session\\Middleware\\StartSession->handleStatefulRequest()
#17 C:\\xampp\\htdocs\\laravel-php3\\example-app\\vendor\\laravel\\framework\\src\\Illuminate\\Pipeline\\Pipeline.php(209): Illuminate\\Session\\Middleware\\StartSession->handle()
#18 C:\\xampp\\htdocs\\laravel-php3\\example-app\\vendor\\laravel\\framework\\src\\Illuminate\\Cookie\\Middleware\\AddQueuedCookiesToResponse.php(37): Illuminate\\Pipeline\\Pipeline->Illuminate\\Pipeline\\{closure}()
#19 C:\\xampp\\htdocs\\laravel-php3\\example-app\\vendor\\laravel\\framework\\src\\Illuminate\\Pipeline\\Pipeline.php(209): Illuminate\\Cookie\\Middleware\\AddQueuedCookiesToResponse->handle()
#20 C:\\xampp\\htdocs\\laravel-php3\\example-app\\vendor\\laravel\\framework\\src\\Illuminate\\Cookie\\Middleware\\EncryptCookies.php(75): Illuminate\\Pipeline\\Pipeline->Illuminate\\Pipeline\\{closure}()
#21 C:\\xampp\\htdocs\\laravel-php3\\example-app\\vendor\\laravel\\framework\\src\\Illuminate\\Pipeline\\Pipeline.php(209): Illuminate\\Cookie\\Middleware\\EncryptCookies->handle()
#22 C:\\xampp\\htdocs\\laravel-php3\\example-app\\vendor\\laravel\\framework\\src\\Illuminate\\Pipeline\\Pipeline.php(127): Illuminate\\Pipeline\\Pipeline->Illuminate\\Pipeline\\{closure}()
#23 C:\\xampp\\htdocs\\laravel-php3\\example-app\\vendor\\laravel\\framework\\src\\Illuminate\\Routing\\Router.php(807): Illuminate\\Pipeline\\Pipeline->then()
#24 C:\\xampp\\htdocs\\laravel-php3\\example-app\\vendor\\laravel\\framework\\src\\Illuminate\\Routing\\Router.php(786): Illuminate\\Routing\\Router->runRouteWithinStack()
#25 C:\\xampp\\htdocs\\laravel-php3\\example-app\\vendor\\laravel\\framework\\src\\Illuminate\\Routing\\Router.php(750): Illuminate\\Routing\\Router->runRoute()
#26 C:\\xampp\\htdocs\\laravel-php3\\example-app\\vendor\\laravel\\framework\\src\\Illuminate\\Routing\\Router.php(739): Illuminate\\Routing\\Router->dispatchToRoute()
#27 C:\\xampp\\htdocs\\laravel-php3\\example-app\\vendor\\laravel\\framework\\src\\Illuminate\\Foundation\\Http\\Kernel.php(201): Illuminate\\Routing\\Router->dispatch()
#28 C:\\xampp\\htdocs\\laravel-php3\\example-app\\vendor\\laravel\\framework\\src\\Illuminate\\Pipeline\\Pipeline.php(170): Illuminate\\Foundation\\Http\\Kernel->Illuminate\\Foundation\\Http\\{closure}()
#29 C:\\xampp\\htdocs\\laravel-php3\\example-app\\vendor\\laravel\\framework\\src\\Illuminate\\Foundation\\Http\\Middleware\\TransformsRequest.php(21): Illuminate\\Pipeline\\Pipeline->Illuminate\\Pipeline\\{closure}()
#30 C:\\xampp\\htdocs\\laravel-php3\\example-app\\vendor\\laravel\\framework\\src\\Illuminate\\Foundation\\Http\\Middleware\\ConvertEmptyStringsToNull.php(31): Illuminate\\Foundation\\Http\\Middleware\\TransformsRequest->handle()
#31 C:\\xampp\\htdocs\\laravel-php3\\example-app\\vendor\\laravel\\framework\\src\\Illuminate\\Pipeline\\Pipeline.php(209): Illuminate\\Foundation\\Http\\Middleware\\ConvertEmptyStringsToNull->handle()
#32 C:\\xampp\\htdocs\\laravel-php3\\example-app\\vendor\\laravel\\framework\\src\\Illuminate\\Foundation\\Http\\Middleware\\TransformsRequest.php(21): Illuminate\\Pipeline\\Pipeline->Illuminate\\Pipeline\\{closure}()
#33 C:\\xampp\\htdocs\\laravel-php3\\example-app\\vendor\\laravel\\framework\\src\\Illuminate\\Foundation\\Http\\Middleware\\TrimStrings.php(51): Illuminate\\Foundation\\Http\\Middleware\\TransformsRequest->handle()
#34 C:\\xampp\\htdocs\\laravel-php3\\example-app\\vendor\\laravel\\framework\\src\\Illuminate\\Pipeline\\Pipeline.php(209): Illuminate\\Foundation\\Http\\Middleware\\TrimStrings->handle()
#35 C:\\xampp\\htdocs\\laravel-php3\\example-app\\vendor\\laravel\\framework\\src\\Illuminate\\Http\\Middleware\\ValidatePostSize.php(27): Illuminate\\Pipeline\\Pipeline->Illuminate\\Pipeline\\{closure}()
#36 C:\\xampp\\htdocs\\laravel-php3\\example-app\\vendor\\laravel\\framework\\src\\Illuminate\\Pipeline\\Pipeline.php(209): Illuminate\\Http\\Middleware\\ValidatePostSize->handle()
#37 C:\\xampp\\htdocs\\laravel-php3\\example-app\\vendor\\laravel\\framework\\src\\Illuminate\\Foundation\\Http\\Middleware\\PreventRequestsDuringMaintenance.php(110): Illuminate\\Pipeline\\Pipeline->Illuminate\\Pipeline\\{closure}()
#38 C:\\xampp\\htdocs\\laravel-php3\\example-app\\vendor\\laravel\\framework\\src\\Illuminate\\Pipeline\\Pipeline.php(209): Illuminate\\Foundation\\Http\\Middleware\\PreventRequestsDuringMaintenance->handle()
#39 C:\\xampp\\htdocs\\laravel-php3\\example-app\\vendor\\laravel\\framework\\src\\Illuminate\\Http\\Middleware\\HandleCors.php(49): Illuminate\\Pipeline\\Pipeline->Illuminate\\Pipeline\\{closure}()
#40 C:\\xampp\\htdocs\\laravel-php3\\example-app\\vendor\\laravel\\framework\\src\\Illuminate\\Pipeline\\Pipeline.php(209): Illuminate\\Http\\Middleware\\HandleCors->handle()
#41 C:\\xampp\\htdocs\\laravel-php3\\example-app\\vendor\\laravel\\framework\\src\\Illuminate\\Http\\Middleware\\TrustProxies.php(58): Illuminate\\Pipeline\\Pipeline->Illuminate\\Pipeline\\{closure}()
#42 C:\\xampp\\htdocs\\laravel-php3\\example-app\\vendor\\laravel\\framework\\src\\Illuminate\\Pipeline\\Pipeline.php(209): Illuminate\\Http\\Middleware\\TrustProxies->handle()
#43 C:\\xampp\\htdocs\\laravel-php3\\example-app\\vendor\\laravel\\framework\\src\\Illuminate\\Foundation\\Http\\Middleware\\InvokeDeferredCallbacks.php(22): Illuminate\\Pipeline\\Pipeline->Illuminate\\Pipeline\\{closure}()
#44 C:\\xampp\\htdocs\\laravel-php3\\example-app\\vendor\\laravel\\framework\\src\\Illuminate\\Pipeline\\Pipeline.php(209): Illuminate\\Foundation\\Http\\Middleware\\InvokeDeferredCallbacks->handle()
#45 C:\\xampp\\htdocs\\laravel-php3\\example-app\\vendor\\laravel\\framework\\src\\Illuminate\\Http\\Middleware\\ValidatePathEncoding.php(26): Illuminate\\Pipeline\\Pipeline->Illuminate\\Pipeline\\{closure}()
#46 C:\\xampp\\htdocs\\laravel-php3\\example-app\\vendor\\laravel\\framework\\src\\Illuminate\\Pipeline\\Pipeline.php(209): Illuminate\\Http\\Middleware\\ValidatePathEncoding->handle()
#47 C:\\xampp\\htdocs\\laravel-php3\\example-app\\vendor\\laravel\\framework\\src\\Illuminate\\Pipeline\\Pipeline.php(127): Illuminate\\Pipeline\\Pipeline->Illuminate\\Pipeline\\{closure}()
#48 C:\\xampp\\htdocs\\laravel-php3\\example-app\\vendor\\laravel\\framework\\src\\Illuminate\\Foundation\\Http\\Kernel.php(176): Illuminate\\Pipeline\\Pipeline->then()
#49 C:\\xampp\\htdocs\\laravel-php3\\example-app\\vendor\\laravel\\framework\\src\\Illuminate\\Foundation\\Http\\Kernel.php(145): Illuminate\\Foundation\\Http\\Kernel->sendRequestThroughRouter()
#50 C:\\xampp\\htdocs\\laravel-php3\\example-app\\vendor\\laravel\\framework\\src\\Illuminate\\Foundation\\Application.php(1220): Illuminate\\Foundation\\Http\\Kernel->handle()
#51 C:\\xampp\\htdocs\\laravel-php3\\example-app\\public\\index.php(20): Illuminate\\Foundation\\Application->handleRequest()
#52 C:\\xampp\\htdocs\\laravel-php3\\example-app\\vendor\\laravel\\framework\\src\\Illuminate\\Foundation\\resources\\server.php(23): require_once('...')
#53 {main}

[previous exception] [object] (ReflectionException(code: -1): Class \"CouponController\" does not exist at C:\\xampp\\htdocs\\laravel-php3\\example-app\\vendor\\laravel\\framework\\src\\Illuminate\\Container\\Container.php:1017)
[stacktrace]
#0 C:\\xampp\\htdocs\\laravel-php3\\example-app\\vendor\\laravel\\framework\\src\\Illuminate\\Container\\Container.php(1017): ReflectionClass->__construct()
#1 C:\\xampp\\htdocs\\laravel-php3\\example-app\\vendor\\laravel\\framework\\src\\Illuminate\\Container\\Container.php(890): Illuminate\\Container\\Container->build()
#2 C:\\xampp\\htdocs\\laravel-php3\\example-app\\vendor\\laravel\\framework\\src\\Illuminate\\Foundation\\Application.php(1078): Illuminate\\Container\\Container->resolve()
#3 C:\\xampp\\htdocs\\laravel-php3\\example-app\\vendor\\laravel\\framework\\src\\Illuminate\\Container\\Container.php(821): Illuminate\\Foundation\\Application->resolve()
#4 C:\\xampp\\htdocs\\laravel-php3\\example-app\\vendor\\laravel\\framework\\src\\Illuminate\\Foundation\\Application.php(1058): Illuminate\\Container\\Container->make()
#5 C:\\xampp\\htdocs\\laravel-php3\\example-app\\vendor\\laravel\\framework\\src\\Illuminate\\Routing\\Route.php(285): Illuminate\\Foundation\\Application->make()
#6 C:\\xampp\\htdocs\\laravel-php3\\example-app\\vendor\\laravel\\framework\\src\\Illuminate\\Routing\\Route.php(267): Illuminate\\Routing\\Route->getController()
#7 C:\\xampp\\htdocs\\laravel-php3\\example-app\\vendor\\laravel\\framework\\src\\Illuminate\\Routing\\Route.php(212): Illuminate\\Routing\\Route->runController()
#8 C:\\xampp\\htdocs\\laravel-php3\\example-app\\vendor\\laravel\\framework\\src\\Illuminate\\Routing\\Router.php(808): Illuminate\\Routing\\Route->run()
#9 C:\\xampp\\htdocs\\laravel-php3\\example-app\\vendor\\laravel\\framework\\src\\Illuminate\\Pipeline\\Pipeline.php(170): Illuminate\\Routing\\Router->Illuminate\\Routing\\{closure}()
#10 C:\\xampp\\htdocs\\laravel-php3\\example-app\\vendor\\laravel\\framework\\src\\Illuminate\\Routing\\Middleware\\SubstituteBindings.php(51): Illuminate\\Pipeline\\Pipeline->Illuminate\\Pipeline\\{closure}()
#11 C:\\xampp\\htdocs\\laravel-php3\\example-app\\vendor\\laravel\\framework\\src\\Illuminate\\Pipeline\\Pipeline.php(209): Illuminate\\Routing\\Middleware\\SubstituteBindings->handle()
#12 C:\\xampp\\htdocs\\laravel-php3\\example-app\\vendor\\laravel\\framework\\src\\Illuminate\\Foundation\\Http\\Middleware\\VerifyCsrfToken.php(88): Illuminate\\Pipeline\\Pipeline->Illuminate\\Pipeline\\{closure}()
#13 C:\\xampp\\htdocs\\laravel-php3\\example-app\\vendor\\laravel\\framework\\src\\Illuminate\\Pipeline\\Pipeline.php(209): Illuminate\\Foundation\\Http\\Middleware\\VerifyCsrfToken->handle()
#14 C:\\xampp\\htdocs\\laravel-php3\\example-app\\vendor\\laravel\\framework\\src\\Illuminate\\View\\Middleware\\ShareErrorsFromSession.php(49): Illuminate\\Pipeline\\Pipeline->Illuminate\\Pipeline\\{closure}()
#15 C:\\xampp\\htdocs\\laravel-php3\\example-app\\vendor\\laravel\\framework\\src\\Illuminate\\Pipeline\\Pipeline.php(209): Illuminate\\View\\Middleware\\ShareErrorsFromSession->handle()
#16 C:\\xampp\\htdocs\\laravel-php3\\example-app\\vendor\\laravel\\framework\\src\\Illuminate\\Session\\Middleware\\StartSession.php(121): Illuminate\\Pipeline\\Pipeline->Illuminate\\Pipeline\\{closure}()
#17 C:\\xampp\\htdocs\\laravel-php3\\example-app\\vendor\\laravel\\framework\\src\\Illuminate\\Session\\Middleware\\StartSession.php(64): Illuminate\\Session\\Middleware\\StartSession->handleStatefulRequest()
#18 C:\\xampp\\htdocs\\laravel-php3\\example-app\\vendor\\laravel\\framework\\src\\Illuminate\\Pipeline\\Pipeline.php(209): Illuminate\\Session\\Middleware\\StartSession->handle()
#19 C:\\xampp\\htdocs\\laravel-php3\\example-app\\vendor\\laravel\\framework\\src\\Illuminate\\Cookie\\Middleware\\AddQueuedCookiesToResponse.php(37): Illuminate\\Pipeline\\Pipeline->Illuminate\\Pipeline\\{closure}()
#20 C:\\xampp\\htdocs\\laravel-php3\\example-app\\vendor\\laravel\\framework\\src\\Illuminate\\Pipeline\\Pipeline.php(209): Illuminate\\Cookie\\Middleware\\AddQueuedCookiesToResponse->handle()
#21 C:\\xampp\\htdocs\\laravel-php3\\example-app\\vendor\\laravel\\framework\\src\\Illuminate\\Cookie\\Middleware\\EncryptCookies.php(75): Illuminate\\Pipeline\\Pipeline->Illuminate\\Pipeline\\{closure}()
#22 C:\\xampp\\htdocs\\laravel-php3\\example-app\\vendor\\laravel\\framework\\src\\Illuminate\\Pipeline\\Pipeline.php(209): Illuminate\\Cookie\\Middleware\\EncryptCookies->handle()
#23 C:\\xampp\\htdocs\\laravel-php3\\example-app\\vendor\\laravel\\framework\\src\\Illuminate\\Pipeline\\Pipeline.php(127): Illuminate\\Pipeline\\Pipeline->Illuminate\\Pipeline\\{closure}()
#24 C:\\xampp\\htdocs\\laravel-php3\\example-app\\vendor\\laravel\\framework\\src\\Illuminate\\Routing\\Router.php(807): Illuminate\\Pipeline\\Pipeline->then()
#25 C:\\xampp\\htdocs\\laravel-php3\\example-app\\vendor\\laravel\\framework\\src\\Illuminate\\Routing\\Router.php(786): Illuminate\\Routing\\Router->runRouteWithinStack()
#26 C:\\xampp\\htdocs\\laravel-php3\\example-app\\vendor\\laravel\\framework\\src\\Illuminate\\Routing\\Router.php(750): Illuminate\\Routing\\Router->runRoute()
#27 C:\\xampp\\htdocs\\laravel-php3\\example-app\\vendor\\laravel\\framework\\src\\Illuminate\\Routing\\Router.php(739): Illuminate\\Routing\\Router->dispatchToRoute()
#28 C:\\xampp\\htdocs\\laravel-php3\\example-app\\vendor\\laravel\\framework\\src\\Illuminate\\Foundation\\Http\\Kernel.php(201): Illuminate\\Routing\\Router->dispatch()
#29 C:\\xampp\\htdocs\\laravel-php3\\example-app\\vendor\\laravel\\framework\\src\\Illuminate\\Pipeline\\Pipeline.php(170): Illuminate\\Foundation\\Http\\Kernel->Illuminate\\Foundation\\Http\\{closure}()
#30 C:\\xampp\\htdocs\\laravel-php3\\example-app\\vendor\\laravel\\framework\\src\\Illuminate\\Foundation\\Http\\Middleware\\TransformsRequest.php(21): Illuminate\\Pipeline\\Pipeline->Illuminate\\Pipeline\\{closure}()
#31 C:\\xampp\\htdocs\\laravel-php3\\example-app\\vendor\\laravel\\framework\\src\\Illuminate\\Foundation\\Http\\Middleware\\ConvertEmptyStringsToNull.php(31): Illuminate\\Foundation\\Http\\Middleware\\TransformsRequest->handle()
#32 C:\\xampp\\htdocs\\laravel-php3\\example-app\\vendor\\laravel\\framework\\src\\Illuminate\\Pipeline\\Pipeline.php(209): Illuminate\\Foundation\\Http\\Middleware\\ConvertEmptyStringsToNull->handle()
#33 C:\\xampp\\htdocs\\laravel-php3\\example-app\\vendor\\laravel\\framework\\src\\Illuminate\\Foundation\\Http\\Middleware\\TransformsRequest.php(21): Illuminate\\Pipeline\\Pipeline->Illuminate\\Pipeline\\{closure}()
#34 C:\\xampp\\htdocs\\laravel-php3\\example-app\\vendor\\laravel\\framework\\src\\Illuminate\\Foundation\\Http\\Middleware\\TrimStrings.php(51): Illuminate\\Foundation\\Http\\Middleware\\TransformsRequest->handle()
#35 C:\\xampp\\htdocs\\laravel-php3\\example-app\\vendor\\laravel\\framework\\src\\Illuminate\\Pipeline\\Pipeline.php(209): Illuminate\\Foundation\\Http\\Middleware\\TrimStrings->handle()
#36 C:\\xampp\\htdocs\\laravel-php3\\example-app\\vendor\\laravel\\framework\\src\\Illuminate\\Http\\Middleware\\ValidatePostSize.php(27): Illuminate\\Pipeline\\Pipeline->Illuminate\\Pipeline\\{closure}()
#37 C:\\xampp\\htdocs\\laravel-php3\\example-app\\vendor\\laravel\\framework\\src\\Illuminate\\Pipeline\\Pipeline.php(209): Illuminate\\Http\\Middleware\\ValidatePostSize->handle()
#38 C:\\xampp\\htdocs\\laravel-php3\\example-app\\vendor\\laravel\\framework\\src\\Illuminate\\Foundation\\Http\\Middleware\\PreventRequestsDuringMaintenance.php(110): Illuminate\\Pipeline\\Pipeline->Illuminate\\Pipeline\\{closure}()
#39 C:\\xampp\\htdocs\\laravel-php3\\example-app\\vendor\\laravel\\framework\\src\\Illuminate\\Pipeline\\Pipeline.php(209): Illuminate\\Foundation\\Http\\Middleware\\PreventRequestsDuringMaintenance->handle()
#40 C:\\xampp\\htdocs\\laravel-php3\\example-app\\vendor\\laravel\\framework\\src\\Illuminate\\Http\\Middleware\\HandleCors.php(49): Illuminate\\Pipeline\\Pipeline->Illuminate\\Pipeline\\{closure}()
#41 C:\\xampp\\htdocs\\laravel-php3\\example-app\\vendor\\laravel\\framework\\src\\Illuminate\\Pipeline\\Pipeline.php(209): Illuminate\\Http\\Middleware\\HandleCors->handle()
#42 C:\\xampp\\htdocs\\laravel-php3\\example-app\\vendor\\laravel\\framework\\src\\Illuminate\\Http\\Middleware\\TrustProxies.php(58): Illuminate\\Pipeline\\Pipeline->Illuminate\\Pipeline\\{closure}()
#43 C:\\xampp\\htdocs\\laravel-php3\\example-app\\vendor\\laravel\\framework\\src\\Illuminate\\Pipeline\\Pipeline.php(209): Illuminate\\Http\\Middleware\\TrustProxies->handle()
#44 C:\\xampp\\htdocs\\laravel-php3\\example-app\\vendor\\laravel\\framework\\src\\Illuminate\\Foundation\\Http\\Middleware\\InvokeDeferredCallbacks.php(22): Illuminate\\Pipeline\\Pipeline->Illuminate\\Pipeline\\{closure}()
#45 C:\\xampp\\htdocs\\laravel-php3\\example-app\\vendor\\laravel\\framework\\src\\Illuminate\\Pipeline\\Pipeline.php(209): Illuminate\\Foundation\\Http\\Middleware\\InvokeDeferredCallbacks->handle()
#46 C:\\xampp\\htdocs\\laravel-php3\\example-app\\vendor\\laravel\\framework\\src\\Illuminate\\Http\\Middleware\\ValidatePathEncoding.php(26): Illuminate\\Pipeline\\Pipeline->Illuminate\\Pipeline\\{closure}()
#47 C:\\xampp\\htdocs\\laravel-php3\\example-app\\vendor\\laravel\\framework\\src\\Illuminate\\Pipeline\\Pipeline.php(209): Illuminate\\Http\\Middleware\\ValidatePathEncoding->handle()
#48 C:\\xampp\\htdocs\\laravel-php3\\example-app\\vendor\\laravel\\framework\\src\\Illuminate\\Pipeline\\Pipeline.php(127): Illuminate\\Pipeline\\Pipeline->Illuminate\\Pipeline\\{closure}()
#49 C:\\xampp\\htdocs\\laravel-php3\\example-app\\vendor\\laravel\\framework\\src\\Illuminate\\Foundation\\Http\\Kernel.php(176): Illuminate\\Pipeline\\Pipeline->then()
#50 C:\\xampp\\htdocs\\laravel-php3\\example-app\\vendor\\laravel\\framework\\src\\Illuminate\\Foundation\\Http\\Kernel.php(145): Illuminate\\Foundation\\Http\\Kernel->sendRequestThroughRouter()
#51 C:\\xampp\\htdocs\\laravel-php3\\example-app\\vendor\\laravel\\framework\\src\\Illuminate\\Foundation\\Application.php(1220): Illuminate\\Foundation\\Http\\Kernel->handle()
#52 C:\\xampp\\htdocs\\laravel-php3\\example-app\\public\\index.php(20): Illuminate\\Foundation\\Application->handleRequest()
#53 C:\\xampp\\htdocs\\laravel-php3\\example-app\\vendor\\laravel\\framework\\src\\Illuminate\\Foundation\\resources\\server.php(23): require_once('...')
#54 {main}
"} 
[2025-04-11 05:39:37] local.INFO: Checkout request: {"_token":"xZe1hDYO0dZfG13bOXgi9DURpmHRgKrOMYH5Rh7F","shipping_name":"vuche","shipping_address":"sđsds","shipping_phone":"0964417609sds","discount_code":"vuche1","note":"sdsds","payment_method":"cod"} 
[2025-04-11 05:39:37] local.ERROR: Class "App\Models\Discount" not found {"userId":1,"exception":"[object] (Error(code: 0): Class \"App\\Models\\Discount\" not found at C:\\xampp\\htdocs\\laravel-php3\\example-app\\app\\Http\\Controllers\\CheckoutController.php:74)
[stacktrace]
#0 C:\\xampp\\htdocs\\laravel-php3\\example-app\\vendor\\laravel\\framework\\src\\Illuminate\\Routing\\ControllerDispatcher.php(47): App\\Http\\Controllers\\CheckoutController->process()
#1 C:\\xampp\\htdocs\\laravel-php3\\example-app\\vendor\\laravel\\framework\\src\\Illuminate\\Routing\\Route.php(266): Illuminate\\Routing\\ControllerDispatcher->dispatch()
#2 C:\\xampp\\htdocs\\laravel-php3\\example-app\\vendor\\laravel\\framework\\src\\Illuminate\\Routing\\Route.php(212): Illuminate\\Routing\\Route->runController()
#3 C:\\xampp\\htdocs\\laravel-php3\\example-app\\vendor\\laravel\\framework\\src\\Illuminate\\Routing\\Router.php(808): Illuminate\\Routing\\Route->run()
#4 C:\\xampp\\htdocs\\laravel-php3\\example-app\\vendor\\laravel\\framework\\src\\Illuminate\\Pipeline\\Pipeline.php(170): Illuminate\\Routing\\Router->Illuminate\\Routing\\{closure}()
#5 C:\\xampp\\htdocs\\laravel-php3\\example-app\\vendor\\laravel\\framework\\src\\Illuminate\\Routing\\Middleware\\SubstituteBindings.php(51): Illuminate\\Pipeline\\Pipeline->Illuminate\\Pipeline\\{closure}()
#6 C:\\xampp\\htdocs\\laravel-php3\\example-app\\vendor\\laravel\\framework\\src\\Illuminate\\Pipeline\\Pipeline.php(209): Illuminate\\Routing\\Middleware\\SubstituteBindings->handle()
#7 C:\\xampp\\htdocs\\laravel-php3\\example-app\\vendor\\laravel\\framework\\src\\Illuminate\\Auth\\Middleware\\Authenticate.php(64): Illuminate\\Pipeline\\Pipeline->Illuminate\\Pipeline\\{closure}()
#8 C:\\xampp\\htdocs\\laravel-php3\\example-app\\vendor\\laravel\\framework\\src\\Illuminate\\Pipeline\\Pipeline.php(209): Illuminate\\Auth\\Middleware\\Authenticate->handle()
#9 C:\\xampp\\htdocs\\laravel-php3\\example-app\\vendor\\laravel\\framework\\src\\Illuminate\\Foundation\\Http\\Middleware\\VerifyCsrfToken.php(88): Illuminate\\Pipeline\\Pipeline->Illuminate\\Pipeline\\{closure}()
#10 C:\\xampp\\htdocs\\laravel-php3\\example-app\\vendor\\laravel\\framework\\src\\Illuminate\\Pipeline\\Pipeline.php(209): Illuminate\\Foundation\\Http\\Middleware\\VerifyCsrfToken->handle()
#11 C:\\xampp\\htdocs\\laravel-php3\\example-app\\vendor\\laravel\\framework\\src\\Illuminate\\View\\Middleware\\ShareErrorsFromSession.php(49): Illuminate\\Pipeline\\Pipeline->Illuminate\\Pipeline\\{closure}()
#12 C:\\xampp\\htdocs\\laravel-php3\\example-app\\vendor\\laravel\\framework\\src\\Illuminate\\Pipeline\\Pipeline.php(209): Illuminate\\View\\Middleware\\ShareErrorsFromSession->handle()
#13 C:\\xampp\\htdocs\\laravel-php3\\example-app\\vendor\\laravel\\framework\\src\\Illuminate\\Session\\Middleware\\StartSession.php(121): Illuminate\\Pipeline\\Pipeline->Illuminate\\Pipeline\\{closure}()
#14 C:\\xampp\\htdocs\\laravel-php3\\example-app\\vendor\\laravel\\framework\\src\\Illuminate\\Session\\Middleware\\StartSession.php(64): Illuminate\\Session\\Middleware\\StartSession->handleStatefulRequest()
#15 C:\\xampp\\htdocs\\laravel-php3\\example-app\\vendor\\laravel\\framework\\src\\Illuminate\\Pipeline\\Pipeline.php(209): Illuminate\\Session\\Middleware\\StartSession->handle()
#16 C:\\xampp\\htdocs\\laravel-php3\\example-app\\vendor\\laravel\\framework\\src\\Illuminate\\Cookie\\Middleware\\AddQueuedCookiesToResponse.php(37): Illuminate\\Pipeline\\Pipeline->Illuminate\\Pipeline\\{closure}()
#17 C:\\xampp\\htdocs\\laravel-php3\\example-app\\vendor\\laravel\\framework\\src\\Illuminate\\Pipeline\\Pipeline.php(209): Illuminate\\Cookie\\Middleware\\AddQueuedCookiesToResponse->handle()
#18 C:\\xampp\\htdocs\\laravel-php3\\example-app\\vendor\\laravel\\framework\\src\\Illuminate\\Cookie\\Middleware\\EncryptCookies.php(75): Illuminate\\Pipeline\\Pipeline->Illuminate\\Pipeline\\{closure}()
#19 C:\\xampp\\htdocs\\laravel-php3\\example-app\\vendor\\laravel\\framework\\src\\Illuminate\\Pipeline\\Pipeline.php(209): Illuminate\\Cookie\\Middleware\\EncryptCookies->handle()
#20 C:\\xampp\\htdocs\\laravel-php3\\example-app\\vendor\\laravel\\framework\\src\\Illuminate\\Pipeline\\Pipeline.php(127): Illuminate\\Pipeline\\Pipeline->Illuminate\\Pipeline\\{closure}()
#21 C:\\xampp\\htdocs\\laravel-php3\\example-app\\vendor\\laravel\\framework\\src\\Illuminate\\Routing\\Router.php(807): Illuminate\\Pipeline\\Pipeline->then()
#22 C:\\xampp\\htdocs\\laravel-php3\\example-app\\vendor\\laravel\\framework\\src\\Illuminate\\Routing\\Router.php(786): Illuminate\\Routing\\Router->runRouteWithinStack()
#23 C:\\xampp\\htdocs\\laravel-php3\\example-app\\vendor\\laravel\\framework\\src\\Illuminate\\Routing\\Router.php(750): Illuminate\\Routing\\Router->runRoute()
#24 C:\\xampp\\htdocs\\laravel-php3\\example-app\\vendor\\laravel\\framework\\src\\Illuminate\\Routing\\Router.php(739): Illuminate\\Routing\\Router->dispatchToRoute()
#25 C:\\xampp\\htdocs\\laravel-php3\\example-app\\vendor\\laravel\\framework\\src\\Illuminate\\Foundation\\Http\\Kernel.php(201): Illuminate\\Routing\\Router->dispatch()
#26 C:\\xampp\\htdocs\\laravel-php3\\example-app\\vendor\\laravel\\framework\\src\\Illuminate\\Pipeline\\Pipeline.php(170): Illuminate\\Foundation\\Http\\Kernel->Illuminate\\Foundation\\Http\\{closure}()
#27 C:\\xampp\\htdocs\\laravel-php3\\example-app\\vendor\\laravel\\framework\\src\\Illuminate\\Foundation\\Http\\Middleware\\TransformsRequest.php(21): Illuminate\\Pipeline\\Pipeline->Illuminate\\Pipeline\\{closure}()
#28 C:\\xampp\\htdocs\\laravel-php3\\example-app\\vendor\\laravel\\framework\\src\\Illuminate\\Foundation\\Http\\Middleware\\ConvertEmptyStringsToNull.php(31): Illuminate\\Foundation\\Http\\Middleware\\TransformsRequest->handle()
#29 C:\\xampp\\htdocs\\laravel-php3\\example-app\\vendor\\laravel\\framework\\src\\Illuminate\\Pipeline\\Pipeline.php(209): Illuminate\\Foundation\\Http\\Middleware\\ConvertEmptyStringsToNull->handle()
#30 C:\\xampp\\htdocs\\laravel-php3\\example-app\\vendor\\laravel\\framework\\src\\Illuminate\\Foundation\\Http\\Middleware\\TransformsRequest.php(21): Illuminate\\Pipeline\\Pipeline->Illuminate\\Pipeline\\{closure}()
#31 C:\\xampp\\htdocs\\laravel-php3\\example-app\\vendor\\laravel\\framework\\src\\Illuminate\\Foundation\\Http\\Middleware\\TrimStrings.php(51): Illuminate\\Foundation\\Http\\Middleware\\TransformsRequest->handle()
#32 C:\\xampp\\htdocs\\laravel-php3\\example-app\\vendor\\laravel\\framework\\src\\Illuminate\\Pipeline\\Pipeline.php(209): Illuminate\\Foundation\\Http\\Middleware\\TrimStrings->handle()
#33 C:\\xampp\\htdocs\\laravel-php3\\example-app\\vendor\\laravel\\framework\\src\\Illuminate\\Http\\Middleware\\ValidatePostSize.php(27): Illuminate\\Pipeline\\Pipeline->Illuminate\\Pipeline\\{closure}()
#34 C:\\xampp\\htdocs\\laravel-php3\\example-app\\vendor\\laravel\\framework\\src\\Illuminate\\Pipeline\\Pipeline.php(209): Illuminate\\Http\\Middleware\\ValidatePostSize->handle()
#35 C:\\xampp\\htdocs\\laravel-php3\\example-app\\vendor\\laravel\\framework\\src\\Illuminate\\Foundation\\Http\\Middleware\\PreventRequestsDuringMaintenance.php(110): Illuminate\\Pipeline\\Pipeline->Illuminate\\Pipeline\\{closure}()
#36 C:\\xampp\\htdocs\\laravel-php3\\example-app\\vendor\\laravel\\framework\\src\\Illuminate\\Pipeline\\Pipeline.php(209): Illuminate\\Foundation\\Http\\Middleware\\PreventRequestsDuringMaintenance->handle()
#37 C:\\xampp\\htdocs\\laravel-php3\\example-app\\vendor\\laravel\\framework\\src\\Illuminate\\Http\\Middleware\\HandleCors.php(49): Illuminate\\Pipeline\\Pipeline->Illuminate\\Pipeline\\{closure}()
#38 C:\\xampp\\htdocs\\laravel-php3\\example-app\\vendor\\laravel\\framework\\src\\Illuminate\\Pipeline\\Pipeline.php(209): Illuminate\\Http\\Middleware\\HandleCors->handle()
#39 C:\\xampp\\htdocs\\laravel-php3\\example-app\\vendor\\laravel\\framework\\src\\Illuminate\\Http\\Middleware\\TrustProxies.php(58): Illuminate\\Pipeline\\Pipeline->Illuminate\\Pipeline\\{closure}()
#40 C:\\xampp\\htdocs\\laravel-php3\\example-app\\vendor\\laravel\\framework\\src\\Illuminate\\Pipeline\\Pipeline.php(209): Illuminate\\Http\\Middleware\\TrustProxies->handle()
#41 C:\\xampp\\htdocs\\laravel-php3\\example-app\\vendor\\laravel\\framework\\src\\Illuminate\\Foundation\\Http\\Middleware\\InvokeDeferredCallbacks.php(22): Illuminate\\Pipeline\\Pipeline->Illuminate\\Pipeline\\{closure}()
#42 C:\\xampp\\htdocs\\laravel-php3\\example-app\\vendor\\laravel\\framework\\src\\Illuminate\\Pipeline\\Pipeline.php(209): Illuminate\\Foundation\\Http\\Middleware\\InvokeDeferredCallbacks->handle()
#43 C:\\xampp\\htdocs\\laravel-php3\\example-app\\vendor\\laravel\\framework\\src\\Illuminate\\Http\\Middleware\\ValidatePathEncoding.php(26): Illuminate\\Pipeline\\Pipeline->Illuminate\\Pipeline\\{closure}()
#44 C:\\xampp\\htdocs\\laravel-php3\\example-app\\vendor\\laravel\\framework\\src\\Illuminate\\Pipeline\\Pipeline.php(209): Illuminate\\Http\\Middleware\\ValidatePathEncoding->handle()
#45 C:\\xampp\\htdocs\\laravel-php3\\example-app\\vendor\\laravel\\framework\\src\\Illuminate\\Pipeline\\Pipeline.php(127): Illuminate\\Pipeline\\Pipeline->Illuminate\\Pipeline\\{closure}()
#46 C:\\xampp\\htdocs\\laravel-php3\\example-app\\vendor\\laravel\\framework\\src\\Illuminate\\Foundation\\Http\\Kernel.php(176): Illuminate\\Pipeline\\Pipeline->then()
#47 C:\\xampp\\htdocs\\laravel-php3\\example-app\\vendor\\laravel\\framework\\src\\Illuminate\\Foundation\\Http\\Kernel.php(145): Illuminate\\Foundation\\Http\\Kernel->sendRequestThroughRouter()
#48 C:\\xampp\\htdocs\\laravel-php3\\example-app\\vendor\\laravel\\framework\\src\\Illuminate\\Foundation\\Application.php(1220): Illuminate\\Foundation\\Http\\Kernel->handle()
#49 C:\\xampp\\htdocs\\laravel-php3\\example-app\\public\\index.php(20): Illuminate\\Foundation\\Application->handleRequest()
#50 C:\\xampp\\htdocs\\laravel-php3\\example-app\\vendor\\laravel\\framework\\src\\Illuminate\\Foundation\\resources\\server.php(23): require_once('...')
#51 {main}
"} 
[2025-04-11 05:40:12] local.INFO: Checkout request: {"_token":"xZe1hDYO0dZfG13bOXgi9DURpmHRgKrOMYH5Rh7F","shipping_name":"vuche","shipping_address":"sđsds","shipping_phone":"0964417609sds","discount_code":"vuche1","note":"sdsds","payment_method":"cod"} 
[2025-04-11 05:40:12] local.ERROR: Class "App\Models\Discount" not found {"userId":1,"exception":"[object] (Error(code: 0): Class \"App\\Models\\Discount\" not found at C:\\xampp\\htdocs\\laravel-php3\\example-app\\app\\Http\\Controllers\\CheckoutController.php:75)
[stacktrace]
#0 C:\\xampp\\htdocs\\laravel-php3\\example-app\\vendor\\laravel\\framework\\src\\Illuminate\\Routing\\ControllerDispatcher.php(47): App\\Http\\Controllers\\CheckoutController->process()
#1 C:\\xampp\\htdocs\\laravel-php3\\example-app\\vendor\\laravel\\framework\\src\\Illuminate\\Routing\\Route.php(266): Illuminate\\Routing\\ControllerDispatcher->dispatch()
#2 C:\\xampp\\htdocs\\laravel-php3\\example-app\\vendor\\laravel\\framework\\src\\Illuminate\\Routing\\Route.php(212): Illuminate\\Routing\\Route->runController()
#3 C:\\xampp\\htdocs\\laravel-php3\\example-app\\vendor\\laravel\\framework\\src\\Illuminate\\Routing\\Router.php(808): Illuminate\\Routing\\Route->run()
#4 C:\\xampp\\htdocs\\laravel-php3\\example-app\\vendor\\laravel\\framework\\src\\Illuminate\\Pipeline\\Pipeline.php(170): Illuminate\\Routing\\Router->Illuminate\\Routing\\{closure}()
#5 C:\\xampp\\htdocs\\laravel-php3\\example-app\\vendor\\laravel\\framework\\src\\Illuminate\\Routing\\Middleware\\SubstituteBindings.php(51): Illuminate\\Pipeline\\Pipeline->Illuminate\\Pipeline\\{closure}()
#6 C:\\xampp\\htdocs\\laravel-php3\\example-app\\vendor\\laravel\\framework\\src\\Illuminate\\Pipeline\\Pipeline.php(209): Illuminate\\Routing\\Middleware\\SubstituteBindings->handle()
#7 C:\\xampp\\htdocs\\laravel-php3\\example-app\\vendor\\laravel\\framework\\src\\Illuminate\\Auth\\Middleware\\Authenticate.php(64): Illuminate\\Pipeline\\Pipeline->Illuminate\\Pipeline\\{closure}()
#8 C:\\xampp\\htdocs\\laravel-php3\\example-app\\vendor\\laravel\\framework\\src\\Illuminate\\Pipeline\\Pipeline.php(209): Illuminate\\Auth\\Middleware\\Authenticate->handle()
#9 C:\\xampp\\htdocs\\laravel-php3\\example-app\\vendor\\laravel\\framework\\src\\Illuminate\\Foundation\\Http\\Middleware\\VerifyCsrfToken.php(88): Illuminate\\Pipeline\\Pipeline->Illuminate\\Pipeline\\{closure}()
#10 C:\\xampp\\htdocs\\laravel-php3\\example-app\\vendor\\laravel\\framework\\src\\Illuminate\\Pipeline\\Pipeline.php(209): Illuminate\\Foundation\\Http\\Middleware\\VerifyCsrfToken->handle()
#11 C:\\xampp\\htdocs\\laravel-php3\\example-app\\vendor\\laravel\\framework\\src\\Illuminate\\View\\Middleware\\ShareErrorsFromSession.php(49): Illuminate\\Pipeline\\Pipeline->Illuminate\\Pipeline\\{closure}()
#12 C:\\xampp\\htdocs\\laravel-php3\\example-app\\vendor\\laravel\\framework\\src\\Illuminate\\Pipeline\\Pipeline.php(209): Illuminate\\View\\Middleware\\ShareErrorsFromSession->handle()
#13 C:\\xampp\\htdocs\\laravel-php3\\example-app\\vendor\\laravel\\framework\\src\\Illuminate\\Session\\Middleware\\StartSession.php(121): Illuminate\\Pipeline\\Pipeline->Illuminate\\Pipeline\\{closure}()
#14 C:\\xampp\\htdocs\\laravel-php3\\example-app\\vendor\\laravel\\framework\\src\\Illuminate\\Session\\Middleware\\StartSession.php(64): Illuminate\\Session\\Middleware\\StartSession->handleStatefulRequest()
#15 C:\\xampp\\htdocs\\laravel-php3\\example-app\\vendor\\laravel\\framework\\src\\Illuminate\\Pipeline\\Pipeline.php(209): Illuminate\\Session\\Middleware\\StartSession->handle()
#16 C:\\xampp\\htdocs\\laravel-php3\\example-app\\vendor\\laravel\\framework\\src\\Illuminate\\Cookie\\Middleware\\AddQueuedCookiesToResponse.php(37): Illuminate\\Pipeline\\Pipeline->Illuminate\\Pipeline\\{closure}()
#17 C:\\xampp\\htdocs\\laravel-php3\\example-app\\vendor\\laravel\\framework\\src\\Illuminate\\Pipeline\\Pipeline.php(209): Illuminate\\Cookie\\Middleware\\AddQueuedCookiesToResponse->handle()
#18 C:\\xampp\\htdocs\\laravel-php3\\example-app\\vendor\\laravel\\framework\\src\\Illuminate\\Cookie\\Middleware\\EncryptCookies.php(75): Illuminate\\Pipeline\\Pipeline->Illuminate\\Pipeline\\{closure}()
#19 C:\\xampp\\htdocs\\laravel-php3\\example-app\\vendor\\laravel\\framework\\src\\Illuminate\\Pipeline\\Pipeline.php(209): Illuminate\\Cookie\\Middleware\\EncryptCookies->handle()
#20 C:\\xampp\\htdocs\\laravel-php3\\example-app\\vendor\\laravel\\framework\\src\\Illuminate\\Pipeline\\Pipeline.php(127): Illuminate\\Pipeline\\Pipeline->Illuminate\\Pipeline\\{closure}()
#21 C:\\xampp\\htdocs\\laravel-php3\\example-app\\vendor\\laravel\\framework\\src\\Illuminate\\Routing\\Router.php(807): Illuminate\\Pipeline\\Pipeline->then()
#22 C:\\xampp\\htdocs\\laravel-php3\\example-app\\vendor\\laravel\\framework\\src\\Illuminate\\Routing\\Router.php(786): Illuminate\\Routing\\Router->runRouteWithinStack()
#23 C:\\xampp\\htdocs\\laravel-php3\\example-app\\vendor\\laravel\\framework\\src\\Illuminate\\Routing\\Router.php(750): Illuminate\\Routing\\Router->runRoute()
#24 C:\\xampp\\htdocs\\laravel-php3\\example-app\\vendor\\laravel\\framework\\src\\Illuminate\\Routing\\Router.php(739): Illuminate\\Routing\\Router->dispatchToRoute()
#25 C:\\xampp\\htdocs\\laravel-php3\\example-app\\vendor\\laravel\\framework\\src\\Illuminate\\Foundation\\Http\\Kernel.php(201): Illuminate\\Routing\\Router->dispatch()
#26 C:\\xampp\\htdocs\\laravel-php3\\example-app\\vendor\\laravel\\framework\\src\\Illuminate\\Pipeline\\Pipeline.php(170): Illuminate\\Foundation\\Http\\Kernel->Illuminate\\Foundation\\Http\\{closure}()
#27 C:\\xampp\\htdocs\\laravel-php3\\example-app\\vendor\\laravel\\framework\\src\\Illuminate\\Foundation\\Http\\Middleware\\TransformsRequest.php(21): Illuminate\\Pipeline\\Pipeline->Illuminate\\Pipeline\\{closure}()
#28 C:\\xampp\\htdocs\\laravel-php3\\example-app\\vendor\\laravel\\framework\\src\\Illuminate\\Foundation\\Http\\Middleware\\ConvertEmptyStringsToNull.php(31): Illuminate\\Foundation\\Http\\Middleware\\TransformsRequest->handle()
#29 C:\\xampp\\htdocs\\laravel-php3\\example-app\\vendor\\laravel\\framework\\src\\Illuminate\\Pipeline\\Pipeline.php(209): Illuminate\\Foundation\\Http\\Middleware\\ConvertEmptyStringsToNull->handle()
#30 C:\\xampp\\htdocs\\laravel-php3\\example-app\\vendor\\laravel\\framework\\src\\Illuminate\\Foundation\\Http\\Middleware\\TransformsRequest.php(21): Illuminate\\Pipeline\\Pipeline->Illuminate\\Pipeline\\{closure}()
#31 C:\\xampp\\htdocs\\laravel-php3\\example-app\\vendor\\laravel\\framework\\src\\Illuminate\\Foundation\\Http\\Middleware\\TrimStrings.php(51): Illuminate\\Foundation\\Http\\Middleware\\TransformsRequest->handle()
#32 C:\\xampp\\htdocs\\laravel-php3\\example-app\\vendor\\laravel\\framework\\src\\Illuminate\\Pipeline\\Pipeline.php(209): Illuminate\\Foundation\\Http\\Middleware\\TrimStrings->handle()
#33 C:\\xampp\\htdocs\\laravel-php3\\example-app\\vendor\\laravel\\framework\\src\\Illuminate\\Http\\Middleware\\ValidatePostSize.php(27): Illuminate\\Pipeline\\Pipeline->Illuminate\\Pipeline\\{closure}()
#34 C:\\xampp\\htdocs\\laravel-php3\\example-app\\vendor\\laravel\\framework\\src\\Illuminate\\Pipeline\\Pipeline.php(209): Illuminate\\Http\\Middleware\\ValidatePostSize->handle()
#35 C:\\xampp\\htdocs\\laravel-php3\\example-app\\vendor\\laravel\\framework\\src\\Illuminate\\Foundation\\Http\\Middleware\\PreventRequestsDuringMaintenance.php(110): Illuminate\\Pipeline\\Pipeline->Illuminate\\Pipeline\\{closure}()
#36 C:\\xampp\\htdocs\\laravel-php3\\example-app\\vendor\\laravel\\framework\\src\\Illuminate\\Pipeline\\Pipeline.php(209): Illuminate\\Foundation\\Http\\Middleware\\PreventRequestsDuringMaintenance->handle()
#37 C:\\xampp\\htdocs\\laravel-php3\\example-app\\vendor\\laravel\\framework\\src\\Illuminate\\Http\\Middleware\\HandleCors.php(49): Illuminate\\Pipeline\\Pipeline->Illuminate\\Pipeline\\{closure}()
#38 C:\\xampp\\htdocs\\laravel-php3\\example-app\\vendor\\laravel\\framework\\src\\Illuminate\\Pipeline\\Pipeline.php(209): Illuminate\\Http\\Middleware\\HandleCors->handle()
#39 C:\\xampp\\htdocs\\laravel-php3\\example-app\\vendor\\laravel\\framework\\src\\Illuminate\\Http\\Middleware\\TrustProxies.php(58): Illuminate\\Pipeline\\Pipeline->Illuminate\\Pipeline\\{closure}()
#40 C:\\xampp\\htdocs\\laravel-php3\\example-app\\vendor\\laravel\\framework\\src\\Illuminate\\Pipeline\\Pipeline.php(209): Illuminate\\Http\\Middleware\\TrustProxies->handle()
#41 C:\\xampp\\htdocs\\laravel-php3\\example-app\\vendor\\laravel\\framework\\src\\Illuminate\\Foundation\\Http\\Middleware\\InvokeDeferredCallbacks.php(22): Illuminate\\Pipeline\\Pipeline->Illuminate\\Pipeline\\{closure}()
#42 C:\\xampp\\htdocs\\laravel-php3\\example-app\\vendor\\laravel\\framework\\src\\Illuminate\\Pipeline\\Pipeline.php(209): Illuminate\\Foundation\\Http\\Middleware\\InvokeDeferredCallbacks->handle()
#43 C:\\xampp\\htdocs\\laravel-php3\\example-app\\vendor\\laravel\\framework\\src\\Illuminate\\Http\\Middleware\\ValidatePathEncoding.php(26): Illuminate\\Pipeline\\Pipeline->Illuminate\\Pipeline\\{closure}()
#44 C:\\xampp\\htdocs\\laravel-php3\\example-app\\vendor\\laravel\\framework\\src\\Illuminate\\Pipeline\\Pipeline.php(209): Illuminate\\Http\\Middleware\\ValidatePathEncoding->handle()
#45 C:\\xampp\\htdocs\\laravel-php3\\example-app\\vendor\\laravel\\framework\\src\\Illuminate\\Pipeline\\Pipeline.php(127): Illuminate\\Pipeline\\Pipeline->Illuminate\\Pipeline\\{closure}()
#46 C:\\xampp\\htdocs\\laravel-php3\\example-app\\vendor\\laravel\\framework\\src\\Illuminate\\Foundation\\Http\\Kernel.php(176): Illuminate\\Pipeline\\Pipeline->then()
#47 C:\\xampp\\htdocs\\laravel-php3\\example-app\\vendor\\laravel\\framework\\src\\Illuminate\\Foundation\\Http\\Kernel.php(145): Illuminate\\Foundation\\Http\\Kernel->sendRequestThroughRouter()
#48 C:\\xampp\\htdocs\\laravel-php3\\example-app\\vendor\\laravel\\framework\\src\\Illuminate\\Foundation\\Application.php(1220): Illuminate\\Foundation\\Http\\Kernel->handle()
#49 C:\\xampp\\htdocs\\laravel-php3\\example-app\\public\\index.php(20): Illuminate\\Foundation\\Application->handleRequest()
#50 C:\\xampp\\htdocs\\laravel-php3\\example-app\\vendor\\laravel\\framework\\src\\Illuminate\\Foundation\\resources\\server.php(23): require_once('...')
#51 {main}
"} 
[2025-04-11 05:40:15] local.INFO: Checkout request: {"_token":"xZe1hDYO0dZfG13bOXgi9DURpmHRgKrOMYH5Rh7F","shipping_name":"vuche","shipping_address":"sđsds","shipping_phone":"0964417609sds","discount_code":"vuche1","note":"sdsds","payment_method":"cod"} 
[2025-04-11 05:40:15] local.ERROR: Class "App\Models\Discount" not found {"userId":1,"exception":"[object] (Error(code: 0): Class \"App\\Models\\Discount\" not found at C:\\xampp\\htdocs\\laravel-php3\\example-app\\app\\Http\\Controllers\\CheckoutController.php:75)
[stacktrace]
#0 C:\\xampp\\htdocs\\laravel-php3\\example-app\\vendor\\laravel\\framework\\src\\Illuminate\\Routing\\ControllerDispatcher.php(47): App\\Http\\Controllers\\CheckoutController->process()
#1 C:\\xampp\\htdocs\\laravel-php3\\example-app\\vendor\\laravel\\framework\\src\\Illuminate\\Routing\\Route.php(266): Illuminate\\Routing\\ControllerDispatcher->dispatch()
#2 C:\\xampp\\htdocs\\laravel-php3\\example-app\\vendor\\laravel\\framework\\src\\Illuminate\\Routing\\Route.php(212): Illuminate\\Routing\\Route->runController()
#3 C:\\xampp\\htdocs\\laravel-php3\\example-app\\vendor\\laravel\\framework\\src\\Illuminate\\Routing\\Router.php(808): Illuminate\\Routing\\Route->run()
#4 C:\\xampp\\htdocs\\laravel-php3\\example-app\\vendor\\laravel\\framework\\src\\Illuminate\\Pipeline\\Pipeline.php(170): Illuminate\\Routing\\Router->Illuminate\\Routing\\{closure}()
#5 C:\\xampp\\htdocs\\laravel-php3\\example-app\\vendor\\laravel\\framework\\src\\Illuminate\\Routing\\Middleware\\SubstituteBindings.php(51): Illuminate\\Pipeline\\Pipeline->Illuminate\\Pipeline\\{closure}()
#6 C:\\xampp\\htdocs\\laravel-php3\\example-app\\vendor\\laravel\\framework\\src\\Illuminate\\Pipeline\\Pipeline.php(209): Illuminate\\Routing\\Middleware\\SubstituteBindings->handle()
#7 C:\\xampp\\htdocs\\laravel-php3\\example-app\\vendor\\laravel\\framework\\src\\Illuminate\\Auth\\Middleware\\Authenticate.php(64): Illuminate\\Pipeline\\Pipeline->Illuminate\\Pipeline\\{closure}()
#8 C:\\xampp\\htdocs\\laravel-php3\\example-app\\vendor\\laravel\\framework\\src\\Illuminate\\Pipeline\\Pipeline.php(209): Illuminate\\Auth\\Middleware\\Authenticate->handle()
#9 C:\\xampp\\htdocs\\laravel-php3\\example-app\\vendor\\laravel\\framework\\src\\Illuminate\\Foundation\\Http\\Middleware\\VerifyCsrfToken.php(88): Illuminate\\Pipeline\\Pipeline->Illuminate\\Pipeline\\{closure}()
#10 C:\\xampp\\htdocs\\laravel-php3\\example-app\\vendor\\laravel\\framework\\src\\Illuminate\\Pipeline\\Pipeline.php(209): Illuminate\\Foundation\\Http\\Middleware\\VerifyCsrfToken->handle()
#11 C:\\xampp\\htdocs\\laravel-php3\\example-app\\vendor\\laravel\\framework\\src\\Illuminate\\View\\Middleware\\ShareErrorsFromSession.php(49): Illuminate\\Pipeline\\Pipeline->Illuminate\\Pipeline\\{closure}()
#12 C:\\xampp\\htdocs\\laravel-php3\\example-app\\vendor\\laravel\\framework\\src\\Illuminate\\Pipeline\\Pipeline.php(209): Illuminate\\View\\Middleware\\ShareErrorsFromSession->handle()
#13 C:\\xampp\\htdocs\\laravel-php3\\example-app\\vendor\\laravel\\framework\\src\\Illuminate\\Session\\Middleware\\StartSession.php(121): Illuminate\\Pipeline\\Pipeline->Illuminate\\Pipeline\\{closure}()
#14 C:\\xampp\\htdocs\\laravel-php3\\example-app\\vendor\\laravel\\framework\\src\\Illuminate\\Session\\Middleware\\StartSession.php(64): Illuminate\\Session\\Middleware\\StartSession->handleStatefulRequest()
#15 C:\\xampp\\htdocs\\laravel-php3\\example-app\\vendor\\laravel\\framework\\src\\Illuminate\\Pipeline\\Pipeline.php(209): Illuminate\\Session\\Middleware\\StartSession->handle()
#16 C:\\xampp\\htdocs\\laravel-php3\\example-app\\vendor\\laravel\\framework\\src\\Illuminate\\Cookie\\Middleware\\AddQueuedCookiesToResponse.php(37): Illuminate\\Pipeline\\Pipeline->Illuminate\\Pipeline\\{closure}()
#17 C:\\xampp\\htdocs\\laravel-php3\\example-app\\vendor\\laravel\\framework\\src\\Illuminate\\Pipeline\\Pipeline.php(209): Illuminate\\Cookie\\Middleware\\AddQueuedCookiesToResponse->handle()
#18 C:\\xampp\\htdocs\\laravel-php3\\example-app\\vendor\\laravel\\framework\\src\\Illuminate\\Cookie\\Middleware\\EncryptCookies.php(75): Illuminate\\Pipeline\\Pipeline->Illuminate\\Pipeline\\{closure}()
#19 C:\\xampp\\htdocs\\laravel-php3\\example-app\\vendor\\laravel\\framework\\src\\Illuminate\\Pipeline\\Pipeline.php(209): Illuminate\\Cookie\\Middleware\\EncryptCookies->handle()
#20 C:\\xampp\\htdocs\\laravel-php3\\example-app\\vendor\\laravel\\framework\\src\\Illuminate\\Pipeline\\Pipeline.php(127): Illuminate\\Pipeline\\Pipeline->Illuminate\\Pipeline\\{closure}()
#21 C:\\xampp\\htdocs\\laravel-php3\\example-app\\vendor\\laravel\\framework\\src\\Illuminate\\Routing\\Router.php(807): Illuminate\\Pipeline\\Pipeline->then()
#22 C:\\xampp\\htdocs\\laravel-php3\\example-app\\vendor\\laravel\\framework\\src\\Illuminate\\Routing\\Router.php(786): Illuminate\\Routing\\Router->runRouteWithinStack()
#23 C:\\xampp\\htdocs\\laravel-php3\\example-app\\vendor\\laravel\\framework\\src\\Illuminate\\Routing\\Router.php(750): Illuminate\\Routing\\Router->runRoute()
#24 C:\\xampp\\htdocs\\laravel-php3\\example-app\\vendor\\laravel\\framework\\src\\Illuminate\\Routing\\Router.php(739): Illuminate\\Routing\\Router->dispatchToRoute()
#25 C:\\xampp\\htdocs\\laravel-php3\\example-app\\vendor\\laravel\\framework\\src\\Illuminate\\Foundation\\Http\\Kernel.php(201): Illuminate\\Routing\\Router->dispatch()
#26 C:\\xampp\\htdocs\\laravel-php3\\example-app\\vendor\\laravel\\framework\\src\\Illuminate\\Pipeline\\Pipeline.php(170): Illuminate\\Foundation\\Http\\Kernel->Illuminate\\Foundation\\Http\\{closure}()
#27 C:\\xampp\\htdocs\\laravel-php3\\example-app\\vendor\\laravel\\framework\\src\\Illuminate\\Foundation\\Http\\Middleware\\TransformsRequest.php(21): Illuminate\\Pipeline\\Pipeline->Illuminate\\Pipeline\\{closure}()
#28 C:\\xampp\\htdocs\\laravel-php3\\example-app\\vendor\\laravel\\framework\\src\\Illuminate\\Foundation\\Http\\Middleware\\ConvertEmptyStringsToNull.php(31): Illuminate\\Foundation\\Http\\Middleware\\TransformsRequest->handle()
#29 C:\\xampp\\htdocs\\laravel-php3\\example-app\\vendor\\laravel\\framework\\src\\Illuminate\\Pipeline\\Pipeline.php(209): Illuminate\\Foundation\\Http\\Middleware\\ConvertEmptyStringsToNull->handle()
#30 C:\\xampp\\htdocs\\laravel-php3\\example-app\\vendor\\laravel\\framework\\src\\Illuminate\\Foundation\\Http\\Middleware\\TransformsRequest.php(21): Illuminate\\Pipeline\\Pipeline->Illuminate\\Pipeline\\{closure}()
#31 C:\\xampp\\htdocs\\laravel-php3\\example-app\\vendor\\laravel\\framework\\src\\Illuminate\\Foundation\\Http\\Middleware\\TrimStrings.php(51): Illuminate\\Foundation\\Http\\Middleware\\TransformsRequest->handle()
#32 C:\\xampp\\htdocs\\laravel-php3\\example-app\\vendor\\laravel\\framework\\src\\Illuminate\\Pipeline\\Pipeline.php(209): Illuminate\\Foundation\\Http\\Middleware\\TrimStrings->handle()
#33 C:\\xampp\\htdocs\\laravel-php3\\example-app\\vendor\\laravel\\framework\\src\\Illuminate\\Http\\Middleware\\ValidatePostSize.php(27): Illuminate\\Pipeline\\Pipeline->Illuminate\\Pipeline\\{closure}()
#34 C:\\xampp\\htdocs\\laravel-php3\\example-app\\vendor\\laravel\\framework\\src\\Illuminate\\Pipeline\\Pipeline.php(209): Illuminate\\Http\\Middleware\\ValidatePostSize->handle()
#35 C:\\xampp\\htdocs\\laravel-php3\\example-app\\vendor\\laravel\\framework\\src\\Illuminate\\Foundation\\Http\\Middleware\\PreventRequestsDuringMaintenance.php(110): Illuminate\\Pipeline\\Pipeline->Illuminate\\Pipeline\\{closure}()
#36 C:\\xampp\\htdocs\\laravel-php3\\example-app\\vendor\\laravel\\framework\\src\\Illuminate\\Pipeline\\Pipeline.php(209): Illuminate\\Foundation\\Http\\Middleware\\PreventRequestsDuringMaintenance->handle()
#37 C:\\xampp\\htdocs\\laravel-php3\\example-app\\vendor\\laravel\\framework\\src\\Illuminate\\Http\\Middleware\\HandleCors.php(49): Illuminate\\Pipeline\\Pipeline->Illuminate\\Pipeline\\{closure}()
#38 C:\\xampp\\htdocs\\laravel-php3\\example-app\\vendor\\laravel\\framework\\src\\Illuminate\\Pipeline\\Pipeline.php(209): Illuminate\\Http\\Middleware\\HandleCors->handle()
#39 C:\\xampp\\htdocs\\laravel-php3\\example-app\\vendor\\laravel\\framework\\src\\Illuminate\\Http\\Middleware\\TrustProxies.php(58): Illuminate\\Pipeline\\Pipeline->Illuminate\\Pipeline\\{closure}()
#40 C:\\xampp\\htdocs\\laravel-php3\\example-app\\vendor\\laravel\\framework\\src\\Illuminate\\Pipeline\\Pipeline.php(209): Illuminate\\Http\\Middleware\\TrustProxies->handle()
#41 C:\\xampp\\htdocs\\laravel-php3\\example-app\\vendor\\laravel\\framework\\src\\Illuminate\\Foundation\\Http\\Middleware\\InvokeDeferredCallbacks.php(22): Illuminate\\Pipeline\\Pipeline->Illuminate\\Pipeline\\{closure}()
#42 C:\\xampp\\htdocs\\laravel-php3\\example-app\\vendor\\laravel\\framework\\src\\Illuminate\\Pipeline\\Pipeline.php(209): Illuminate\\Foundation\\Http\\Middleware\\InvokeDeferredCallbacks->handle()
#43 C:\\xampp\\htdocs\\laravel-php3\\example-app\\vendor\\laravel\\framework\\src\\Illuminate\\Http\\Middleware\\ValidatePathEncoding.php(26): Illuminate\\Pipeline\\Pipeline->Illuminate\\Pipeline\\{closure}()
#44 C:\\xampp\\htdocs\\laravel-php3\\example-app\\vendor\\laravel\\framework\\src\\Illuminate\\Pipeline\\Pipeline.php(209): Illuminate\\Http\\Middleware\\ValidatePathEncoding->handle()
#45 C:\\xampp\\htdocs\\laravel-php3\\example-app\\vendor\\laravel\\framework\\src\\Illuminate\\Pipeline\\Pipeline.php(127): Illuminate\\Pipeline\\Pipeline->Illuminate\\Pipeline\\{closure}()
#46 C:\\xampp\\htdocs\\laravel-php3\\example-app\\vendor\\laravel\\framework\\src\\Illuminate\\Foundation\\Http\\Kernel.php(176): Illuminate\\Pipeline\\Pipeline->then()
#47 C:\\xampp\\htdocs\\laravel-php3\\example-app\\vendor\\laravel\\framework\\src\\Illuminate\\Foundation\\Http\\Kernel.php(145): Illuminate\\Foundation\\Http\\Kernel->sendRequestThroughRouter()
#48 C:\\xampp\\htdocs\\laravel-php3\\example-app\\vendor\\laravel\\framework\\src\\Illuminate\\Foundation\\Application.php(1220): Illuminate\\Foundation\\Http\\Kernel->handle()
#49 C:\\xampp\\htdocs\\laravel-php3\\example-app\\public\\index.php(20): Illuminate\\Foundation\\Application->handleRequest()
#50 C:\\xampp\\htdocs\\laravel-php3\\example-app\\vendor\\laravel\\framework\\src\\Illuminate\\Foundation\\resources\\server.php(23): require_once('...')
#51 {main}
"} 
[2025-04-11 05:51:12] local.INFO: Checkout request: {"_token":"xZe1hDYO0dZfG13bOXgi9DURpmHRgKrOMYH5Rh7F","shipping_name":"vuche","shipping_address":"sds","shipping_phone":"0964417609","note":"sdsd","payment_method":"cod"} 
[2025-04-11 05:51:12] local.ERROR: Class "App\Http\Controllers\Session" not found {"userId":1,"exception":"[object] (Error(code: 0): Class \"App\\Http\\Controllers\\Session\" not found at C:\\xampp\\htdocs\\laravel-php3\\example-app\\app\\Http\\Controllers\\CheckoutController.php:65)
[stacktrace]
#0 C:\\xampp\\htdocs\\laravel-php3\\example-app\\vendor\\laravel\\framework\\src\\Illuminate\\Routing\\ControllerDispatcher.php(47): App\\Http\\Controllers\\CheckoutController->process()
#1 C:\\xampp\\htdocs\\laravel-php3\\example-app\\vendor\\laravel\\framework\\src\\Illuminate\\Routing\\Route.php(266): Illuminate\\Routing\\ControllerDispatcher->dispatch()
#2 C:\\xampp\\htdocs\\laravel-php3\\example-app\\vendor\\laravel\\framework\\src\\Illuminate\\Routing\\Route.php(212): Illuminate\\Routing\\Route->runController()
#3 C:\\xampp\\htdocs\\laravel-php3\\example-app\\vendor\\laravel\\framework\\src\\Illuminate\\Routing\\Router.php(808): Illuminate\\Routing\\Route->run()
#4 C:\\xampp\\htdocs\\laravel-php3\\example-app\\vendor\\laravel\\framework\\src\\Illuminate\\Pipeline\\Pipeline.php(170): Illuminate\\Routing\\Router->Illuminate\\Routing\\{closure}()
#5 C:\\xampp\\htdocs\\laravel-php3\\example-app\\vendor\\laravel\\framework\\src\\Illuminate\\Routing\\Middleware\\SubstituteBindings.php(51): Illuminate\\Pipeline\\Pipeline->Illuminate\\Pipeline\\{closure}()
#6 C:\\xampp\\htdocs\\laravel-php3\\example-app\\vendor\\laravel\\framework\\src\\Illuminate\\Pipeline\\Pipeline.php(209): Illuminate\\Routing\\Middleware\\SubstituteBindings->handle()
#7 C:\\xampp\\htdocs\\laravel-php3\\example-app\\vendor\\laravel\\framework\\src\\Illuminate\\Auth\\Middleware\\Authenticate.php(64): Illuminate\\Pipeline\\Pipeline->Illuminate\\Pipeline\\{closure}()
#8 C:\\xampp\\htdocs\\laravel-php3\\example-app\\vendor\\laravel\\framework\\src\\Illuminate\\Pipeline\\Pipeline.php(209): Illuminate\\Auth\\Middleware\\Authenticate->handle()
#9 C:\\xampp\\htdocs\\laravel-php3\\example-app\\vendor\\laravel\\framework\\src\\Illuminate\\Foundation\\Http\\Middleware\\VerifyCsrfToken.php(88): Illuminate\\Pipeline\\Pipeline->Illuminate\\Pipeline\\{closure}()
#10 C:\\xampp\\htdocs\\laravel-php3\\example-app\\vendor\\laravel\\framework\\src\\Illuminate\\Pipeline\\Pipeline.php(209): Illuminate\\Foundation\\Http\\Middleware\\VerifyCsrfToken->handle()
#11 C:\\xampp\\htdocs\\laravel-php3\\example-app\\vendor\\laravel\\framework\\src\\Illuminate\\View\\Middleware\\ShareErrorsFromSession.php(49): Illuminate\\Pipeline\\Pipeline->Illuminate\\Pipeline\\{closure}()
#12 C:\\xampp\\htdocs\\laravel-php3\\example-app\\vendor\\laravel\\framework\\src\\Illuminate\\Pipeline\\Pipeline.php(209): Illuminate\\View\\Middleware\\ShareErrorsFromSession->handle()
#13 C:\\xampp\\htdocs\\laravel-php3\\example-app\\vendor\\laravel\\framework\\src\\Illuminate\\Session\\Middleware\\StartSession.php(121): Illuminate\\Pipeline\\Pipeline->Illuminate\\Pipeline\\{closure}()
#14 C:\\xampp\\htdocs\\laravel-php3\\example-app\\vendor\\laravel\\framework\\src\\Illuminate\\Session\\Middleware\\StartSession.php(64): Illuminate\\Session\\Middleware\\StartSession->handleStatefulRequest()
#15 C:\\xampp\\htdocs\\laravel-php3\\example-app\\vendor\\laravel\\framework\\src\\Illuminate\\Pipeline\\Pipeline.php(209): Illuminate\\Session\\Middleware\\StartSession->handle()
#16 C:\\xampp\\htdocs\\laravel-php3\\example-app\\vendor\\laravel\\framework\\src\\Illuminate\\Cookie\\Middleware\\AddQueuedCookiesToResponse.php(37): Illuminate\\Pipeline\\Pipeline->Illuminate\\Pipeline\\{closure}()
#17 C:\\xampp\\htdocs\\laravel-php3\\example-app\\vendor\\laravel\\framework\\src\\Illuminate\\Pipeline\\Pipeline.php(209): Illuminate\\Cookie\\Middleware\\AddQueuedCookiesToResponse->handle()
#18 C:\\xampp\\htdocs\\laravel-php3\\example-app\\vendor\\laravel\\framework\\src\\Illuminate\\Cookie\\Middleware\\EncryptCookies.php(75): Illuminate\\Pipeline\\Pipeline->Illuminate\\Pipeline\\{closure}()
#19 C:\\xampp\\htdocs\\laravel-php3\\example-app\\vendor\\laravel\\framework\\src\\Illuminate\\Pipeline\\Pipeline.php(209): Illuminate\\Cookie\\Middleware\\EncryptCookies->handle()
#20 C:\\xampp\\htdocs\\laravel-php3\\example-app\\vendor\\laravel\\framework\\src\\Illuminate\\Pipeline\\Pipeline.php(127): Illuminate\\Pipeline\\Pipeline->Illuminate\\Pipeline\\{closure}()
#21 C:\\xampp\\htdocs\\laravel-php3\\example-app\\vendor\\laravel\\framework\\src\\Illuminate\\Routing\\Router.php(807): Illuminate\\Pipeline\\Pipeline->then()
#22 C:\\xampp\\htdocs\\laravel-php3\\example-app\\vendor\\laravel\\framework\\src\\Illuminate\\Routing\\Router.php(786): Illuminate\\Routing\\Router->runRouteWithinStack()
#23 C:\\xampp\\htdocs\\laravel-php3\\example-app\\vendor\\laravel\\framework\\src\\Illuminate\\Routing\\Router.php(750): Illuminate\\Routing\\Router->runRoute()
#24 C:\\xampp\\htdocs\\laravel-php3\\example-app\\vendor\\laravel\\framework\\src\\Illuminate\\Routing\\Router.php(739): Illuminate\\Routing\\Router->dispatchToRoute()
#25 C:\\xampp\\htdocs\\laravel-php3\\example-app\\vendor\\laravel\\framework\\src\\Illuminate\\Foundation\\Http\\Kernel.php(201): Illuminate\\Routing\\Router->dispatch()
#26 C:\\xampp\\htdocs\\laravel-php3\\example-app\\vendor\\laravel\\framework\\src\\Illuminate\\Pipeline\\Pipeline.php(170): Illuminate\\Foundation\\Http\\Kernel->Illuminate\\Foundation\\Http\\{closure}()
#27 C:\\xampp\\htdocs\\laravel-php3\\example-app\\vendor\\laravel\\framework\\src\\Illuminate\\Foundation\\Http\\Middleware\\TransformsRequest.php(21): Illuminate\\Pipeline\\Pipeline->Illuminate\\Pipeline\\{closure}()
#28 C:\\xampp\\htdocs\\laravel-php3\\example-app\\vendor\\laravel\\framework\\src\\Illuminate\\Foundation\\Http\\Middleware\\ConvertEmptyStringsToNull.php(31): Illuminate\\Foundation\\Http\\Middleware\\TransformsRequest->handle()
#29 C:\\xampp\\htdocs\\laravel-php3\\example-app\\vendor\\laravel\\framework\\src\\Illuminate\\Pipeline\\Pipeline.php(209): Illuminate\\Foundation\\Http\\Middleware\\ConvertEmptyStringsToNull->handle()
#30 C:\\xampp\\htdocs\\laravel-php3\\example-app\\vendor\\laravel\\framework\\src\\Illuminate\\Foundation\\Http\\Middleware\\TransformsRequest.php(21): Illuminate\\Pipeline\\Pipeline->Illuminate\\Pipeline\\{closure}()
#31 C:\\xampp\\htdocs\\laravel-php3\\example-app\\vendor\\laravel\\framework\\src\\Illuminate\\Foundation\\Http\\Middleware\\TrimStrings.php(51): Illuminate\\Foundation\\Http\\Middleware\\TransformsRequest->handle()
#32 C:\\xampp\\htdocs\\laravel-php3\\example-app\\vendor\\laravel\\framework\\src\\Illuminate\\Pipeline\\Pipeline.php(209): Illuminate\\Foundation\\Http\\Middleware\\TrimStrings->handle()
#33 C:\\xampp\\htdocs\\laravel-php3\\example-app\\vendor\\laravel\\framework\\src\\Illuminate\\Http\\Middleware\\ValidatePostSize.php(27): Illuminate\\Pipeline\\Pipeline->Illuminate\\Pipeline\\{closure}()
#34 C:\\xampp\\htdocs\\laravel-php3\\example-app\\vendor\\laravel\\framework\\src\\Illuminate\\Pipeline\\Pipeline.php(209): Illuminate\\Http\\Middleware\\ValidatePostSize->handle()
#35 C:\\xampp\\htdocs\\laravel-php3\\example-app\\vendor\\laravel\\framework\\src\\Illuminate\\Foundation\\Http\\Middleware\\PreventRequestsDuringMaintenance.php(110): Illuminate\\Pipeline\\Pipeline->Illuminate\\Pipeline\\{closure}()
#36 C:\\xampp\\htdocs\\laravel-php3\\example-app\\vendor\\laravel\\framework\\src\\Illuminate\\Pipeline\\Pipeline.php(209): Illuminate\\Foundation\\Http\\Middleware\\PreventRequestsDuringMaintenance->handle()
#37 C:\\xampp\\htdocs\\laravel-php3\\example-app\\vendor\\laravel\\framework\\src\\Illuminate\\Http\\Middleware\\HandleCors.php(49): Illuminate\\Pipeline\\Pipeline->Illuminate\\Pipeline\\{closure}()
#38 C:\\xampp\\htdocs\\laravel-php3\\example-app\\vendor\\laravel\\framework\\src\\Illuminate\\Pipeline\\Pipeline.php(209): Illuminate\\Http\\Middleware\\HandleCors->handle()
#39 C:\\xampp\\htdocs\\laravel-php3\\example-app\\vendor\\laravel\\framework\\src\\Illuminate\\Http\\Middleware\\TrustProxies.php(58): Illuminate\\Pipeline\\Pipeline->Illuminate\\Pipeline\\{closure}()
#40 C:\\xampp\\htdocs\\laravel-php3\\example-app\\vendor\\laravel\\framework\\src\\Illuminate\\Pipeline\\Pipeline.php(209): Illuminate\\Http\\Middleware\\TrustProxies->handle()
#41 C:\\xampp\\htdocs\\laravel-php3\\example-app\\vendor\\laravel\\framework\\src\\Illuminate\\Foundation\\Http\\Middleware\\InvokeDeferredCallbacks.php(22): Illuminate\\Pipeline\\Pipeline->Illuminate\\Pipeline\\{closure}()
#42 C:\\xampp\\htdocs\\laravel-php3\\example-app\\vendor\\laravel\\framework\\src\\Illuminate\\Pipeline\\Pipeline.php(209): Illuminate\\Foundation\\Http\\Middleware\\InvokeDeferredCallbacks->handle()
#43 C:\\xampp\\htdocs\\laravel-php3\\example-app\\vendor\\laravel\\framework\\src\\Illuminate\\Http\\Middleware\\ValidatePathEncoding.php(26): Illuminate\\Pipeline\\Pipeline->Illuminate\\Pipeline\\{closure}()
#44 C:\\xampp\\htdocs\\laravel-php3\\example-app\\vendor\\laravel\\framework\\src\\Illuminate\\Pipeline\\Pipeline.php(209): Illuminate\\Http\\Middleware\\ValidatePathEncoding->handle()
#45 C:\\xampp\\htdocs\\laravel-php3\\example-app\\vendor\\laravel\\framework\\src\\Illuminate\\Pipeline\\Pipeline.php(127): Illuminate\\Pipeline\\Pipeline->Illuminate\\Pipeline\\{closure}()
#46 C:\\xampp\\htdocs\\laravel-php3\\example-app\\vendor\\laravel\\framework\\src\\Illuminate\\Foundation\\Http\\Kernel.php(176): Illuminate\\Pipeline\\Pipeline->then()
#47 C:\\xampp\\htdocs\\laravel-php3\\example-app\\vendor\\laravel\\framework\\src\\Illuminate\\Foundation\\Http\\Kernel.php(145): Illuminate\\Foundation\\Http\\Kernel->sendRequestThroughRouter()
#48 C:\\xampp\\htdocs\\laravel-php3\\example-app\\vendor\\laravel\\framework\\src\\Illuminate\\Foundation\\Application.php(1220): Illuminate\\Foundation\\Http\\Kernel->handle()
#49 C:\\xampp\\htdocs\\laravel-php3\\example-app\\public\\index.php(20): Illuminate\\Foundation\\Application->handleRequest()
#50 C:\\xampp\\htdocs\\laravel-php3\\example-app\\vendor\\laravel\\framework\\src\\Illuminate\\Foundation\\resources\\server.php(23): require_once('...')
#51 {main}
"} 
[2025-04-11 05:51:44] local.INFO: Checkout request: {"_token":"xZe1hDYO0dZfG13bOXgi9DURpmHRgKrOMYH5Rh7F","shipping_name":"vuche","shipping_address":"sds","shipping_phone":"0964417609","note":"sdsd","payment_method":"cod"} 
[2025-04-11 05:52:10] local.ERROR: Target class [OrderController] does not exist. {"userId":1,"exception":"[object] (Illuminate\\Contracts\\Container\\BindingResolutionException(code: 0): Target class [OrderController] does not exist. at C:\\xampp\\htdocs\\laravel-php3\\example-app\\vendor\\laravel\\framework\\src\\Illuminate\\Container\\Container.php:1019)
[stacktrace]
#0 C:\\xampp\\htdocs\\laravel-php3\\example-app\\vendor\\laravel\\framework\\src\\Illuminate\\Container\\Container.php(890): Illuminate\\Container\\Container->build()
#1 C:\\xampp\\htdocs\\laravel-php3\\example-app\\vendor\\laravel\\framework\\src\\Illuminate\\Foundation\\Application.php(1078): Illuminate\\Container\\Container->resolve()
#2 C:\\xampp\\htdocs\\laravel-php3\\example-app\\vendor\\laravel\\framework\\src\\Illuminate\\Container\\Container.php(821): Illuminate\\Foundation\\Application->resolve()
#3 C:\\xampp\\htdocs\\laravel-php3\\example-app\\vendor\\laravel\\framework\\src\\Illuminate\\Foundation\\Application.php(1058): Illuminate\\Container\\Container->make()
#4 C:\\xampp\\htdocs\\laravel-php3\\example-app\\vendor\\laravel\\framework\\src\\Illuminate\\Routing\\Route.php(285): Illuminate\\Foundation\\Application->make()
#5 C:\\xampp\\htdocs\\laravel-php3\\example-app\\vendor\\laravel\\framework\\src\\Illuminate\\Routing\\Route.php(267): Illuminate\\Routing\\Route->getController()
#6 C:\\xampp\\htdocs\\laravel-php3\\example-app\\vendor\\laravel\\framework\\src\\Illuminate\\Routing\\Route.php(212): Illuminate\\Routing\\Route->runController()
#7 C:\\xampp\\htdocs\\laravel-php3\\example-app\\vendor\\laravel\\framework\\src\\Illuminate\\Routing\\Router.php(808): Illuminate\\Routing\\Route->run()
#8 C:\\xampp\\htdocs\\laravel-php3\\example-app\\vendor\\laravel\\framework\\src\\Illuminate\\Pipeline\\Pipeline.php(170): Illuminate\\Routing\\Router->Illuminate\\Routing\\{closure}()
#9 C:\\xampp\\htdocs\\laravel-php3\\example-app\\vendor\\laravel\\framework\\src\\Illuminate\\Routing\\Middleware\\SubstituteBindings.php(51): Illuminate\\Pipeline\\Pipeline->Illuminate\\Pipeline\\{closure}()
#10 C:\\xampp\\htdocs\\laravel-php3\\example-app\\vendor\\laravel\\framework\\src\\Illuminate\\Pipeline\\Pipeline.php(209): Illuminate\\Routing\\Middleware\\SubstituteBindings->handle()
#11 C:\\xampp\\htdocs\\laravel-php3\\example-app\\vendor\\laravel\\framework\\src\\Illuminate\\Auth\\Middleware\\Authenticate.php(64): Illuminate\\Pipeline\\Pipeline->Illuminate\\Pipeline\\{closure}()
#12 C:\\xampp\\htdocs\\laravel-php3\\example-app\\vendor\\laravel\\framework\\src\\Illuminate\\Pipeline\\Pipeline.php(209): Illuminate\\Auth\\Middleware\\Authenticate->handle()
#13 C:\\xampp\\htdocs\\laravel-php3\\example-app\\vendor\\laravel\\framework\\src\\Illuminate\\Foundation\\Http\\Middleware\\VerifyCsrfToken.php(88): Illuminate\\Pipeline\\Pipeline->Illuminate\\Pipeline\\{closure}()
#14 C:\\xampp\\htdocs\\laravel-php3\\example-app\\vendor\\laravel\\framework\\src\\Illuminate\\Pipeline\\Pipeline.php(209): Illuminate\\Foundation\\Http\\Middleware\\VerifyCsrfToken->handle()
#15 C:\\xampp\\htdocs\\laravel-php3\\example-app\\vendor\\laravel\\framework\\src\\Illuminate\\View\\Middleware\\ShareErrorsFromSession.php(49): Illuminate\\Pipeline\\Pipeline->Illuminate\\Pipeline\\{closure}()
#16 C:\\xampp\\htdocs\\laravel-php3\\example-app\\vendor\\laravel\\framework\\src\\Illuminate\\Pipeline\\Pipeline.php(209): Illuminate\\View\\Middleware\\ShareErrorsFromSession->handle()
#17 C:\\xampp\\htdocs\\laravel-php3\\example-app\\vendor\\laravel\\framework\\src\\Illuminate\\Session\\Middleware\\StartSession.php(121): Illuminate\\Pipeline\\Pipeline->Illuminate\\Pipeline\\{closure}()
#18 C:\\xampp\\htdocs\\laravel-php3\\example-app\\vendor\\laravel\\framework\\src\\Illuminate\\Session\\Middleware\\StartSession.php(64): Illuminate\\Session\\Middleware\\StartSession->handleStatefulRequest()
#19 C:\\xampp\\htdocs\\laravel-php3\\example-app\\vendor\\laravel\\framework\\src\\Illuminate\\Pipeline\\Pipeline.php(209): Illuminate\\Session\\Middleware\\StartSession->handle()
#20 C:\\xampp\\htdocs\\laravel-php3\\example-app\\vendor\\laravel\\framework\\src\\Illuminate\\Cookie\\Middleware\\AddQueuedCookiesToResponse.php(37): Illuminate\\Pipeline\\Pipeline->Illuminate\\Pipeline\\{closure}()
#21 C:\\xampp\\htdocs\\laravel-php3\\example-app\\vendor\\laravel\\framework\\src\\Illuminate\\Pipeline\\Pipeline.php(209): Illuminate\\Cookie\\Middleware\\AddQueuedCookiesToResponse->handle()
#22 C:\\xampp\\htdocs\\laravel-php3\\example-app\\vendor\\laravel\\framework\\src\\Illuminate\\Cookie\\Middleware\\EncryptCookies.php(75): Illuminate\\Pipeline\\Pipeline->Illuminate\\Pipeline\\{closure}()
#23 C:\\xampp\\htdocs\\laravel-php3\\example-app\\vendor\\laravel\\framework\\src\\Illuminate\\Pipeline\\Pipeline.php(209): Illuminate\\Cookie\\Middleware\\EncryptCookies->handle()
#24 C:\\xampp\\htdocs\\laravel-php3\\example-app\\vendor\\laravel\\framework\\src\\Illuminate\\Pipeline\\Pipeline.php(127): Illuminate\\Pipeline\\Pipeline->Illuminate\\Pipeline\\{closure}()
#25 C:\\xampp\\htdocs\\laravel-php3\\example-app\\vendor\\laravel\\framework\\src\\Illuminate\\Routing\\Router.php(807): Illuminate\\Pipeline\\Pipeline->then()
#26 C:\\xampp\\htdocs\\laravel-php3\\example-app\\vendor\\laravel\\framework\\src\\Illuminate\\Routing\\Router.php(786): Illuminate\\Routing\\Router->runRouteWithinStack()
#27 C:\\xampp\\htdocs\\laravel-php3\\example-app\\vendor\\laravel\\framework\\src\\Illuminate\\Routing\\Router.php(750): Illuminate\\Routing\\Router->runRoute()
#28 C:\\xampp\\htdocs\\laravel-php3\\example-app\\vendor\\laravel\\framework\\src\\Illuminate\\Routing\\Router.php(739): Illuminate\\Routing\\Router->dispatchToRoute()
#29 C:\\xampp\\htdocs\\laravel-php3\\example-app\\vendor\\laravel\\framework\\src\\Illuminate\\Foundation\\Http\\Kernel.php(201): Illuminate\\Routing\\Router->dispatch()
#30 C:\\xampp\\htdocs\\laravel-php3\\example-app\\vendor\\laravel\\framework\\src\\Illuminate\\Pipeline\\Pipeline.php(170): Illuminate\\Foundation\\Http\\Kernel->Illuminate\\Foundation\\Http\\{closure}()
#31 C:\\xampp\\htdocs\\laravel-php3\\example-app\\vendor\\laravel\\framework\\src\\Illuminate\\Foundation\\Http\\Middleware\\TransformsRequest.php(21): Illuminate\\Pipeline\\Pipeline->Illuminate\\Pipeline\\{closure}()
#32 C:\\xampp\\htdocs\\laravel-php3\\example-app\\vendor\\laravel\\framework\\src\\Illuminate\\Foundation\\Http\\Middleware\\ConvertEmptyStringsToNull.php(31): Illuminate\\Foundation\\Http\\Middleware\\TransformsRequest->handle()
#33 C:\\xampp\\htdocs\\laravel-php3\\example-app\\vendor\\laravel\\framework\\src\\Illuminate\\Pipeline\\Pipeline.php(209): Illuminate\\Foundation\\Http\\Middleware\\ConvertEmptyStringsToNull->handle()
#34 C:\\xampp\\htdocs\\laravel-php3\\example-app\\vendor\\laravel\\framework\\src\\Illuminate\\Foundation\\Http\\Middleware\\TransformsRequest.php(21): Illuminate\\Pipeline\\Pipeline->Illuminate\\Pipeline\\{closure}()
#35 C:\\xampp\\htdocs\\laravel-php3\\example-app\\vendor\\laravel\\framework\\src\\Illuminate\\Foundation\\Http\\Middleware\\TrimStrings.php(51): Illuminate\\Foundation\\Http\\Middleware\\TransformsRequest->handle()
#36 C:\\xampp\\htdocs\\laravel-php3\\example-app\\vendor\\laravel\\framework\\src\\Illuminate\\Pipeline\\Pipeline.php(209): Illuminate\\Foundation\\Http\\Middleware\\TrimStrings->handle()
#37 C:\\xampp\\htdocs\\laravel-php3\\example-app\\vendor\\laravel\\framework\\src\\Illuminate\\Http\\Middleware\\ValidatePostSize.php(27): Illuminate\\Pipeline\\Pipeline->Illuminate\\Pipeline\\{closure}()
#38 C:\\xampp\\htdocs\\laravel-php3\\example-app\\vendor\\laravel\\framework\\src\\Illuminate\\Pipeline\\Pipeline.php(209): Illuminate\\Http\\Middleware\\ValidatePostSize->handle()
#39 C:\\xampp\\htdocs\\laravel-php3\\example-app\\vendor\\laravel\\framework\\src\\Illuminate\\Foundation\\Http\\Middleware\\PreventRequestsDuringMaintenance.php(110): Illuminate\\Pipeline\\Pipeline->Illuminate\\Pipeline\\{closure}()
#40 C:\\xampp\\htdocs\\laravel-php3\\example-app\\vendor\\laravel\\framework\\src\\Illuminate\\Pipeline\\Pipeline.php(209): Illuminate\\Foundation\\Http\\Middleware\\PreventRequestsDuringMaintenance->handle()
#41 C:\\xampp\\htdocs\\laravel-php3\\example-app\\vendor\\laravel\\framework\\src\\Illuminate\\Http\\Middleware\\HandleCors.php(49): Illuminate\\Pipeline\\Pipeline->Illuminate\\Pipeline\\{closure}()
#42 C:\\xampp\\htdocs\\laravel-php3\\example-app\\vendor\\laravel\\framework\\src\\Illuminate\\Pipeline\\Pipeline.php(209): Illuminate\\Http\\Middleware\\HandleCors->handle()
#43 C:\\xampp\\htdocs\\laravel-php3\\example-app\\vendor\\laravel\\framework\\src\\Illuminate\\Http\\Middleware\\TrustProxies.php(58): Illuminate\\Pipeline\\Pipeline->Illuminate\\Pipeline\\{closure}()
#44 C:\\xampp\\htdocs\\laravel-php3\\example-app\\vendor\\laravel\\framework\\src\\Illuminate\\Pipeline\\Pipeline.php(209): Illuminate\\Http\\Middleware\\TrustProxies->handle()
#45 C:\\xampp\\htdocs\\laravel-php3\\example-app\\vendor\\laravel\\framework\\src\\Illuminate\\Foundation\\Http\\Middleware\\InvokeDeferredCallbacks.php(22): Illuminate\\Pipeline\\Pipeline->Illuminate\\Pipeline\\{closure}()
#46 C:\\xampp\\htdocs\\laravel-php3\\example-app\\vendor\\laravel\\framework\\src\\Illuminate\\Pipeline\\Pipeline.php(209): Illuminate\\Foundation\\Http\\Middleware\\InvokeDeferredCallbacks->handle()
#47 C:\\xampp\\htdocs\\laravel-php3\\example-app\\vendor\\laravel\\framework\\src\\Illuminate\\Http\\Middleware\\ValidatePathEncoding.php(26): Illuminate\\Pipeline\\Pipeline->Illuminate\\Pipeline\\{closure}()
#48 C:\\xampp\\htdocs\\laravel-php3\\example-app\\vendor\\laravel\\framework\\src\\Illuminate\\Pipeline\\Pipeline.php(209): Illuminate\\Http\\Middleware\\ValidatePathEncoding->handle()
#49 C:\\xampp\\htdocs\\laravel-php3\\example-app\\vendor\\laravel\\framework\\src\\Illuminate\\Pipeline\\Pipeline.php(127): Illuminate\\Pipeline\\Pipeline->Illuminate\\Pipeline\\{closure}()
#50 C:\\xampp\\htdocs\\laravel-php3\\example-app\\vendor\\laravel\\framework\\src\\Illuminate\\Foundation\\Http\\Kernel.php(176): Illuminate\\Pipeline\\Pipeline->then()
#51 C:\\xampp\\htdocs\\laravel-php3\\example-app\\vendor\\laravel\\framework\\src\\Illuminate\\Foundation\\Http\\Kernel.php(145): Illuminate\\Foundation\\Http\\Kernel->sendRequestThroughRouter()
#52 C:\\xampp\\htdocs\\laravel-php3\\example-app\\vendor\\laravel\\framework\\src\\Illuminate\\Foundation\\Application.php(1220): Illuminate\\Foundation\\Http\\Kernel->handle()
#53 C:\\xampp\\htdocs\\laravel-php3\\example-app\\public\\index.php(20): Illuminate\\Foundation\\Application->handleRequest()
#54 C:\\xampp\\htdocs\\laravel-php3\\example-app\\vendor\\laravel\\framework\\src\\Illuminate\\Foundation\\resources\\server.php(23): require_once('...')
#55 {main}

[previous exception] [object] (ReflectionException(code: -1): Class \"OrderController\" does not exist at C:\\xampp\\htdocs\\laravel-php3\\example-app\\vendor\\laravel\\framework\\src\\Illuminate\\Container\\Container.php:1017)
[stacktrace]
#0 C:\\xampp\\htdocs\\laravel-php3\\example-app\\vendor\\laravel\\framework\\src\\Illuminate\\Container\\Container.php(1017): ReflectionClass->__construct()
#1 C:\\xampp\\htdocs\\laravel-php3\\example-app\\vendor\\laravel\\framework\\src\\Illuminate\\Container\\Container.php(890): Illuminate\\Container\\Container->build()
#2 C:\\xampp\\htdocs\\laravel-php3\\example-app\\vendor\\laravel\\framework\\src\\Illuminate\\Foundation\\Application.php(1078): Illuminate\\Container\\Container->resolve()
#3 C:\\xampp\\htdocs\\laravel-php3\\example-app\\vendor\\laravel\\framework\\src\\Illuminate\\Container\\Container.php(821): Illuminate\\Foundation\\Application->resolve()
#4 C:\\xampp\\htdocs\\laravel-php3\\example-app\\vendor\\laravel\\framework\\src\\Illuminate\\Foundation\\Application.php(1058): Illuminate\\Container\\Container->make()
#5 C:\\xampp\\htdocs\\laravel-php3\\example-app\\vendor\\laravel\\framework\\src\\Illuminate\\Routing\\Route.php(285): Illuminate\\Foundation\\Application->make()
#6 C:\\xampp\\htdocs\\laravel-php3\\example-app\\vendor\\laravel\\framework\\src\\Illuminate\\Routing\\Route.php(267): Illuminate\\Routing\\Route->getController()
#7 C:\\xampp\\htdocs\\laravel-php3\\example-app\\vendor\\laravel\\framework\\src\\Illuminate\\Routing\\Route.php(212): Illuminate\\Routing\\Route->runController()
#8 C:\\xampp\\htdocs\\laravel-php3\\example-app\\vendor\\laravel\\framework\\src\\Illuminate\\Routing\\Router.php(808): Illuminate\\Routing\\Route->run()
#9 C:\\xampp\\htdocs\\laravel-php3\\example-app\\vendor\\laravel\\framework\\src\\Illuminate\\Pipeline\\Pipeline.php(170): Illuminate\\Routing\\Router->Illuminate\\Routing\\{closure}()
#10 C:\\xampp\\htdocs\\laravel-php3\\example-app\\vendor\\laravel\\framework\\src\\Illuminate\\Routing\\Middleware\\SubstituteBindings.php(51): Illuminate\\Pipeline\\Pipeline->Illuminate\\Pipeline\\{closure}()
#11 C:\\xampp\\htdocs\\laravel-php3\\example-app\\vendor\\laravel\\framework\\src\\Illuminate\\Pipeline\\Pipeline.php(209): Illuminate\\Routing\\Middleware\\SubstituteBindings->handle()
#12 C:\\xampp\\htdocs\\laravel-php3\\example-app\\vendor\\laravel\\framework\\src\\Illuminate\\Auth\\Middleware\\Authenticate.php(64): Illuminate\\Pipeline\\Pipeline->Illuminate\\Pipeline\\{closure}()
#13 C:\\xampp\\htdocs\\laravel-php3\\example-app\\vendor\\laravel\\framework\\src\\Illuminate\\Pipeline\\Pipeline.php(209): Illuminate\\Auth\\Middleware\\Authenticate->handle()
#14 C:\\xampp\\htdocs\\laravel-php3\\example-app\\vendor\\laravel\\framework\\src\\Illuminate\\Foundation\\Http\\Middleware\\VerifyCsrfToken.php(88): Illuminate\\Pipeline\\Pipeline->Illuminate\\Pipeline\\{closure}()
#15 C:\\xampp\\htdocs\\laravel-php3\\example-app\\vendor\\laravel\\framework\\src\\Illuminate\\Pipeline\\Pipeline.php(209): Illuminate\\Foundation\\Http\\Middleware\\VerifyCsrfToken->handle()
#16 C:\\xampp\\htdocs\\laravel-php3\\example-app\\vendor\\laravel\\framework\\src\\Illuminate\\View\\Middleware\\ShareErrorsFromSession.php(49): Illuminate\\Pipeline\\Pipeline->Illuminate\\Pipeline\\{closure}()
#17 C:\\xampp\\htdocs\\laravel-php3\\example-app\\vendor\\laravel\\framework\\src\\Illuminate\\Pipeline\\Pipeline.php(209): Illuminate\\View\\Middleware\\ShareErrorsFromSession->handle()
#18 C:\\xampp\\htdocs\\laravel-php3\\example-app\\vendor\\laravel\\framework\\src\\Illuminate\\Session\\Middleware\\StartSession.php(121): Illuminate\\Pipeline\\Pipeline->Illuminate\\Pipeline\\{closure}()
#19 C:\\xampp\\htdocs\\laravel-php3\\example-app\\vendor\\laravel\\framework\\src\\Illuminate\\Session\\Middleware\\StartSession.php(64): Illuminate\\Session\\Middleware\\StartSession->handleStatefulRequest()
#20 C:\\xampp\\htdocs\\laravel-php3\\example-app\\vendor\\laravel\\framework\\src\\Illuminate\\Pipeline\\Pipeline.php(209): Illuminate\\Session\\Middleware\\StartSession->handle()
#21 C:\\xampp\\htdocs\\laravel-php3\\example-app\\vendor\\laravel\\framework\\src\\Illuminate\\Cookie\\Middleware\\AddQueuedCookiesToResponse.php(37): Illuminate\\Pipeline\\Pipeline->Illuminate\\Pipeline\\{closure}()
#22 C:\\xampp\\htdocs\\laravel-php3\\example-app\\vendor\\laravel\\framework\\src\\Illuminate\\Pipeline\\Pipeline.php(209): Illuminate\\Cookie\\Middleware\\AddQueuedCookiesToResponse->handle()
#23 C:\\xampp\\htdocs\\laravel-php3\\example-app\\vendor\\laravel\\framework\\src\\Illuminate\\Cookie\\Middleware\\EncryptCookies.php(75): Illuminate\\Pipeline\\Pipeline->Illuminate\\Pipeline\\{closure}()
#24 C:\\xampp\\htdocs\\laravel-php3\\example-app\\vendor\\laravel\\framework\\src\\Illuminate\\Pipeline\\Pipeline.php(209): Illuminate\\Cookie\\Middleware\\EncryptCookies->handle()
#25 C:\\xampp\\htdocs\\laravel-php3\\example-app\\vendor\\laravel\\framework\\src\\Illuminate\\Pipeline\\Pipeline.php(127): Illuminate\\Pipeline\\Pipeline->Illuminate\\Pipeline\\{closure}()
#26 C:\\xampp\\htdocs\\laravel-php3\\example-app\\vendor\\laravel\\framework\\src\\Illuminate\\Routing\\Router.php(807): Illuminate\\Pipeline\\Pipeline->then()
#27 C:\\xampp\\htdocs\\laravel-php3\\example-app\\vendor\\laravel\\framework\\src\\Illuminate\\Routing\\Router.php(786): Illuminate\\Routing\\Router->runRouteWithinStack()
#28 C:\\xampp\\htdocs\\laravel-php3\\example-app\\vendor\\laravel\\framework\\src\\Illuminate\\Routing\\Router.php(750): Illuminate\\Routing\\Router->runRoute()
#29 C:\\xampp\\htdocs\\laravel-php3\\example-app\\vendor\\laravel\\framework\\src\\Illuminate\\Routing\\Router.php(739): Illuminate\\Routing\\Router->dispatchToRoute()
#30 C:\\xampp\\htdocs\\laravel-php3\\example-app\\vendor\\laravel\\framework\\src\\Illuminate\\Foundation\\Http\\Kernel.php(201): Illuminate\\Routing\\Router->dispatch()
#31 C:\\xampp\\htdocs\\laravel-php3\\example-app\\vendor\\laravel\\framework\\src\\Illuminate\\Pipeline\\Pipeline.php(170): Illuminate\\Foundation\\Http\\Kernel->Illuminate\\Foundation\\Http\\{closure}()
#32 C:\\xampp\\htdocs\\laravel-php3\\example-app\\vendor\\laravel\\framework\\src\\Illuminate\\Foundation\\Http\\Middleware\\TransformsRequest.php(21): Illuminate\\Pipeline\\Pipeline->Illuminate\\Pipeline\\{closure}()
#33 C:\\xampp\\htdocs\\laravel-php3\\example-app\\vendor\\laravel\\framework\\src\\Illuminate\\Foundation\\Http\\Middleware\\ConvertEmptyStringsToNull.php(31): Illuminate\\Foundation\\Http\\Middleware\\TransformsRequest->handle()
#34 C:\\xampp\\htdocs\\laravel-php3\\example-app\\vendor\\laravel\\framework\\src\\Illuminate\\Pipeline\\Pipeline.php(209): Illuminate\\Foundation\\Http\\Middleware\\ConvertEmptyStringsToNull->handle()
#35 C:\\xampp\\htdocs\\laravel-php3\\example-app\\vendor\\laravel\\framework\\src\\Illuminate\\Foundation\\Http\\Middleware\\TransformsRequest.php(21): Illuminate\\Pipeline\\Pipeline->Illuminate\\Pipeline\\{closure}()
#36 C:\\xampp\\htdocs\\laravel-php3\\example-app\\vendor\\laravel\\framework\\src\\Illuminate\\Foundation\\Http\\Middleware\\TrimStrings.php(51): Illuminate\\Foundation\\Http\\Middleware\\TransformsRequest->handle()
#37 C:\\xampp\\htdocs\\laravel-php3\\example-app\\vendor\\laravel\\framework\\src\\Illuminate\\Pipeline\\Pipeline.php(209): Illuminate\\Foundation\\Http\\Middleware\\TrimStrings->handle()
#38 C:\\xampp\\htdocs\\laravel-php3\\example-app\\vendor\\laravel\\framework\\src\\Illuminate\\Http\\Middleware\\ValidatePostSize.php(27): Illuminate\\Pipeline\\Pipeline->Illuminate\\Pipeline\\{closure}()
#39 C:\\xampp\\htdocs\\laravel-php3\\example-app\\vendor\\laravel\\framework\\src\\Illuminate\\Pipeline\\Pipeline.php(209): Illuminate\\Http\\Middleware\\ValidatePostSize->handle()
#40 C:\\xampp\\htdocs\\laravel-php3\\example-app\\vendor\\laravel\\framework\\src\\Illuminate\\Foundation\\Http\\Middleware\\PreventRequestsDuringMaintenance.php(110): Illuminate\\Pipeline\\Pipeline->Illuminate\\Pipeline\\{closure}()
#41 C:\\xampp\\htdocs\\laravel-php3\\example-app\\vendor\\laravel\\framework\\src\\Illuminate\\Pipeline\\Pipeline.php(209): Illuminate\\Foundation\\Http\\Middleware\\PreventRequestsDuringMaintenance->handle()
#42 C:\\xampp\\htdocs\\laravel-php3\\example-app\\vendor\\laravel\\framework\\src\\Illuminate\\Http\\Middleware\\HandleCors.php(49): Illuminate\\Pipeline\\Pipeline->Illuminate\\Pipeline\\{closure}()
#43 C:\\xampp\\htdocs\\laravel-php3\\example-app\\vendor\\laravel\\framework\\src\\Illuminate\\Pipeline\\Pipeline.php(209): Illuminate\\Http\\Middleware\\HandleCors->handle()
#44 C:\\xampp\\htdocs\\laravel-php3\\example-app\\vendor\\laravel\\framework\\src\\Illuminate\\Http\\Middleware\\TrustProxies.php(58): Illuminate\\Pipeline\\Pipeline->Illuminate\\Pipeline\\{closure}()
#45 C:\\xampp\\htdocs\\laravel-php3\\example-app\\vendor\\laravel\\framework\\src\\Illuminate\\Pipeline\\Pipeline.php(209): Illuminate\\Http\\Middleware\\TrustProxies->handle()
#46 C:\\xampp\\htdocs\\laravel-php3\\example-app\\vendor\\laravel\\framework\\src\\Illuminate\\Foundation\\Http\\Middleware\\InvokeDeferredCallbacks.php(22): Illuminate\\Pipeline\\Pipeline->Illuminate\\Pipeline\\{closure}()
#47 C:\\xampp\\htdocs\\laravel-php3\\example-app\\vendor\\laravel\\framework\\src\\Illuminate\\Pipeline\\Pipeline.php(209): Illuminate\\Foundation\\Http\\Middleware\\InvokeDeferredCallbacks->handle()
#48 C:\\xampp\\htdocs\\laravel-php3\\example-app\\vendor\\laravel\\framework\\src\\Illuminate\\Http\\Middleware\\ValidatePathEncoding.php(26): Illuminate\\Pipeline\\Pipeline->Illuminate\\Pipeline\\{closure}()
#49 C:\\xampp\\htdocs\\laravel-php3\\example-app\\vendor\\laravel\\framework\\src\\Illuminate\\Pipeline\\Pipeline.php(209): Illuminate\\Http\\Middleware\\ValidatePathEncoding->handle()
#50 C:\\xampp\\htdocs\\laravel-php3\\example-app\\vendor\\laravel\\framework\\src\\Illuminate\\Pipeline\\Pipeline.php(127): Illuminate\\Pipeline\\Pipeline->Illuminate\\Pipeline\\{closure}()
#51 C:\\xampp\\htdocs\\laravel-php3\\example-app\\vendor\\laravel\\framework\\src\\Illuminate\\Foundation\\Http\\Kernel.php(176): Illuminate\\Pipeline\\Pipeline->then()
#52 C:\\xampp\\htdocs\\laravel-php3\\example-app\\vendor\\laravel\\framework\\src\\Illuminate\\Foundation\\Http\\Kernel.php(145): Illuminate\\Foundation\\Http\\Kernel->sendRequestThroughRouter()
#53 C:\\xampp\\htdocs\\laravel-php3\\example-app\\vendor\\laravel\\framework\\src\\Illuminate\\Foundation\\Application.php(1220): Illuminate\\Foundation\\Http\\Kernel->handle()
#54 C:\\xampp\\htdocs\\laravel-php3\\example-app\\public\\index.php(20): Illuminate\\Foundation\\Application->handleRequest()
#55 C:\\xampp\\htdocs\\laravel-php3\\example-app\\vendor\\laravel\\framework\\src\\Illuminate\\Foundation\\resources\\server.php(23): require_once('...')
#56 {main}
"} 
[2025-04-11 05:54:35] local.INFO: Checkout request: {"_token":"xZe1hDYO0dZfG13bOXgi9DURpmHRgKrOMYH5Rh7F","shipping_name":"vuche","shipping_address":"56 bà triệu","shipping_phone":"0964417609","note":"ok","payment_method":"vnpay"} 
[2025-04-11 05:56:31] local.INFO: Checkout request: {"_token":"xZe1hDYO0dZfG13bOXgi9DURpmHRgKrOMYH5Rh7F","shipping_name":"vuche","shipping_address":"sdsd","shipping_phone":"0964417609","note":"sds","payment_method":"cod"} 
[2025-04-11 05:58:40] local.ERROR: Route [checkout.process] not defined. (View: C:\xampp\htdocs\laravel-php3\example-app\resources\views\checkout\index.blade.php) {"userId":1,"exception":"[object] (Illuminate\\View\\ViewException(code: 0): Route [checkout.process] not defined. (View: C:\\xampp\\htdocs\\laravel-php3\\example-app\\resources\\views\\checkout\\index.blade.php) at C:\\xampp\\htdocs\\laravel-php3\\example-app\\vendor\\laravel\\framework\\src\\Illuminate\\Routing\\UrlGenerator.php:527)
[stacktrace]
#0 C:\\xampp\\htdocs\\laravel-php3\\example-app\\vendor\\laravel\\framework\\src\\Illuminate\\View\\Engines\\PhpEngine.php(60): Illuminate\\View\\Engines\\CompilerEngine->handleViewException()
#1 C:\\xampp\\htdocs\\laravel-php3\\example-app\\vendor\\laravel\\framework\\src\\Illuminate\\View\\Engines\\CompilerEngine.php(75): Illuminate\\View\\Engines\\PhpEngine->evaluatePath()
#2 C:\\xampp\\htdocs\\laravel-php3\\example-app\\vendor\\laravel\\framework\\src\\Illuminate\\View\\View.php(209): Illuminate\\View\\Engines\\CompilerEngine->get()
#3 C:\\xampp\\htdocs\\laravel-php3\\example-app\\vendor\\laravel\\framework\\src\\Illuminate\\View\\View.php(192): Illuminate\\View\\View->getContents()
#4 C:\\xampp\\htdocs\\laravel-php3\\example-app\\vendor\\laravel\\framework\\src\\Illuminate\\View\\View.php(161): Illuminate\\View\\View->renderContents()
#5 C:\\xampp\\htdocs\\laravel-php3\\example-app\\vendor\\laravel\\framework\\src\\Illuminate\\Http\\Response.php(79): Illuminate\\View\\View->render()
#6 C:\\xampp\\htdocs\\laravel-php3\\example-app\\vendor\\laravel\\framework\\src\\Illuminate\\Http\\Response.php(35): Illuminate\\Http\\Response->setContent()
#7 C:\\xampp\\htdocs\\laravel-php3\\example-app\\vendor\\laravel\\framework\\src\\Illuminate\\Routing\\Router.php(920): Illuminate\\Http\\Response->__construct()
#8 C:\\xampp\\htdocs\\laravel-php3\\example-app\\vendor\\laravel\\framework\\src\\Illuminate\\Routing\\Router.php(887): Illuminate\\Routing\\Router::toResponse()
#9 C:\\xampp\\htdocs\\laravel-php3\\example-app\\vendor\\laravel\\framework\\src\\Illuminate\\Routing\\Router.php(807): Illuminate\\Routing\\Router->prepareResponse()
#10 C:\\xampp\\htdocs\\laravel-php3\\example-app\\vendor\\laravel\\framework\\src\\Illuminate\\Pipeline\\Pipeline.php(170): Illuminate\\Routing\\Router->Illuminate\\Routing\\{closure}()
#11 C:\\xampp\\htdocs\\laravel-php3\\example-app\\vendor\\laravel\\framework\\src\\Illuminate\\Routing\\Middleware\\SubstituteBindings.php(51): Illuminate\\Pipeline\\Pipeline->Illuminate\\Pipeline\\{closure}()
#12 C:\\xampp\\htdocs\\laravel-php3\\example-app\\vendor\\laravel\\framework\\src\\Illuminate\\Pipeline\\Pipeline.php(209): Illuminate\\Routing\\Middleware\\SubstituteBindings->handle()
#13 C:\\xampp\\htdocs\\laravel-php3\\example-app\\vendor\\laravel\\framework\\src\\Illuminate\\Auth\\Middleware\\Authenticate.php(64): Illuminate\\Pipeline\\Pipeline->Illuminate\\Pipeline\\{closure}()
#14 C:\\xampp\\htdocs\\laravel-php3\\example-app\\vendor\\laravel\\framework\\src\\Illuminate\\Pipeline\\Pipeline.php(209): Illuminate\\Auth\\Middleware\\Authenticate->handle()
#15 C:\\xampp\\htdocs\\laravel-php3\\example-app\\vendor\\laravel\\framework\\src\\Illuminate\\Foundation\\Http\\Middleware\\VerifyCsrfToken.php(88): Illuminate\\Pipeline\\Pipeline->Illuminate\\Pipeline\\{closure}()
#16 C:\\xampp\\htdocs\\laravel-php3\\example-app\\vendor\\laravel\\framework\\src\\Illuminate\\Pipeline\\Pipeline.php(209): Illuminate\\Foundation\\Http\\Middleware\\VerifyCsrfToken->handle()
#17 C:\\xampp\\htdocs\\laravel-php3\\example-app\\vendor\\laravel\\framework\\src\\Illuminate\\View\\Middleware\\ShareErrorsFromSession.php(49): Illuminate\\Pipeline\\Pipeline->Illuminate\\Pipeline\\{closure}()
#18 C:\\xampp\\htdocs\\laravel-php3\\example-app\\vendor\\laravel\\framework\\src\\Illuminate\\Pipeline\\Pipeline.php(209): Illuminate\\View\\Middleware\\ShareErrorsFromSession->handle()
#19 C:\\xampp\\htdocs\\laravel-php3\\example-app\\vendor\\laravel\\framework\\src\\Illuminate\\Session\\Middleware\\StartSession.php(121): Illuminate\\Pipeline\\Pipeline->Illuminate\\Pipeline\\{closure}()
#20 C:\\xampp\\htdocs\\laravel-php3\\example-app\\vendor\\laravel\\framework\\src\\Illuminate\\Session\\Middleware\\StartSession.php(64): Illuminate\\Session\\Middleware\\StartSession->handleStatefulRequest()
#21 C:\\xampp\\htdocs\\laravel-php3\\example-app\\vendor\\laravel\\framework\\src\\Illuminate\\Pipeline\\Pipeline.php(209): Illuminate\\Session\\Middleware\\StartSession->handle()
#22 C:\\xampp\\htdocs\\laravel-php3\\example-app\\vendor\\laravel\\framework\\src\\Illuminate\\Cookie\\Middleware\\AddQueuedCookiesToResponse.php(37): Illuminate\\Pipeline\\Pipeline->Illuminate\\Pipeline\\{closure}()
#23 C:\\xampp\\htdocs\\laravel-php3\\example-app\\vendor\\laravel\\framework\\src\\Illuminate\\Pipeline\\Pipeline.php(209): Illuminate\\Cookie\\Middleware\\AddQueuedCookiesToResponse->handle()
#24 C:\\xampp\\htdocs\\laravel-php3\\example-app\\vendor\\laravel\\framework\\src\\Illuminate\\Cookie\\Middleware\\EncryptCookies.php(75): Illuminate\\Pipeline\\Pipeline->Illuminate\\Pipeline\\{closure}()
#25 C:\\xampp\\htdocs\\laravel-php3\\example-app\\vendor\\laravel\\framework\\src\\Illuminate\\Pipeline\\Pipeline.php(209): Illuminate\\Cookie\\Middleware\\EncryptCookies->handle()
#26 C:\\xampp\\htdocs\\laravel-php3\\example-app\\vendor\\laravel\\framework\\src\\Illuminate\\Pipeline\\Pipeline.php(127): Illuminate\\Pipeline\\Pipeline->Illuminate\\Pipeline\\{closure}()
#27 C:\\xampp\\htdocs\\laravel-php3\\example-app\\vendor\\laravel\\framework\\src\\Illuminate\\Routing\\Router.php(807): Illuminate\\Pipeline\\Pipeline->then()
#28 C:\\xampp\\htdocs\\laravel-php3\\example-app\\vendor\\laravel\\framework\\src\\Illuminate\\Routing\\Router.php(786): Illuminate\\Routing\\Router->runRouteWithinStack()
#29 C:\\xampp\\htdocs\\laravel-php3\\example-app\\vendor\\laravel\\framework\\src\\Illuminate\\Routing\\Router.php(750): Illuminate\\Routing\\Router->runRoute()
#30 C:\\xampp\\htdocs\\laravel-php3\\example-app\\vendor\\laravel\\framework\\src\\Illuminate\\Routing\\Router.php(739): Illuminate\\Routing\\Router->dispatchToRoute()
#31 C:\\xampp\\htdocs\\laravel-php3\\example-app\\vendor\\laravel\\framework\\src\\Illuminate\\Foundation\\Http\\Kernel.php(201): Illuminate\\Routing\\Router->dispatch()
#32 C:\\xampp\\htdocs\\laravel-php3\\example-app\\vendor\\laravel\\framework\\src\\Illuminate\\Pipeline\\Pipeline.php(170): Illuminate\\Foundation\\Http\\Kernel->Illuminate\\Foundation\\Http\\{closure}()
#33 C:\\xampp\\htdocs\\laravel-php3\\example-app\\vendor\\laravel\\framework\\src\\Illuminate\\Foundation\\Http\\Middleware\\TransformsRequest.php(21): Illuminate\\Pipeline\\Pipeline->Illuminate\\Pipeline\\{closure}()
#34 C:\\xampp\\htdocs\\laravel-php3\\example-app\\vendor\\laravel\\framework\\src\\Illuminate\\Foundation\\Http\\Middleware\\ConvertEmptyStringsToNull.php(31): Illuminate\\Foundation\\Http\\Middleware\\TransformsRequest->handle()
#35 C:\\xampp\\htdocs\\laravel-php3\\example-app\\vendor\\laravel\\framework\\src\\Illuminate\\Pipeline\\Pipeline.php(209): Illuminate\\Foundation\\Http\\Middleware\\ConvertEmptyStringsToNull->handle()
#36 C:\\xampp\\htdocs\\laravel-php3\\example-app\\vendor\\laravel\\framework\\src\\Illuminate\\Foundation\\Http\\Middleware\\TransformsRequest.php(21): Illuminate\\Pipeline\\Pipeline->Illuminate\\Pipeline\\{closure}()
#37 C:\\xampp\\htdocs\\laravel-php3\\example-app\\vendor\\laravel\\framework\\src\\Illuminate\\Foundation\\Http\\Middleware\\TrimStrings.php(51): Illuminate\\Foundation\\Http\\Middleware\\TransformsRequest->handle()
#38 C:\\xampp\\htdocs\\laravel-php3\\example-app\\vendor\\laravel\\framework\\src\\Illuminate\\Pipeline\\Pipeline.php(209): Illuminate\\Foundation\\Http\\Middleware\\TrimStrings->handle()
#39 C:\\xampp\\htdocs\\laravel-php3\\example-app\\vendor\\laravel\\framework\\src\\Illuminate\\Http\\Middleware\\ValidatePostSize.php(27): Illuminate\\Pipeline\\Pipeline->Illuminate\\Pipeline\\{closure}()
#40 C:\\xampp\\htdocs\\laravel-php3\\example-app\\vendor\\laravel\\framework\\src\\Illuminate\\Pipeline\\Pipeline.php(209): Illuminate\\Http\\Middleware\\ValidatePostSize->handle()
#41 C:\\xampp\\htdocs\\laravel-php3\\example-app\\vendor\\laravel\\framework\\src\\Illuminate\\Foundation\\Http\\Middleware\\PreventRequestsDuringMaintenance.php(110): Illuminate\\Pipeline\\Pipeline->Illuminate\\Pipeline\\{closure}()
#42 C:\\xampp\\htdocs\\laravel-php3\\example-app\\vendor\\laravel\\framework\\src\\Illuminate\\Pipeline\\Pipeline.php(209): Illuminate\\Foundation\\Http\\Middleware\\PreventRequestsDuringMaintenance->handle()
#43 C:\\xampp\\htdocs\\laravel-php3\\example-app\\vendor\\laravel\\framework\\src\\Illuminate\\Http\\Middleware\\HandleCors.php(49): Illuminate\\Pipeline\\Pipeline->Illuminate\\Pipeline\\{closure}()
#44 C:\\xampp\\htdocs\\laravel-php3\\example-app\\vendor\\laravel\\framework\\src\\Illuminate\\Pipeline\\Pipeline.php(209): Illuminate\\Http\\Middleware\\HandleCors->handle()
#45 C:\\xampp\\htdocs\\laravel-php3\\example-app\\vendor\\laravel\\framework\\src\\Illuminate\\Http\\Middleware\\TrustProxies.php(58): Illuminate\\Pipeline\\Pipeline->Illuminate\\Pipeline\\{closure}()
#46 C:\\xampp\\htdocs\\laravel-php3\\example-app\\vendor\\laravel\\framework\\src\\Illuminate\\Pipeline\\Pipeline.php(209): Illuminate\\Http\\Middleware\\TrustProxies->handle()
#47 C:\\xampp\\htdocs\\laravel-php3\\example-app\\vendor\\laravel\\framework\\src\\Illuminate\\Foundation\\Http\\Middleware\\InvokeDeferredCallbacks.php(22): Illuminate\\Pipeline\\Pipeline->Illuminate\\Pipeline\\{closure}()
#48 C:\\xampp\\htdocs\\laravel-php3\\example-app\\vendor\\laravel\\framework\\src\\Illuminate\\Pipeline\\Pipeline.php(209): Illuminate\\Foundation\\Http\\Middleware\\InvokeDeferredCallbacks->handle()
#49 C:\\xampp\\htdocs\\laravel-php3\\example-app\\vendor\\laravel\\framework\\src\\Illuminate\\Http\\Middleware\\ValidatePathEncoding.php(26): Illuminate\\Pipeline\\Pipeline->Illuminate\\Pipeline\\{closure}()
#50 C:\\xampp\\htdocs\\laravel-php3\\example-app\\vendor\\laravel\\framework\\src\\Illuminate\\Pipeline\\Pipeline.php(209): Illuminate\\Http\\Middleware\\ValidatePathEncoding->handle()
#51 C:\\xampp\\htdocs\\laravel-php3\\example-app\\vendor\\laravel\\framework\\src\\Illuminate\\Pipeline\\Pipeline.php(127): Illuminate\\Pipeline\\Pipeline->Illuminate\\Pipeline\\{closure}()
#52 C:\\xampp\\htdocs\\laravel-php3\\example-app\\vendor\\laravel\\framework\\src\\Illuminate\\Foundation\\Http\\Kernel.php(176): Illuminate\\Pipeline\\Pipeline->then()
#53 C:\\xampp\\htdocs\\laravel-php3\\example-app\\vendor\\laravel\\framework\\src\\Illuminate\\Foundation\\Http\\Kernel.php(145): Illuminate\\Foundation\\Http\\Kernel->sendRequestThroughRouter()
#54 C:\\xampp\\htdocs\\laravel-php3\\example-app\\vendor\\laravel\\framework\\src\\Illuminate\\Foundation\\Application.php(1220): Illuminate\\Foundation\\Http\\Kernel->handle()
#55 C:\\xampp\\htdocs\\laravel-php3\\example-app\\public\\index.php(20): Illuminate\\Foundation\\Application->handleRequest()
#56 C:\\xampp\\htdocs\\laravel-php3\\example-app\\vendor\\laravel\\framework\\src\\Illuminate\\Foundation\\resources\\server.php(23): require_once('...')
#57 {main}

[previous exception] [object] (Symfony\\Component\\Routing\\Exception\\RouteNotFoundException(code: 0): Route [checkout.process] not defined. at C:\\xampp\\htdocs\\laravel-php3\\example-app\\vendor\\laravel\\framework\\src\\Illuminate\\Routing\\UrlGenerator.php:527)
[stacktrace]
#0 C:\\xampp\\htdocs\\laravel-php3\\example-app\\vendor\\laravel\\framework\\src\\Illuminate\\Foundation\\helpers.php(853): Illuminate\\Routing\\UrlGenerator->route()
#1 C:\\xampp\\htdocs\\laravel-php3\\example-app\\storage\\framework\\views\\129672df2918ab5f81bfeaccc71037b2.php(21): route()
#2 C:\\xampp\\htdocs\\laravel-php3\\example-app\\vendor\\laravel\\framework\\src\\Illuminate\\Filesystem\\Filesystem.php(123): require('...')
#3 C:\\xampp\\htdocs\\laravel-php3\\example-app\\vendor\\laravel\\framework\\src\\Illuminate\\Filesystem\\Filesystem.php(124): Illuminate\\Filesystem\\Filesystem::Illuminate\\Filesystem\\{closure}()
#4 C:\\xampp\\htdocs\\laravel-php3\\example-app\\vendor\\laravel\\framework\\src\\Illuminate\\View\\Engines\\PhpEngine.php(58): Illuminate\\Filesystem\\Filesystem->getRequire()
#5 C:\\xampp\\htdocs\\laravel-php3\\example-app\\vendor\\laravel\\framework\\src\\Illuminate\\View\\Engines\\CompilerEngine.php(75): Illuminate\\View\\Engines\\PhpEngine->evaluatePath()
#6 C:\\xampp\\htdocs\\laravel-php3\\example-app\\vendor\\laravel\\framework\\src\\Illuminate\\View\\View.php(209): Illuminate\\View\\Engines\\CompilerEngine->get()
#7 C:\\xampp\\htdocs\\laravel-php3\\example-app\\vendor\\laravel\\framework\\src\\Illuminate\\View\\View.php(192): Illuminate\\View\\View->getContents()
#8 C:\\xampp\\htdocs\\laravel-php3\\example-app\\vendor\\laravel\\framework\\src\\Illuminate\\View\\View.php(161): Illuminate\\View\\View->renderContents()
#9 C:\\xampp\\htdocs\\laravel-php3\\example-app\\vendor\\laravel\\framework\\src\\Illuminate\\Http\\Response.php(79): Illuminate\\View\\View->render()
#10 C:\\xampp\\htdocs\\laravel-php3\\example-app\\vendor\\laravel\\framework\\src\\Illuminate\\Http\\Response.php(35): Illuminate\\Http\\Response->setContent()
#11 C:\\xampp\\htdocs\\laravel-php3\\example-app\\vendor\\laravel\\framework\\src\\Illuminate\\Routing\\Router.php(920): Illuminate\\Http\\Response->__construct()
#12 C:\\xampp\\htdocs\\laravel-php3\\example-app\\vendor\\laravel\\framework\\src\\Illuminate\\Routing\\Router.php(887): Illuminate\\Routing\\Router::toResponse()
#13 C:\\xampp\\htdocs\\laravel-php3\\example-app\\vendor\\laravel\\framework\\src\\Illuminate\\Routing\\Router.php(807): Illuminate\\Routing\\Router->prepareResponse()
#14 C:\\xampp\\htdocs\\laravel-php3\\example-app\\vendor\\laravel\\framework\\src\\Illuminate\\Pipeline\\Pipeline.php(170): Illuminate\\Routing\\Router->Illuminate\\Routing\\{closure}()
#15 C:\\xampp\\htdocs\\laravel-php3\\example-app\\vendor\\laravel\\framework\\src\\Illuminate\\Routing\\Middleware\\SubstituteBindings.php(51): Illuminate\\Pipeline\\Pipeline->Illuminate\\Pipeline\\{closure}()
#16 C:\\xampp\\htdocs\\laravel-php3\\example-app\\vendor\\laravel\\framework\\src\\Illuminate\\Pipeline\\Pipeline.php(209): Illuminate\\Routing\\Middleware\\SubstituteBindings->handle()
#17 C:\\xampp\\htdocs\\laravel-php3\\example-app\\vendor\\laravel\\framework\\src\\Illuminate\\Auth\\Middleware\\Authenticate.php(64): Illuminate\\Pipeline\\Pipeline->Illuminate\\Pipeline\\{closure}()
#18 C:\\xampp\\htdocs\\laravel-php3\\example-app\\vendor\\laravel\\framework\\src\\Illuminate\\Pipeline\\Pipeline.php(209): Illuminate\\Auth\\Middleware\\Authenticate->handle()
#19 C:\\xampp\\htdocs\\laravel-php3\\example-app\\vendor\\laravel\\framework\\src\\Illuminate\\Foundation\\Http\\Middleware\\VerifyCsrfToken.php(88): Illuminate\\Pipeline\\Pipeline->Illuminate\\Pipeline\\{closure}()
#20 C:\\xampp\\htdocs\\laravel-php3\\example-app\\vendor\\laravel\\framework\\src\\Illuminate\\Pipeline\\Pipeline.php(209): Illuminate\\Foundation\\Http\\Middleware\\VerifyCsrfToken->handle()
#21 C:\\xampp\\htdocs\\laravel-php3\\example-app\\vendor\\laravel\\framework\\src\\Illuminate\\View\\Middleware\\ShareErrorsFromSession.php(49): Illuminate\\Pipeline\\Pipeline->Illuminate\\Pipeline\\{closure}()
#22 C:\\xampp\\htdocs\\laravel-php3\\example-app\\vendor\\laravel\\framework\\src\\Illuminate\\Pipeline\\Pipeline.php(209): Illuminate\\View\\Middleware\\ShareErrorsFromSession->handle()
#23 C:\\xampp\\htdocs\\laravel-php3\\example-app\\vendor\\laravel\\framework\\src\\Illuminate\\Session\\Middleware\\StartSession.php(121): Illuminate\\Pipeline\\Pipeline->Illuminate\\Pipeline\\{closure}()
#24 C:\\xampp\\htdocs\\laravel-php3\\example-app\\vendor\\laravel\\framework\\src\\Illuminate\\Session\\Middleware\\StartSession.php(64): Illuminate\\Session\\Middleware\\StartSession->handleStatefulRequest()
#25 C:\\xampp\\htdocs\\laravel-php3\\example-app\\vendor\\laravel\\framework\\src\\Illuminate\\Pipeline\\Pipeline.php(209): Illuminate\\Session\\Middleware\\StartSession->handle()
#26 C:\\xampp\\htdocs\\laravel-php3\\example-app\\vendor\\laravel\\framework\\src\\Illuminate\\Cookie\\Middleware\\AddQueuedCookiesToResponse.php(37): Illuminate\\Pipeline\\Pipeline->Illuminate\\Pipeline\\{closure}()
#27 C:\\xampp\\htdocs\\laravel-php3\\example-app\\vendor\\laravel\\framework\\src\\Illuminate\\Pipeline\\Pipeline.php(209): Illuminate\\Cookie\\Middleware\\AddQueuedCookiesToResponse->handle()
#28 C:\\xampp\\htdocs\\laravel-php3\\example-app\\vendor\\laravel\\framework\\src\\Illuminate\\Cookie\\Middleware\\EncryptCookies.php(75): Illuminate\\Pipeline\\Pipeline->Illuminate\\Pipeline\\{closure}()
#29 C:\\xampp\\htdocs\\laravel-php3\\example-app\\vendor\\laravel\\framework\\src\\Illuminate\\Pipeline\\Pipeline.php(209): Illuminate\\Cookie\\Middleware\\EncryptCookies->handle()
#30 C:\\xampp\\htdocs\\laravel-php3\\example-app\\vendor\\laravel\\framework\\src\\Illuminate\\Pipeline\\Pipeline.php(127): Illuminate\\Pipeline\\Pipeline->Illuminate\\Pipeline\\{closure}()
#31 C:\\xampp\\htdocs\\laravel-php3\\example-app\\vendor\\laravel\\framework\\src\\Illuminate\\Routing\\Router.php(807): Illuminate\\Pipeline\\Pipeline->then()
#32 C:\\xampp\\htdocs\\laravel-php3\\example-app\\vendor\\laravel\\framework\\src\\Illuminate\\Routing\\Router.php(786): Illuminate\\Routing\\Router->runRouteWithinStack()
#33 C:\\xampp\\htdocs\\laravel-php3\\example-app\\vendor\\laravel\\framework\\src\\Illuminate\\Routing\\Router.php(750): Illuminate\\Routing\\Router->runRoute()
#34 C:\\xampp\\htdocs\\laravel-php3\\example-app\\vendor\\laravel\\framework\\src\\Illuminate\\Routing\\Router.php(739): Illuminate\\Routing\\Router->dispatchToRoute()
#35 C:\\xampp\\htdocs\\laravel-php3\\example-app\\vendor\\laravel\\framework\\src\\Illuminate\\Foundation\\Http\\Kernel.php(201): Illuminate\\Routing\\Router->dispatch()
#36 C:\\xampp\\htdocs\\laravel-php3\\example-app\\vendor\\laravel\\framework\\src\\Illuminate\\Pipeline\\Pipeline.php(170): Illuminate\\Foundation\\Http\\Kernel->Illuminate\\Foundation\\Http\\{closure}()
#37 C:\\xampp\\htdocs\\laravel-php3\\example-app\\vendor\\laravel\\framework\\src\\Illuminate\\Foundation\\Http\\Middleware\\TransformsRequest.php(21): Illuminate\\Pipeline\\Pipeline->Illuminate\\Pipeline\\{closure}()
#38 C:\\xampp\\htdocs\\laravel-php3\\example-app\\vendor\\laravel\\framework\\src\\Illuminate\\Foundation\\Http\\Middleware\\ConvertEmptyStringsToNull.php(31): Illuminate\\Foundation\\Http\\Middleware\\TransformsRequest->handle()
#39 C:\\xampp\\htdocs\\laravel-php3\\example-app\\vendor\\laravel\\framework\\src\\Illuminate\\Pipeline\\Pipeline.php(209): Illuminate\\Foundation\\Http\\Middleware\\ConvertEmptyStringsToNull->handle()
#40 C:\\xampp\\htdocs\\laravel-php3\\example-app\\vendor\\laravel\\framework\\src\\Illuminate\\Foundation\\Http\\Middleware\\TransformsRequest.php(21): Illuminate\\Pipeline\\Pipeline->Illuminate\\Pipeline\\{closure}()
#41 C:\\xampp\\htdocs\\laravel-php3\\example-app\\vendor\\laravel\\framework\\src\\Illuminate\\Foundation\\Http\\Middleware\\TrimStrings.php(51): Illuminate\\Foundation\\Http\\Middleware\\TransformsRequest->handle()
#42 C:\\xampp\\htdocs\\laravel-php3\\example-app\\vendor\\laravel\\framework\\src\\Illuminate\\Pipeline\\Pipeline.php(209): Illuminate\\Foundation\\Http\\Middleware\\TrimStrings->handle()
#43 C:\\xampp\\htdocs\\laravel-php3\\example-app\\vendor\\laravel\\framework\\src\\Illuminate\\Http\\Middleware\\ValidatePostSize.php(27): Illuminate\\Pipeline\\Pipeline->Illuminate\\Pipeline\\{closure}()
#44 C:\\xampp\\htdocs\\laravel-php3\\example-app\\vendor\\laravel\\framework\\src\\Illuminate\\Pipeline\\Pipeline.php(209): Illuminate\\Http\\Middleware\\ValidatePostSize->handle()
#45 C:\\xampp\\htdocs\\laravel-php3\\example-app\\vendor\\laravel\\framework\\src\\Illuminate\\Foundation\\Http\\Middleware\\PreventRequestsDuringMaintenance.php(110): Illuminate\\Pipeline\\Pipeline->Illuminate\\Pipeline\\{closure}()
#46 C:\\xampp\\htdocs\\laravel-php3\\example-app\\vendor\\laravel\\framework\\src\\Illuminate\\Pipeline\\Pipeline.php(209): Illuminate\\Foundation\\Http\\Middleware\\PreventRequestsDuringMaintenance->handle()
#47 C:\\xampp\\htdocs\\laravel-php3\\example-app\\vendor\\laravel\\framework\\src\\Illuminate\\Http\\Middleware\\HandleCors.php(49): Illuminate\\Pipeline\\Pipeline->Illuminate\\Pipeline\\{closure}()
#48 C:\\xampp\\htdocs\\laravel-php3\\example-app\\vendor\\laravel\\framework\\src\\Illuminate\\Pipeline\\Pipeline.php(209): Illuminate\\Http\\Middleware\\HandleCors->handle()
#49 C:\\xampp\\htdocs\\laravel-php3\\example-app\\vendor\\laravel\\framework\\src\\Illuminate\\Http\\Middleware\\TrustProxies.php(58): Illuminate\\Pipeline\\Pipeline->Illuminate\\Pipeline\\{closure}()
#50 C:\\xampp\\htdocs\\laravel-php3\\example-app\\vendor\\laravel\\framework\\src\\Illuminate\\Pipeline\\Pipeline.php(209): Illuminate\\Http\\Middleware\\TrustProxies->handle()
#51 C:\\xampp\\htdocs\\laravel-php3\\example-app\\vendor\\laravel\\framework\\src\\Illuminate\\Foundation\\Http\\Middleware\\InvokeDeferredCallbacks.php(22): Illuminate\\Pipeline\\Pipeline->Illuminate\\Pipeline\\{closure}()
#52 C:\\xampp\\htdocs\\laravel-php3\\example-app\\vendor\\laravel\\framework\\src\\Illuminate\\Pipeline\\Pipeline.php(209): Illuminate\\Foundation\\Http\\Middleware\\InvokeDeferredCallbacks->handle()
#53 C:\\xampp\\htdocs\\laravel-php3\\example-app\\vendor\\laravel\\framework\\src\\Illuminate\\Http\\Middleware\\ValidatePathEncoding.php(26): Illuminate\\Pipeline\\Pipeline->Illuminate\\Pipeline\\{closure}()
#54 C:\\xampp\\htdocs\\laravel-php3\\example-app\\vendor\\laravel\\framework\\src\\Illuminate\\Pipeline\\Pipeline.php(209): Illuminate\\Http\\Middleware\\ValidatePathEncoding->handle()
#55 C:\\xampp\\htdocs\\laravel-php3\\example-app\\vendor\\laravel\\framework\\src\\Illuminate\\Pipeline\\Pipeline.php(127): Illuminate\\Pipeline\\Pipeline->Illuminate\\Pipeline\\{closure}()
#56 C:\\xampp\\htdocs\\laravel-php3\\example-app\\vendor\\laravel\\framework\\src\\Illuminate\\Foundation\\Http\\Kernel.php(176): Illuminate\\Pipeline\\Pipeline->then()
#57 C:\\xampp\\htdocs\\laravel-php3\\example-app\\vendor\\laravel\\framework\\src\\Illuminate\\Foundation\\Http\\Kernel.php(145): Illuminate\\Foundation\\Http\\Kernel->sendRequestThroughRouter()
#58 C:\\xampp\\htdocs\\laravel-php3\\example-app\\vendor\\laravel\\framework\\src\\Illuminate\\Foundation\\Application.php(1220): Illuminate\\Foundation\\Http\\Kernel->handle()
#59 C:\\xampp\\htdocs\\laravel-php3\\example-app\\public\\index.php(20): Illuminate\\Foundation\\Application->handleRequest()
#60 C:\\xampp\\htdocs\\laravel-php3\\example-app\\vendor\\laravel\\framework\\src\\Illuminate\\Foundation\\resources\\server.php(23): require_once('...')
#61 {main}
"} 
[2025-04-11 05:58:57] local.INFO: Checkout request: {"_token":"xZe1hDYO0dZfG13bOXgi9DURpmHRgKrOMYH5Rh7F","shipping_name":"vuche","shipping_address":"sdsd","shipping_phone":"0964417609","note":"sdsd","payment_method":"cod"} 
[2025-04-11 05:59:20] local.INFO: Checkout request: {"_token":"xZe1hDYO0dZfG13bOXgi9DURpmHRgKrOMYH5Rh7F","shipping_name":"vuche","shipping_address":"sds","shipping_phone":"0964417609","note":"sdsd","payment_method":"cod"} 
[2025-04-11 05:59:39] local.INFO: Checkout request: {"_token":"xZe1hDYO0dZfG13bOXgi9DURpmHRgKrOMYH5Rh7F","shipping_name":"vuche","shipping_address":"sdsd","shipping_phone":"0964417609","note":"sdsd","payment_method":"vnpay"} 
[2025-04-11 06:00:18] local.INFO: Checkout request: {"_token":"xZe1hDYO0dZfG13bOXgi9DURpmHRgKrOMYH5Rh7F","shipping_name":"vuche","shipping_address":"sdsd","shipping_phone":"0964417609","note":"sdsd","payment_method":"cod"} 
[2025-04-11 06:09:32] local.ERROR: Call to undefined method App\Http\Controllers\CheckoutController::adminIndex() {"userId":1,"exception":"[object] (Error(code: 0): Call to undefined method App\\Http\\Controllers\\CheckoutController::adminIndex() at C:\\xampp\\htdocs\\laravel-php3\\example-app\\vendor\\laravel\\framework\\src\\Illuminate\\Routing\\ControllerDispatcher.php:47)
[stacktrace]
#0 C:\\xampp\\htdocs\\laravel-php3\\example-app\\vendor\\laravel\\framework\\src\\Illuminate\\Routing\\Route.php(266): Illuminate\\Routing\\ControllerDispatcher->dispatch()
#1 C:\\xampp\\htdocs\\laravel-php3\\example-app\\vendor\\laravel\\framework\\src\\Illuminate\\Routing\\Route.php(212): Illuminate\\Routing\\Route->runController()
#2 C:\\xampp\\htdocs\\laravel-php3\\example-app\\vendor\\laravel\\framework\\src\\Illuminate\\Routing\\Router.php(808): Illuminate\\Routing\\Route->run()
#3 C:\\xampp\\htdocs\\laravel-php3\\example-app\\vendor\\laravel\\framework\\src\\Illuminate\\Pipeline\\Pipeline.php(170): Illuminate\\Routing\\Router->Illuminate\\Routing\\{closure}()
#4 C:\\xampp\\htdocs\\laravel-php3\\example-app\\vendor\\laravel\\framework\\src\\Illuminate\\Routing\\Middleware\\SubstituteBindings.php(51): Illuminate\\Pipeline\\Pipeline->Illuminate\\Pipeline\\{closure}()
#5 C:\\xampp\\htdocs\\laravel-php3\\example-app\\vendor\\laravel\\framework\\src\\Illuminate\\Pipeline\\Pipeline.php(209): Illuminate\\Routing\\Middleware\\SubstituteBindings->handle()
#6 C:\\xampp\\htdocs\\laravel-php3\\example-app\\vendor\\laravel\\framework\\src\\Illuminate\\Foundation\\Http\\Middleware\\VerifyCsrfToken.php(88): Illuminate\\Pipeline\\Pipeline->Illuminate\\Pipeline\\{closure}()
#7 C:\\xampp\\htdocs\\laravel-php3\\example-app\\vendor\\laravel\\framework\\src\\Illuminate\\Pipeline\\Pipeline.php(209): Illuminate\\Foundation\\Http\\Middleware\\VerifyCsrfToken->handle()
#8 C:\\xampp\\htdocs\\laravel-php3\\example-app\\vendor\\laravel\\framework\\src\\Illuminate\\View\\Middleware\\ShareErrorsFromSession.php(49): Illuminate\\Pipeline\\Pipeline->Illuminate\\Pipeline\\{closure}()
#9 C:\\xampp\\htdocs\\laravel-php3\\example-app\\vendor\\laravel\\framework\\src\\Illuminate\\Pipeline\\Pipeline.php(209): Illuminate\\View\\Middleware\\ShareErrorsFromSession->handle()
#10 C:\\xampp\\htdocs\\laravel-php3\\example-app\\vendor\\laravel\\framework\\src\\Illuminate\\Session\\Middleware\\StartSession.php(121): Illuminate\\Pipeline\\Pipeline->Illuminate\\Pipeline\\{closure}()
#11 C:\\xampp\\htdocs\\laravel-php3\\example-app\\vendor\\laravel\\framework\\src\\Illuminate\\Session\\Middleware\\StartSession.php(64): Illuminate\\Session\\Middleware\\StartSession->handleStatefulRequest()
#12 C:\\xampp\\htdocs\\laravel-php3\\example-app\\vendor\\laravel\\framework\\src\\Illuminate\\Pipeline\\Pipeline.php(209): Illuminate\\Session\\Middleware\\StartSession->handle()
#13 C:\\xampp\\htdocs\\laravel-php3\\example-app\\vendor\\laravel\\framework\\src\\Illuminate\\Cookie\\Middleware\\AddQueuedCookiesToResponse.php(37): Illuminate\\Pipeline\\Pipeline->Illuminate\\Pipeline\\{closure}()
#14 C:\\xampp\\htdocs\\laravel-php3\\example-app\\vendor\\laravel\\framework\\src\\Illuminate\\Pipeline\\Pipeline.php(209): Illuminate\\Cookie\\Middleware\\AddQueuedCookiesToResponse->handle()
#15 C:\\xampp\\htdocs\\laravel-php3\\example-app\\vendor\\laravel\\framework\\src\\Illuminate\\Cookie\\Middleware\\EncryptCookies.php(75): Illuminate\\Pipeline\\Pipeline->Illuminate\\Pipeline\\{closure}()
#16 C:\\xampp\\htdocs\\laravel-php3\\example-app\\vendor\\laravel\\framework\\src\\Illuminate\\Pipeline\\Pipeline.php(209): Illuminate\\Cookie\\Middleware\\EncryptCookies->handle()
#17 C:\\xampp\\htdocs\\laravel-php3\\example-app\\vendor\\laravel\\framework\\src\\Illuminate\\Pipeline\\Pipeline.php(127): Illuminate\\Pipeline\\Pipeline->Illuminate\\Pipeline\\{closure}()
#18 C:\\xampp\\htdocs\\laravel-php3\\example-app\\vendor\\laravel\\framework\\src\\Illuminate\\Routing\\Router.php(807): Illuminate\\Pipeline\\Pipeline->then()
#19 C:\\xampp\\htdocs\\laravel-php3\\example-app\\vendor\\laravel\\framework\\src\\Illuminate\\Routing\\Router.php(786): Illuminate\\Routing\\Router->runRouteWithinStack()
#20 C:\\xampp\\htdocs\\laravel-php3\\example-app\\vendor\\laravel\\framework\\src\\Illuminate\\Routing\\Router.php(750): Illuminate\\Routing\\Router->runRoute()
#21 C:\\xampp\\htdocs\\laravel-php3\\example-app\\vendor\\laravel\\framework\\src\\Illuminate\\Routing\\Router.php(739): Illuminate\\Routing\\Router->dispatchToRoute()
#22 C:\\xampp\\htdocs\\laravel-php3\\example-app\\vendor\\laravel\\framework\\src\\Illuminate\\Foundation\\Http\\Kernel.php(201): Illuminate\\Routing\\Router->dispatch()
#23 C:\\xampp\\htdocs\\laravel-php3\\example-app\\vendor\\laravel\\framework\\src\\Illuminate\\Pipeline\\Pipeline.php(170): Illuminate\\Foundation\\Http\\Kernel->Illuminate\\Foundation\\Http\\{closure}()
#24 C:\\xampp\\htdocs\\laravel-php3\\example-app\\vendor\\laravel\\framework\\src\\Illuminate\\Foundation\\Http\\Middleware\\TransformsRequest.php(21): Illuminate\\Pipeline\\Pipeline->Illuminate\\Pipeline\\{closure}()
#25 C:\\xampp\\htdocs\\laravel-php3\\example-app\\vendor\\laravel\\framework\\src\\Illuminate\\Foundation\\Http\\Middleware\\ConvertEmptyStringsToNull.php(31): Illuminate\\Foundation\\Http\\Middleware\\TransformsRequest->handle()
#26 C:\\xampp\\htdocs\\laravel-php3\\example-app\\vendor\\laravel\\framework\\src\\Illuminate\\Pipeline\\Pipeline.php(209): Illuminate\\Foundation\\Http\\Middleware\\ConvertEmptyStringsToNull->handle()
#27 C:\\xampp\\htdocs\\laravel-php3\\example-app\\vendor\\laravel\\framework\\src\\Illuminate\\Foundation\\Http\\Middleware\\TransformsRequest.php(21): Illuminate\\Pipeline\\Pipeline->Illuminate\\Pipeline\\{closure}()
#28 C:\\xampp\\htdocs\\laravel-php3\\example-app\\vendor\\laravel\\framework\\src\\Illuminate\\Foundation\\Http\\Middleware\\TrimStrings.php(51): Illuminate\\Foundation\\Http\\Middleware\\TransformsRequest->handle()
#29 C:\\xampp\\htdocs\\laravel-php3\\example-app\\vendor\\laravel\\framework\\src\\Illuminate\\Pipeline\\Pipeline.php(209): Illuminate\\Foundation\\Http\\Middleware\\TrimStrings->handle()
#30 C:\\xampp\\htdocs\\laravel-php3\\example-app\\vendor\\laravel\\framework\\src\\Illuminate\\Http\\Middleware\\ValidatePostSize.php(27): Illuminate\\Pipeline\\Pipeline->Illuminate\\Pipeline\\{closure}()
#31 C:\\xampp\\htdocs\\laravel-php3\\example-app\\vendor\\laravel\\framework\\src\\Illuminate\\Pipeline\\Pipeline.php(209): Illuminate\\Http\\Middleware\\ValidatePostSize->handle()
#32 C:\\xampp\\htdocs\\laravel-php3\\example-app\\vendor\\laravel\\framework\\src\\Illuminate\\Foundation\\Http\\Middleware\\PreventRequestsDuringMaintenance.php(110): Illuminate\\Pipeline\\Pipeline->Illuminate\\Pipeline\\{closure}()
#33 C:\\xampp\\htdocs\\laravel-php3\\example-app\\vendor\\laravel\\framework\\src\\Illuminate\\Pipeline\\Pipeline.php(209): Illuminate\\Foundation\\Http\\Middleware\\PreventRequestsDuringMaintenance->handle()
#34 C:\\xampp\\htdocs\\laravel-php3\\example-app\\vendor\\laravel\\framework\\src\\Illuminate\\Http\\Middleware\\HandleCors.php(49): Illuminate\\Pipeline\\Pipeline->Illuminate\\Pipeline\\{closure}()
#35 C:\\xampp\\htdocs\\laravel-php3\\example-app\\vendor\\laravel\\framework\\src\\Illuminate\\Pipeline\\Pipeline.php(209): Illuminate\\Http\\Middleware\\HandleCors->handle()
#36 C:\\xampp\\htdocs\\laravel-php3\\example-app\\vendor\\laravel\\framework\\src\\Illuminate\\Http\\Middleware\\TrustProxies.php(58): Illuminate\\Pipeline\\Pipeline->Illuminate\\Pipeline\\{closure}()
#37 C:\\xampp\\htdocs\\laravel-php3\\example-app\\vendor\\laravel\\framework\\src\\Illuminate\\Pipeline\\Pipeline.php(209): Illuminate\\Http\\Middleware\\TrustProxies->handle()
#38 C:\\xampp\\htdocs\\laravel-php3\\example-app\\vendor\\laravel\\framework\\src\\Illuminate\\Foundation\\Http\\Middleware\\InvokeDeferredCallbacks.php(22): Illuminate\\Pipeline\\Pipeline->Illuminate\\Pipeline\\{closure}()
#39 C:\\xampp\\htdocs\\laravel-php3\\example-app\\vendor\\laravel\\framework\\src\\Illuminate\\Pipeline\\Pipeline.php(209): Illuminate\\Foundation\\Http\\Middleware\\InvokeDeferredCallbacks->handle()
#40 C:\\xampp\\htdocs\\laravel-php3\\example-app\\vendor\\laravel\\framework\\src\\Illuminate\\Http\\Middleware\\ValidatePathEncoding.php(26): Illuminate\\Pipeline\\Pipeline->Illuminate\\Pipeline\\{closure}()
#41 C:\\xampp\\htdocs\\laravel-php3\\example-app\\vendor\\laravel\\framework\\src\\Illuminate\\Pipeline\\Pipeline.php(209): Illuminate\\Http\\Middleware\\ValidatePathEncoding->handle()
#42 C:\\xampp\\htdocs\\laravel-php3\\example-app\\vendor\\laravel\\framework\\src\\Illuminate\\Pipeline\\Pipeline.php(127): Illuminate\\Pipeline\\Pipeline->Illuminate\\Pipeline\\{closure}()
#43 C:\\xampp\\htdocs\\laravel-php3\\example-app\\vendor\\laravel\\framework\\src\\Illuminate\\Foundation\\Http\\Kernel.php(176): Illuminate\\Pipeline\\Pipeline->then()
#44 C:\\xampp\\htdocs\\laravel-php3\\example-app\\vendor\\laravel\\framework\\src\\Illuminate\\Foundation\\Http\\Kernel.php(145): Illuminate\\Foundation\\Http\\Kernel->sendRequestThroughRouter()
#45 C:\\xampp\\htdocs\\laravel-php3\\example-app\\vendor\\laravel\\framework\\src\\Illuminate\\Foundation\\Application.php(1220): Illuminate\\Foundation\\Http\\Kernel->handle()
#46 C:\\xampp\\htdocs\\laravel-php3\\example-app\\public\\index.php(20): Illuminate\\Foundation\\Application->handleRequest()
#47 C:\\xampp\\htdocs\\laravel-php3\\example-app\\vendor\\laravel\\framework\\src\\Illuminate\\Foundation\\resources\\server.php(23): require_once('...')
#48 {main}
"} 
[2025-04-11 06:12:12] local.ERROR: Call to undefined method App\Http\Controllers\CheckoutController::adminIndex() {"userId":1,"exception":"[object] (Error(code: 0): Call to undefined method App\\Http\\Controllers\\CheckoutController::adminIndex() at C:\\xampp\\htdocs\\laravel-php3\\example-app\\vendor\\laravel\\framework\\src\\Illuminate\\Routing\\ControllerDispatcher.php:47)
[stacktrace]
#0 C:\\xampp\\htdocs\\laravel-php3\\example-app\\vendor\\laravel\\framework\\src\\Illuminate\\Routing\\Route.php(266): Illuminate\\Routing\\ControllerDispatcher->dispatch()
#1 C:\\xampp\\htdocs\\laravel-php3\\example-app\\vendor\\laravel\\framework\\src\\Illuminate\\Routing\\Route.php(212): Illuminate\\Routing\\Route->runController()
#2 C:\\xampp\\htdocs\\laravel-php3\\example-app\\vendor\\laravel\\framework\\src\\Illuminate\\Routing\\Router.php(808): Illuminate\\Routing\\Route->run()
#3 C:\\xampp\\htdocs\\laravel-php3\\example-app\\vendor\\laravel\\framework\\src\\Illuminate\\Pipeline\\Pipeline.php(170): Illuminate\\Routing\\Router->Illuminate\\Routing\\{closure}()
#4 C:\\xampp\\htdocs\\laravel-php3\\example-app\\vendor\\laravel\\framework\\src\\Illuminate\\Routing\\Middleware\\SubstituteBindings.php(51): Illuminate\\Pipeline\\Pipeline->Illuminate\\Pipeline\\{closure}()
#5 C:\\xampp\\htdocs\\laravel-php3\\example-app\\vendor\\laravel\\framework\\src\\Illuminate\\Pipeline\\Pipeline.php(209): Illuminate\\Routing\\Middleware\\SubstituteBindings->handle()
#6 C:\\xampp\\htdocs\\laravel-php3\\example-app\\vendor\\laravel\\framework\\src\\Illuminate\\Foundation\\Http\\Middleware\\VerifyCsrfToken.php(88): Illuminate\\Pipeline\\Pipeline->Illuminate\\Pipeline\\{closure}()
#7 C:\\xampp\\htdocs\\laravel-php3\\example-app\\vendor\\laravel\\framework\\src\\Illuminate\\Pipeline\\Pipeline.php(209): Illuminate\\Foundation\\Http\\Middleware\\VerifyCsrfToken->handle()
#8 C:\\xampp\\htdocs\\laravel-php3\\example-app\\vendor\\laravel\\framework\\src\\Illuminate\\View\\Middleware\\ShareErrorsFromSession.php(49): Illuminate\\Pipeline\\Pipeline->Illuminate\\Pipeline\\{closure}()
#9 C:\\xampp\\htdocs\\laravel-php3\\example-app\\vendor\\laravel\\framework\\src\\Illuminate\\Pipeline\\Pipeline.php(209): Illuminate\\View\\Middleware\\ShareErrorsFromSession->handle()
#10 C:\\xampp\\htdocs\\laravel-php3\\example-app\\vendor\\laravel\\framework\\src\\Illuminate\\Session\\Middleware\\StartSession.php(121): Illuminate\\Pipeline\\Pipeline->Illuminate\\Pipeline\\{closure}()
#11 C:\\xampp\\htdocs\\laravel-php3\\example-app\\vendor\\laravel\\framework\\src\\Illuminate\\Session\\Middleware\\StartSession.php(64): Illuminate\\Session\\Middleware\\StartSession->handleStatefulRequest()
#12 C:\\xampp\\htdocs\\laravel-php3\\example-app\\vendor\\laravel\\framework\\src\\Illuminate\\Pipeline\\Pipeline.php(209): Illuminate\\Session\\Middleware\\StartSession->handle()
#13 C:\\xampp\\htdocs\\laravel-php3\\example-app\\vendor\\laravel\\framework\\src\\Illuminate\\Cookie\\Middleware\\AddQueuedCookiesToResponse.php(37): Illuminate\\Pipeline\\Pipeline->Illuminate\\Pipeline\\{closure}()
#14 C:\\xampp\\htdocs\\laravel-php3\\example-app\\vendor\\laravel\\framework\\src\\Illuminate\\Pipeline\\Pipeline.php(209): Illuminate\\Cookie\\Middleware\\AddQueuedCookiesToResponse->handle()
#15 C:\\xampp\\htdocs\\laravel-php3\\example-app\\vendor\\laravel\\framework\\src\\Illuminate\\Cookie\\Middleware\\EncryptCookies.php(75): Illuminate\\Pipeline\\Pipeline->Illuminate\\Pipeline\\{closure}()
#16 C:\\xampp\\htdocs\\laravel-php3\\example-app\\vendor\\laravel\\framework\\src\\Illuminate\\Pipeline\\Pipeline.php(209): Illuminate\\Cookie\\Middleware\\EncryptCookies->handle()
#17 C:\\xampp\\htdocs\\laravel-php3\\example-app\\vendor\\laravel\\framework\\src\\Illuminate\\Pipeline\\Pipeline.php(127): Illuminate\\Pipeline\\Pipeline->Illuminate\\Pipeline\\{closure}()
#18 C:\\xampp\\htdocs\\laravel-php3\\example-app\\vendor\\laravel\\framework\\src\\Illuminate\\Routing\\Router.php(807): Illuminate\\Pipeline\\Pipeline->then()
#19 C:\\xampp\\htdocs\\laravel-php3\\example-app\\vendor\\laravel\\framework\\src\\Illuminate\\Routing\\Router.php(786): Illuminate\\Routing\\Router->runRouteWithinStack()
#20 C:\\xampp\\htdocs\\laravel-php3\\example-app\\vendor\\laravel\\framework\\src\\Illuminate\\Routing\\Router.php(750): Illuminate\\Routing\\Router->runRoute()
#21 C:\\xampp\\htdocs\\laravel-php3\\example-app\\vendor\\laravel\\framework\\src\\Illuminate\\Routing\\Router.php(739): Illuminate\\Routing\\Router->dispatchToRoute()
#22 C:\\xampp\\htdocs\\laravel-php3\\example-app\\vendor\\laravel\\framework\\src\\Illuminate\\Foundation\\Http\\Kernel.php(201): Illuminate\\Routing\\Router->dispatch()
#23 C:\\xampp\\htdocs\\laravel-php3\\example-app\\vendor\\laravel\\framework\\src\\Illuminate\\Pipeline\\Pipeline.php(170): Illuminate\\Foundation\\Http\\Kernel->Illuminate\\Foundation\\Http\\{closure}()
#24 C:\\xampp\\htdocs\\laravel-php3\\example-app\\vendor\\laravel\\framework\\src\\Illuminate\\Foundation\\Http\\Middleware\\TransformsRequest.php(21): Illuminate\\Pipeline\\Pipeline->Illuminate\\Pipeline\\{closure}()
#25 C:\\xampp\\htdocs\\laravel-php3\\example-app\\vendor\\laravel\\framework\\src\\Illuminate\\Foundation\\Http\\Middleware\\ConvertEmptyStringsToNull.php(31): Illuminate\\Foundation\\Http\\Middleware\\TransformsRequest->handle()
#26 C:\\xampp\\htdocs\\laravel-php3\\example-app\\vendor\\laravel\\framework\\src\\Illuminate\\Pipeline\\Pipeline.php(209): Illuminate\\Foundation\\Http\\Middleware\\ConvertEmptyStringsToNull->handle()
#27 C:\\xampp\\htdocs\\laravel-php3\\example-app\\vendor\\laravel\\framework\\src\\Illuminate\\Foundation\\Http\\Middleware\\TransformsRequest.php(21): Illuminate\\Pipeline\\Pipeline->Illuminate\\Pipeline\\{closure}()
#28 C:\\xampp\\htdocs\\laravel-php3\\example-app\\vendor\\laravel\\framework\\src\\Illuminate\\Foundation\\Http\\Middleware\\TrimStrings.php(51): Illuminate\\Foundation\\Http\\Middleware\\TransformsRequest->handle()
#29 C:\\xampp\\htdocs\\laravel-php3\\example-app\\vendor\\laravel\\framework\\src\\Illuminate\\Pipeline\\Pipeline.php(209): Illuminate\\Foundation\\Http\\Middleware\\TrimStrings->handle()
#30 C:\\xampp\\htdocs\\laravel-php3\\example-app\\vendor\\laravel\\framework\\src\\Illuminate\\Http\\Middleware\\ValidatePostSize.php(27): Illuminate\\Pipeline\\Pipeline->Illuminate\\Pipeline\\{closure}()
#31 C:\\xampp\\htdocs\\laravel-php3\\example-app\\vendor\\laravel\\framework\\src\\Illuminate\\Pipeline\\Pipeline.php(209): Illuminate\\Http\\Middleware\\ValidatePostSize->handle()
#32 C:\\xampp\\htdocs\\laravel-php3\\example-app\\vendor\\laravel\\framework\\src\\Illuminate\\Foundation\\Http\\Middleware\\PreventRequestsDuringMaintenance.php(110): Illuminate\\Pipeline\\Pipeline->Illuminate\\Pipeline\\{closure}()
#33 C:\\xampp\\htdocs\\laravel-php3\\example-app\\vendor\\laravel\\framework\\src\\Illuminate\\Pipeline\\Pipeline.php(209): Illuminate\\Foundation\\Http\\Middleware\\PreventRequestsDuringMaintenance->handle()
#34 C:\\xampp\\htdocs\\laravel-php3\\example-app\\vendor\\laravel\\framework\\src\\Illuminate\\Http\\Middleware\\HandleCors.php(49): Illuminate\\Pipeline\\Pipeline->Illuminate\\Pipeline\\{closure}()
#35 C:\\xampp\\htdocs\\laravel-php3\\example-app\\vendor\\laravel\\framework\\src\\Illuminate\\Pipeline\\Pipeline.php(209): Illuminate\\Http\\Middleware\\HandleCors->handle()
#36 C:\\xampp\\htdocs\\laravel-php3\\example-app\\vendor\\laravel\\framework\\src\\Illuminate\\Http\\Middleware\\TrustProxies.php(58): Illuminate\\Pipeline\\Pipeline->Illuminate\\Pipeline\\{closure}()
#37 C:\\xampp\\htdocs\\laravel-php3\\example-app\\vendor\\laravel\\framework\\src\\Illuminate\\Pipeline\\Pipeline.php(209): Illuminate\\Http\\Middleware\\TrustProxies->handle()
#38 C:\\xampp\\htdocs\\laravel-php3\\example-app\\vendor\\laravel\\framework\\src\\Illuminate\\Foundation\\Http\\Middleware\\InvokeDeferredCallbacks.php(22): Illuminate\\Pipeline\\Pipeline->Illuminate\\Pipeline\\{closure}()
#39 C:\\xampp\\htdocs\\laravel-php3\\example-app\\vendor\\laravel\\framework\\src\\Illuminate\\Pipeline\\Pipeline.php(209): Illuminate\\Foundation\\Http\\Middleware\\InvokeDeferredCallbacks->handle()
#40 C:\\xampp\\htdocs\\laravel-php3\\example-app\\vendor\\laravel\\framework\\src\\Illuminate\\Http\\Middleware\\ValidatePathEncoding.php(26): Illuminate\\Pipeline\\Pipeline->Illuminate\\Pipeline\\{closure}()
#41 C:\\xampp\\htdocs\\laravel-php3\\example-app\\vendor\\laravel\\framework\\src\\Illuminate\\Pipeline\\Pipeline.php(209): Illuminate\\Http\\Middleware\\ValidatePathEncoding->handle()
#42 C:\\xampp\\htdocs\\laravel-php3\\example-app\\vendor\\laravel\\framework\\src\\Illuminate\\Pipeline\\Pipeline.php(127): Illuminate\\Pipeline\\Pipeline->Illuminate\\Pipeline\\{closure}()
#43 C:\\xampp\\htdocs\\laravel-php3\\example-app\\vendor\\laravel\\framework\\src\\Illuminate\\Foundation\\Http\\Kernel.php(176): Illuminate\\Pipeline\\Pipeline->then()
#44 C:\\xampp\\htdocs\\laravel-php3\\example-app\\vendor\\laravel\\framework\\src\\Illuminate\\Foundation\\Http\\Kernel.php(145): Illuminate\\Foundation\\Http\\Kernel->sendRequestThroughRouter()
#45 C:\\xampp\\htdocs\\laravel-php3\\example-app\\vendor\\laravel\\framework\\src\\Illuminate\\Foundation\\Application.php(1220): Illuminate\\Foundation\\Http\\Kernel->handle()
#46 C:\\xampp\\htdocs\\laravel-php3\\example-app\\public\\index.php(20): Illuminate\\Foundation\\Application->handleRequest()
#47 C:\\xampp\\htdocs\\laravel-php3\\example-app\\vendor\\laravel\\framework\\src\\Illuminate\\Foundation\\resources\\server.php(23): require_once('...')
#48 {main}
"} 
[2025-04-11 06:14:09] local.ERROR: Call to undefined method App\Http\Controllers\CheckoutController::adminIndex() {"userId":1,"exception":"[object] (Error(code: 0): Call to undefined method App\\Http\\Controllers\\CheckoutController::adminIndex() at C:\\xampp\\htdocs\\laravel-php3\\example-app\\vendor\\laravel\\framework\\src\\Illuminate\\Routing\\ControllerDispatcher.php:47)
[stacktrace]
#0 C:\\xampp\\htdocs\\laravel-php3\\example-app\\vendor\\laravel\\framework\\src\\Illuminate\\Routing\\Route.php(266): Illuminate\\Routing\\ControllerDispatcher->dispatch()
#1 C:\\xampp\\htdocs\\laravel-php3\\example-app\\vendor\\laravel\\framework\\src\\Illuminate\\Routing\\Route.php(212): Illuminate\\Routing\\Route->runController()
#2 C:\\xampp\\htdocs\\laravel-php3\\example-app\\vendor\\laravel\\framework\\src\\Illuminate\\Routing\\Router.php(808): Illuminate\\Routing\\Route->run()
#3 C:\\xampp\\htdocs\\laravel-php3\\example-app\\vendor\\laravel\\framework\\src\\Illuminate\\Pipeline\\Pipeline.php(170): Illuminate\\Routing\\Router->Illuminate\\Routing\\{closure}()
#4 C:\\xampp\\htdocs\\laravel-php3\\example-app\\vendor\\laravel\\framework\\src\\Illuminate\\Routing\\Middleware\\SubstituteBindings.php(51): Illuminate\\Pipeline\\Pipeline->Illuminate\\Pipeline\\{closure}()
#5 C:\\xampp\\htdocs\\laravel-php3\\example-app\\vendor\\laravel\\framework\\src\\Illuminate\\Pipeline\\Pipeline.php(209): Illuminate\\Routing\\Middleware\\SubstituteBindings->handle()
#6 C:\\xampp\\htdocs\\laravel-php3\\example-app\\vendor\\laravel\\framework\\src\\Illuminate\\Foundation\\Http\\Middleware\\VerifyCsrfToken.php(88): Illuminate\\Pipeline\\Pipeline->Illuminate\\Pipeline\\{closure}()
#7 C:\\xampp\\htdocs\\laravel-php3\\example-app\\vendor\\laravel\\framework\\src\\Illuminate\\Pipeline\\Pipeline.php(209): Illuminate\\Foundation\\Http\\Middleware\\VerifyCsrfToken->handle()
#8 C:\\xampp\\htdocs\\laravel-php3\\example-app\\vendor\\laravel\\framework\\src\\Illuminate\\View\\Middleware\\ShareErrorsFromSession.php(49): Illuminate\\Pipeline\\Pipeline->Illuminate\\Pipeline\\{closure}()
#9 C:\\xampp\\htdocs\\laravel-php3\\example-app\\vendor\\laravel\\framework\\src\\Illuminate\\Pipeline\\Pipeline.php(209): Illuminate\\View\\Middleware\\ShareErrorsFromSession->handle()
#10 C:\\xampp\\htdocs\\laravel-php3\\example-app\\vendor\\laravel\\framework\\src\\Illuminate\\Session\\Middleware\\StartSession.php(121): Illuminate\\Pipeline\\Pipeline->Illuminate\\Pipeline\\{closure}()
#11 C:\\xampp\\htdocs\\laravel-php3\\example-app\\vendor\\laravel\\framework\\src\\Illuminate\\Session\\Middleware\\StartSession.php(64): Illuminate\\Session\\Middleware\\StartSession->handleStatefulRequest()
#12 C:\\xampp\\htdocs\\laravel-php3\\example-app\\vendor\\laravel\\framework\\src\\Illuminate\\Pipeline\\Pipeline.php(209): Illuminate\\Session\\Middleware\\StartSession->handle()
#13 C:\\xampp\\htdocs\\laravel-php3\\example-app\\vendor\\laravel\\framework\\src\\Illuminate\\Cookie\\Middleware\\AddQueuedCookiesToResponse.php(37): Illuminate\\Pipeline\\Pipeline->Illuminate\\Pipeline\\{closure}()
#14 C:\\xampp\\htdocs\\laravel-php3\\example-app\\vendor\\laravel\\framework\\src\\Illuminate\\Pipeline\\Pipeline.php(209): Illuminate\\Cookie\\Middleware\\AddQueuedCookiesToResponse->handle()
#15 C:\\xampp\\htdocs\\laravel-php3\\example-app\\vendor\\laravel\\framework\\src\\Illuminate\\Cookie\\Middleware\\EncryptCookies.php(75): Illuminate\\Pipeline\\Pipeline->Illuminate\\Pipeline\\{closure}()
#16 C:\\xampp\\htdocs\\laravel-php3\\example-app\\vendor\\laravel\\framework\\src\\Illuminate\\Pipeline\\Pipeline.php(209): Illuminate\\Cookie\\Middleware\\EncryptCookies->handle()
#17 C:\\xampp\\htdocs\\laravel-php3\\example-app\\vendor\\laravel\\framework\\src\\Illuminate\\Pipeline\\Pipeline.php(127): Illuminate\\Pipeline\\Pipeline->Illuminate\\Pipeline\\{closure}()
#18 C:\\xampp\\htdocs\\laravel-php3\\example-app\\vendor\\laravel\\framework\\src\\Illuminate\\Routing\\Router.php(807): Illuminate\\Pipeline\\Pipeline->then()
#19 C:\\xampp\\htdocs\\laravel-php3\\example-app\\vendor\\laravel\\framework\\src\\Illuminate\\Routing\\Router.php(786): Illuminate\\Routing\\Router->runRouteWithinStack()
#20 C:\\xampp\\htdocs\\laravel-php3\\example-app\\vendor\\laravel\\framework\\src\\Illuminate\\Routing\\Router.php(750): Illuminate\\Routing\\Router->runRoute()
#21 C:\\xampp\\htdocs\\laravel-php3\\example-app\\vendor\\laravel\\framework\\src\\Illuminate\\Routing\\Router.php(739): Illuminate\\Routing\\Router->dispatchToRoute()
#22 C:\\xampp\\htdocs\\laravel-php3\\example-app\\vendor\\laravel\\framework\\src\\Illuminate\\Foundation\\Http\\Kernel.php(201): Illuminate\\Routing\\Router->dispatch()
#23 C:\\xampp\\htdocs\\laravel-php3\\example-app\\vendor\\laravel\\framework\\src\\Illuminate\\Pipeline\\Pipeline.php(170): Illuminate\\Foundation\\Http\\Kernel->Illuminate\\Foundation\\Http\\{closure}()
#24 C:\\xampp\\htdocs\\laravel-php3\\example-app\\vendor\\laravel\\framework\\src\\Illuminate\\Foundation\\Http\\Middleware\\TransformsRequest.php(21): Illuminate\\Pipeline\\Pipeline->Illuminate\\Pipeline\\{closure}()
#25 C:\\xampp\\htdocs\\laravel-php3\\example-app\\vendor\\laravel\\framework\\src\\Illuminate\\Foundation\\Http\\Middleware\\ConvertEmptyStringsToNull.php(31): Illuminate\\Foundation\\Http\\Middleware\\TransformsRequest->handle()
#26 C:\\xampp\\htdocs\\laravel-php3\\example-app\\vendor\\laravel\\framework\\src\\Illuminate\\Pipeline\\Pipeline.php(209): Illuminate\\Foundation\\Http\\Middleware\\ConvertEmptyStringsToNull->handle()
#27 C:\\xampp\\htdocs\\laravel-php3\\example-app\\vendor\\laravel\\framework\\src\\Illuminate\\Foundation\\Http\\Middleware\\TransformsRequest.php(21): Illuminate\\Pipeline\\Pipeline->Illuminate\\Pipeline\\{closure}()
#28 C:\\xampp\\htdocs\\laravel-php3\\example-app\\vendor\\laravel\\framework\\src\\Illuminate\\Foundation\\Http\\Middleware\\TrimStrings.php(51): Illuminate\\Foundation\\Http\\Middleware\\TransformsRequest->handle()
#29 C:\\xampp\\htdocs\\laravel-php3\\example-app\\vendor\\laravel\\framework\\src\\Illuminate\\Pipeline\\Pipeline.php(209): Illuminate\\Foundation\\Http\\Middleware\\TrimStrings->handle()
#30 C:\\xampp\\htdocs\\laravel-php3\\example-app\\vendor\\laravel\\framework\\src\\Illuminate\\Http\\Middleware\\ValidatePostSize.php(27): Illuminate\\Pipeline\\Pipeline->Illuminate\\Pipeline\\{closure}()
#31 C:\\xampp\\htdocs\\laravel-php3\\example-app\\vendor\\laravel\\framework\\src\\Illuminate\\Pipeline\\Pipeline.php(209): Illuminate\\Http\\Middleware\\ValidatePostSize->handle()
#32 C:\\xampp\\htdocs\\laravel-php3\\example-app\\vendor\\laravel\\framework\\src\\Illuminate\\Foundation\\Http\\Middleware\\PreventRequestsDuringMaintenance.php(110): Illuminate\\Pipeline\\Pipeline->Illuminate\\Pipeline\\{closure}()
#33 C:\\xampp\\htdocs\\laravel-php3\\example-app\\vendor\\laravel\\framework\\src\\Illuminate\\Pipeline\\Pipeline.php(209): Illuminate\\Foundation\\Http\\Middleware\\PreventRequestsDuringMaintenance->handle()
#34 C:\\xampp\\htdocs\\laravel-php3\\example-app\\vendor\\laravel\\framework\\src\\Illuminate\\Http\\Middleware\\HandleCors.php(49): Illuminate\\Pipeline\\Pipeline->Illuminate\\Pipeline\\{closure}()
#35 C:\\xampp\\htdocs\\laravel-php3\\example-app\\vendor\\laravel\\framework\\src\\Illuminate\\Pipeline\\Pipeline.php(209): Illuminate\\Http\\Middleware\\HandleCors->handle()
#36 C:\\xampp\\htdocs\\laravel-php3\\example-app\\vendor\\laravel\\framework\\src\\Illuminate\\Http\\Middleware\\TrustProxies.php(58): Illuminate\\Pipeline\\Pipeline->Illuminate\\Pipeline\\{closure}()
#37 C:\\xampp\\htdocs\\laravel-php3\\example-app\\vendor\\laravel\\framework\\src\\Illuminate\\Pipeline\\Pipeline.php(209): Illuminate\\Http\\Middleware\\TrustProxies->handle()
#38 C:\\xampp\\htdocs\\laravel-php3\\example-app\\vendor\\laravel\\framework\\src\\Illuminate\\Foundation\\Http\\Middleware\\InvokeDeferredCallbacks.php(22): Illuminate\\Pipeline\\Pipeline->Illuminate\\Pipeline\\{closure}()
#39 C:\\xampp\\htdocs\\laravel-php3\\example-app\\vendor\\laravel\\framework\\src\\Illuminate\\Pipeline\\Pipeline.php(209): Illuminate\\Foundation\\Http\\Middleware\\InvokeDeferredCallbacks->handle()
#40 C:\\xampp\\htdocs\\laravel-php3\\example-app\\vendor\\laravel\\framework\\src\\Illuminate\\Http\\Middleware\\ValidatePathEncoding.php(26): Illuminate\\Pipeline\\Pipeline->Illuminate\\Pipeline\\{closure}()
#41 C:\\xampp\\htdocs\\laravel-php3\\example-app\\vendor\\laravel\\framework\\src\\Illuminate\\Pipeline\\Pipeline.php(209): Illuminate\\Http\\Middleware\\ValidatePathEncoding->handle()
#42 C:\\xampp\\htdocs\\laravel-php3\\example-app\\vendor\\laravel\\framework\\src\\Illuminate\\Pipeline\\Pipeline.php(127): Illuminate\\Pipeline\\Pipeline->Illuminate\\Pipeline\\{closure}()
#43 C:\\xampp\\htdocs\\laravel-php3\\example-app\\vendor\\laravel\\framework\\src\\Illuminate\\Foundation\\Http\\Kernel.php(176): Illuminate\\Pipeline\\Pipeline->then()
#44 C:\\xampp\\htdocs\\laravel-php3\\example-app\\vendor\\laravel\\framework\\src\\Illuminate\\Foundation\\Http\\Kernel.php(145): Illuminate\\Foundation\\Http\\Kernel->sendRequestThroughRouter()
#45 C:\\xampp\\htdocs\\laravel-php3\\example-app\\vendor\\laravel\\framework\\src\\Illuminate\\Foundation\\Application.php(1220): Illuminate\\Foundation\\Http\\Kernel->handle()
#46 C:\\xampp\\htdocs\\laravel-php3\\example-app\\public\\index.php(20): Illuminate\\Foundation\\Application->handleRequest()
#47 C:\\xampp\\htdocs\\laravel-php3\\example-app\\vendor\\laravel\\framework\\src\\Illuminate\\Foundation\\resources\\server.php(23): require_once('...')
#48 {main}
"} 
[2025-04-11 06:18:05] local.ERROR: Cannot declare class App\Http\Controllers\Admin\OrderController, because the name is already in use {"exception":"[object] (Symfony\\Component\\ErrorHandler\\Error\\FatalError(code: 0): Cannot declare class App\\Http\\Controllers\\Admin\\OrderController, because the name is already in use at C:\\xampp\\htdocs\\laravel-php3\\example-app\\app\\Http\\Controllers\\OrderController.php:12)
[stacktrace]
#0 {main}
"} 
[2025-04-11 06:18:41] local.ERROR: Cannot declare class App\Http\Controllers\Admin\OrderController, because the name is already in use {"exception":"[object] (Symfony\\Component\\ErrorHandler\\Error\\FatalError(code: 0): Cannot declare class App\\Http\\Controllers\\Admin\\OrderController, because the name is already in use at C:\\xampp\\htdocs\\laravel-php3\\example-app\\app\\Http\\Controllers\\OrderController.php:13)
[stacktrace]
#0 {main}
"} 
[2025-04-11 06:18:42] local.ERROR: Cannot declare class App\Http\Controllers\Admin\OrderController, because the name is already in use {"exception":"[object] (Symfony\\Component\\ErrorHandler\\Error\\FatalError(code: 0): Cannot declare class App\\Http\\Controllers\\Admin\\OrderController, because the name is already in use at C:\\xampp\\htdocs\\laravel-php3\\example-app\\app\\Http\\Controllers\\OrderController.php:13)
[stacktrace]
#0 {main}
"} 
[2025-04-11 06:23:56] local.ERROR: Target class [App\Http\Controllers\OrderController] does not exist. {"userId":1,"exception":"[object] (Illuminate\\Contracts\\Container\\BindingResolutionException(code: 0): Target class [App\\Http\\Controllers\\OrderController] does not exist. at C:\\xampp\\htdocs\\laravel-php3\\example-app\\vendor\\laravel\\framework\\src\\Illuminate\\Container\\Container.php:1019)
[stacktrace]
#0 C:\\xampp\\htdocs\\laravel-php3\\example-app\\vendor\\laravel\\framework\\src\\Illuminate\\Container\\Container.php(890): Illuminate\\Container\\Container->build()
#1 C:\\xampp\\htdocs\\laravel-php3\\example-app\\vendor\\laravel\\framework\\src\\Illuminate\\Foundation\\Application.php(1078): Illuminate\\Container\\Container->resolve()
#2 C:\\xampp\\htdocs\\laravel-php3\\example-app\\vendor\\laravel\\framework\\src\\Illuminate\\Container\\Container.php(821): Illuminate\\Foundation\\Application->resolve()
#3 C:\\xampp\\htdocs\\laravel-php3\\example-app\\vendor\\laravel\\framework\\src\\Illuminate\\Foundation\\Application.php(1058): Illuminate\\Container\\Container->make()
#4 C:\\xampp\\htdocs\\laravel-php3\\example-app\\vendor\\laravel\\framework\\src\\Illuminate\\Routing\\Route.php(285): Illuminate\\Foundation\\Application->make()
#5 C:\\xampp\\htdocs\\laravel-php3\\example-app\\vendor\\laravel\\framework\\src\\Illuminate\\Routing\\Route.php(267): Illuminate\\Routing\\Route->getController()
#6 C:\\xampp\\htdocs\\laravel-php3\\example-app\\vendor\\laravel\\framework\\src\\Illuminate\\Routing\\Route.php(212): Illuminate\\Routing\\Route->runController()
#7 C:\\xampp\\htdocs\\laravel-php3\\example-app\\vendor\\laravel\\framework\\src\\Illuminate\\Routing\\Router.php(808): Illuminate\\Routing\\Route->run()
#8 C:\\xampp\\htdocs\\laravel-php3\\example-app\\vendor\\laravel\\framework\\src\\Illuminate\\Pipeline\\Pipeline.php(170): Illuminate\\Routing\\Router->Illuminate\\Routing\\{closure}()
#9 C:\\xampp\\htdocs\\laravel-php3\\example-app\\app\\Http\\Middleware\\AdminMiddleware.php(22): Illuminate\\Pipeline\\Pipeline->Illuminate\\Pipeline\\{closure}()
#10 C:\\xampp\\htdocs\\laravel-php3\\example-app\\vendor\\laravel\\framework\\src\\Illuminate\\Pipeline\\Pipeline.php(209): App\\Http\\Middleware\\AdminMiddleware->handle()
#11 C:\\xampp\\htdocs\\laravel-php3\\example-app\\vendor\\laravel\\framework\\src\\Illuminate\\Routing\\Middleware\\SubstituteBindings.php(51): Illuminate\\Pipeline\\Pipeline->Illuminate\\Pipeline\\{closure}()
#12 C:\\xampp\\htdocs\\laravel-php3\\example-app\\vendor\\laravel\\framework\\src\\Illuminate\\Pipeline\\Pipeline.php(209): Illuminate\\Routing\\Middleware\\SubstituteBindings->handle()
#13 C:\\xampp\\htdocs\\laravel-php3\\example-app\\vendor\\laravel\\framework\\src\\Illuminate\\Auth\\Middleware\\Authenticate.php(64): Illuminate\\Pipeline\\Pipeline->Illuminate\\Pipeline\\{closure}()
#14 C:\\xampp\\htdocs\\laravel-php3\\example-app\\vendor\\laravel\\framework\\src\\Illuminate\\Pipeline\\Pipeline.php(209): Illuminate\\Auth\\Middleware\\Authenticate->handle()
#15 C:\\xampp\\htdocs\\laravel-php3\\example-app\\vendor\\laravel\\framework\\src\\Illuminate\\Foundation\\Http\\Middleware\\VerifyCsrfToken.php(88): Illuminate\\Pipeline\\Pipeline->Illuminate\\Pipeline\\{closure}()
#16 C:\\xampp\\htdocs\\laravel-php3\\example-app\\vendor\\laravel\\framework\\src\\Illuminate\\Pipeline\\Pipeline.php(209): Illuminate\\Foundation\\Http\\Middleware\\VerifyCsrfToken->handle()
#17 C:\\xampp\\htdocs\\laravel-php3\\example-app\\vendor\\laravel\\framework\\src\\Illuminate\\View\\Middleware\\ShareErrorsFromSession.php(49): Illuminate\\Pipeline\\Pipeline->Illuminate\\Pipeline\\{closure}()
#18 C:\\xampp\\htdocs\\laravel-php3\\example-app\\vendor\\laravel\\framework\\src\\Illuminate\\Pipeline\\Pipeline.php(209): Illuminate\\View\\Middleware\\ShareErrorsFromSession->handle()
#19 C:\\xampp\\htdocs\\laravel-php3\\example-app\\vendor\\laravel\\framework\\src\\Illuminate\\Session\\Middleware\\StartSession.php(121): Illuminate\\Pipeline\\Pipeline->Illuminate\\Pipeline\\{closure}()
#20 C:\\xampp\\htdocs\\laravel-php3\\example-app\\vendor\\laravel\\framework\\src\\Illuminate\\Session\\Middleware\\StartSession.php(64): Illuminate\\Session\\Middleware\\StartSession->handleStatefulRequest()
#21 C:\\xampp\\htdocs\\laravel-php3\\example-app\\vendor\\laravel\\framework\\src\\Illuminate\\Pipeline\\Pipeline.php(209): Illuminate\\Session\\Middleware\\StartSession->handle()
#22 C:\\xampp\\htdocs\\laravel-php3\\example-app\\vendor\\laravel\\framework\\src\\Illuminate\\Cookie\\Middleware\\AddQueuedCookiesToResponse.php(37): Illuminate\\Pipeline\\Pipeline->Illuminate\\Pipeline\\{closure}()
#23 C:\\xampp\\htdocs\\laravel-php3\\example-app\\vendor\\laravel\\framework\\src\\Illuminate\\Pipeline\\Pipeline.php(209): Illuminate\\Cookie\\Middleware\\AddQueuedCookiesToResponse->handle()
#24 C:\\xampp\\htdocs\\laravel-php3\\example-app\\vendor\\laravel\\framework\\src\\Illuminate\\Cookie\\Middleware\\EncryptCookies.php(75): Illuminate\\Pipeline\\Pipeline->Illuminate\\Pipeline\\{closure}()
#25 C:\\xampp\\htdocs\\laravel-php3\\example-app\\vendor\\laravel\\framework\\src\\Illuminate\\Pipeline\\Pipeline.php(209): Illuminate\\Cookie\\Middleware\\EncryptCookies->handle()
#26 C:\\xampp\\htdocs\\laravel-php3\\example-app\\vendor\\laravel\\framework\\src\\Illuminate\\Pipeline\\Pipeline.php(127): Illuminate\\Pipeline\\Pipeline->Illuminate\\Pipeline\\{closure}()
#27 C:\\xampp\\htdocs\\laravel-php3\\example-app\\vendor\\laravel\\framework\\src\\Illuminate\\Routing\\Router.php(807): Illuminate\\Pipeline\\Pipeline->then()
#28 C:\\xampp\\htdocs\\laravel-php3\\example-app\\vendor\\laravel\\framework\\src\\Illuminate\\Routing\\Router.php(786): Illuminate\\Routing\\Router->runRouteWithinStack()
#29 C:\\xampp\\htdocs\\laravel-php3\\example-app\\vendor\\laravel\\framework\\src\\Illuminate\\Routing\\Router.php(750): Illuminate\\Routing\\Router->runRoute()
#30 C:\\xampp\\htdocs\\laravel-php3\\example-app\\vendor\\laravel\\framework\\src\\Illuminate\\Routing\\Router.php(739): Illuminate\\Routing\\Router->dispatchToRoute()
#31 C:\\xampp\\htdocs\\laravel-php3\\example-app\\vendor\\laravel\\framework\\src\\Illuminate\\Foundation\\Http\\Kernel.php(201): Illuminate\\Routing\\Router->dispatch()
#32 C:\\xampp\\htdocs\\laravel-php3\\example-app\\vendor\\laravel\\framework\\src\\Illuminate\\Pipeline\\Pipeline.php(170): Illuminate\\Foundation\\Http\\Kernel->Illuminate\\Foundation\\Http\\{closure}()
#33 C:\\xampp\\htdocs\\laravel-php3\\example-app\\vendor\\laravel\\framework\\src\\Illuminate\\Foundation\\Http\\Middleware\\TransformsRequest.php(21): Illuminate\\Pipeline\\Pipeline->Illuminate\\Pipeline\\{closure}()
#34 C:\\xampp\\htdocs\\laravel-php3\\example-app\\vendor\\laravel\\framework\\src\\Illuminate\\Foundation\\Http\\Middleware\\ConvertEmptyStringsToNull.php(31): Illuminate\\Foundation\\Http\\Middleware\\TransformsRequest->handle()
#35 C:\\xampp\\htdocs\\laravel-php3\\example-app\\vendor\\laravel\\framework\\src\\Illuminate\\Pipeline\\Pipeline.php(209): Illuminate\\Foundation\\Http\\Middleware\\ConvertEmptyStringsToNull->handle()
#36 C:\\xampp\\htdocs\\laravel-php3\\example-app\\vendor\\laravel\\framework\\src\\Illuminate\\Foundation\\Http\\Middleware\\TransformsRequest.php(21): Illuminate\\Pipeline\\Pipeline->Illuminate\\Pipeline\\{closure}()
#37 C:\\xampp\\htdocs\\laravel-php3\\example-app\\vendor\\laravel\\framework\\src\\Illuminate\\Foundation\\Http\\Middleware\\TrimStrings.php(51): Illuminate\\Foundation\\Http\\Middleware\\TransformsRequest->handle()
#38 C:\\xampp\\htdocs\\laravel-php3\\example-app\\vendor\\laravel\\framework\\src\\Illuminate\\Pipeline\\Pipeline.php(209): Illuminate\\Foundation\\Http\\Middleware\\TrimStrings->handle()
#39 C:\\xampp\\htdocs\\laravel-php3\\example-app\\vendor\\laravel\\framework\\src\\Illuminate\\Http\\Middleware\\ValidatePostSize.php(27): Illuminate\\Pipeline\\Pipeline->Illuminate\\Pipeline\\{closure}()
#40 C:\\xampp\\htdocs\\laravel-php3\\example-app\\vendor\\laravel\\framework\\src\\Illuminate\\Pipeline\\Pipeline.php(209): Illuminate\\Http\\Middleware\\ValidatePostSize->handle()
#41 C:\\xampp\\htdocs\\laravel-php3\\example-app\\vendor\\laravel\\framework\\src\\Illuminate\\Foundation\\Http\\Middleware\\PreventRequestsDuringMaintenance.php(110): Illuminate\\Pipeline\\Pipeline->Illuminate\\Pipeline\\{closure}()
#42 C:\\xampp\\htdocs\\laravel-php3\\example-app\\vendor\\laravel\\framework\\src\\Illuminate\\Pipeline\\Pipeline.php(209): Illuminate\\Foundation\\Http\\Middleware\\PreventRequestsDuringMaintenance->handle()
#43 C:\\xampp\\htdocs\\laravel-php3\\example-app\\vendor\\laravel\\framework\\src\\Illuminate\\Http\\Middleware\\HandleCors.php(49): Illuminate\\Pipeline\\Pipeline->Illuminate\\Pipeline\\{closure}()
#44 C:\\xampp\\htdocs\\laravel-php3\\example-app\\vendor\\laravel\\framework\\src\\Illuminate\\Pipeline\\Pipeline.php(209): Illuminate\\Http\\Middleware\\HandleCors->handle()
#45 C:\\xampp\\htdocs\\laravel-php3\\example-app\\vendor\\laravel\\framework\\src\\Illuminate\\Http\\Middleware\\TrustProxies.php(58): Illuminate\\Pipeline\\Pipeline->Illuminate\\Pipeline\\{closure}()
#46 C:\\xampp\\htdocs\\laravel-php3\\example-app\\vendor\\laravel\\framework\\src\\Illuminate\\Pipeline\\Pipeline.php(209): Illuminate\\Http\\Middleware\\TrustProxies->handle()
#47 C:\\xampp\\htdocs\\laravel-php3\\example-app\\vendor\\laravel\\framework\\src\\Illuminate\\Foundation\\Http\\Middleware\\InvokeDeferredCallbacks.php(22): Illuminate\\Pipeline\\Pipeline->Illuminate\\Pipeline\\{closure}()
#48 C:\\xampp\\htdocs\\laravel-php3\\example-app\\vendor\\laravel\\framework\\src\\Illuminate\\Pipeline\\Pipeline.php(209): Illuminate\\Foundation\\Http\\Middleware\\InvokeDeferredCallbacks->handle()
#49 C:\\xampp\\htdocs\\laravel-php3\\example-app\\vendor\\laravel\\framework\\src\\Illuminate\\Http\\Middleware\\ValidatePathEncoding.php(26): Illuminate\\Pipeline\\Pipeline->Illuminate\\Pipeline\\{closure}()
#50 C:\\xampp\\htdocs\\laravel-php3\\example-app\\vendor\\laravel\\framework\\src\\Illuminate\\Pipeline\\Pipeline.php(209): Illuminate\\Http\\Middleware\\ValidatePathEncoding->handle()
#51 C:\\xampp\\htdocs\\laravel-php3\\example-app\\vendor\\laravel\\framework\\src\\Illuminate\\Pipeline\\Pipeline.php(127): Illuminate\\Pipeline\\Pipeline->Illuminate\\Pipeline\\{closure}()
#52 C:\\xampp\\htdocs\\laravel-php3\\example-app\\vendor\\laravel\\framework\\src\\Illuminate\\Foundation\\Http\\Kernel.php(176): Illuminate\\Pipeline\\Pipeline->then()
#53 C:\\xampp\\htdocs\\laravel-php3\\example-app\\vendor\\laravel\\framework\\src\\Illuminate\\Foundation\\Http\\Kernel.php(145): Illuminate\\Foundation\\Http\\Kernel->sendRequestThroughRouter()
#54 C:\\xampp\\htdocs\\laravel-php3\\example-app\\vendor\\laravel\\framework\\src\\Illuminate\\Foundation\\Application.php(1220): Illuminate\\Foundation\\Http\\Kernel->handle()
#55 C:\\xampp\\htdocs\\laravel-php3\\example-app\\public\\index.php(20): Illuminate\\Foundation\\Application->handleRequest()
#56 C:\\xampp\\htdocs\\laravel-php3\\example-app\\vendor\\laravel\\framework\\src\\Illuminate\\Foundation\\resources\\server.php(23): require_once('...')
#57 {main}

[previous exception] [object] (ReflectionException(code: -1): Class \"App\\Http\\Controllers\\OrderController\" does not exist at C:\\xampp\\htdocs\\laravel-php3\\example-app\\vendor\\laravel\\framework\\src\\Illuminate\\Container\\Container.php:1017)
[stacktrace]
#0 C:\\xampp\\htdocs\\laravel-php3\\example-app\\vendor\\laravel\\framework\\src\\Illuminate\\Container\\Container.php(1017): ReflectionClass->__construct()
#1 C:\\xampp\\htdocs\\laravel-php3\\example-app\\vendor\\laravel\\framework\\src\\Illuminate\\Container\\Container.php(890): Illuminate\\Container\\Container->build()
#2 C:\\xampp\\htdocs\\laravel-php3\\example-app\\vendor\\laravel\\framework\\src\\Illuminate\\Foundation\\Application.php(1078): Illuminate\\Container\\Container->resolve()
#3 C:\\xampp\\htdocs\\laravel-php3\\example-app\\vendor\\laravel\\framework\\src\\Illuminate\\Container\\Container.php(821): Illuminate\\Foundation\\Application->resolve()
#4 C:\\xampp\\htdocs\\laravel-php3\\example-app\\vendor\\laravel\\framework\\src\\Illuminate\\Foundation\\Application.php(1058): Illuminate\\Container\\Container->make()
#5 C:\\xampp\\htdocs\\laravel-php3\\example-app\\vendor\\laravel\\framework\\src\\Illuminate\\Routing\\Route.php(285): Illuminate\\Foundation\\Application->make()
#6 C:\\xampp\\htdocs\\laravel-php3\\example-app\\vendor\\laravel\\framework\\src\\Illuminate\\Routing\\Route.php(267): Illuminate\\Routing\\Route->getController()
#7 C:\\xampp\\htdocs\\laravel-php3\\example-app\\vendor\\laravel\\framework\\src\\Illuminate\\Routing\\Route.php(212): Illuminate\\Routing\\Route->runController()
#8 C:\\xampp\\htdocs\\laravel-php3\\example-app\\vendor\\laravel\\framework\\src\\Illuminate\\Routing\\Router.php(808): Illuminate\\Routing\\Route->run()
#9 C:\\xampp\\htdocs\\laravel-php3\\example-app\\vendor\\laravel\\framework\\src\\Illuminate\\Pipeline\\Pipeline.php(170): Illuminate\\Routing\\Router->Illuminate\\Routing\\{closure}()
#10 C:\\xampp\\htdocs\\laravel-php3\\example-app\\app\\Http\\Middleware\\AdminMiddleware.php(22): Illuminate\\Pipeline\\Pipeline->Illuminate\\Pipeline\\{closure}()
#11 C:\\xampp\\htdocs\\laravel-php3\\example-app\\vendor\\laravel\\framework\\src\\Illuminate\\Pipeline\\Pipeline.php(209): App\\Http\\Middleware\\AdminMiddleware->handle()
#12 C:\\xampp\\htdocs\\laravel-php3\\example-app\\vendor\\laravel\\framework\\src\\Illuminate\\Routing\\Middleware\\SubstituteBindings.php(51): Illuminate\\Pipeline\\Pipeline->Illuminate\\Pipeline\\{closure}()
#13 C:\\xampp\\htdocs\\laravel-php3\\example-app\\vendor\\laravel\\framework\\src\\Illuminate\\Pipeline\\Pipeline.php(209): Illuminate\\Routing\\Middleware\\SubstituteBindings->handle()
#14 C:\\xampp\\htdocs\\laravel-php3\\example-app\\vendor\\laravel\\framework\\src\\Illuminate\\Auth\\Middleware\\Authenticate.php(64): Illuminate\\Pipeline\\Pipeline->Illuminate\\Pipeline\\{closure}()
#15 C:\\xampp\\htdocs\\laravel-php3\\example-app\\vendor\\laravel\\framework\\src\\Illuminate\\Pipeline\\Pipeline.php(209): Illuminate\\Auth\\Middleware\\Authenticate->handle()
#16 C:\\xampp\\htdocs\\laravel-php3\\example-app\\vendor\\laravel\\framework\\src\\Illuminate\\Foundation\\Http\\Middleware\\VerifyCsrfToken.php(88): Illuminate\\Pipeline\\Pipeline->Illuminate\\Pipeline\\{closure}()
#17 C:\\xampp\\htdocs\\laravel-php3\\example-app\\vendor\\laravel\\framework\\src\\Illuminate\\Pipeline\\Pipeline.php(209): Illuminate\\Foundation\\Http\\Middleware\\VerifyCsrfToken->handle()
#18 C:\\xampp\\htdocs\\laravel-php3\\example-app\\vendor\\laravel\\framework\\src\\Illuminate\\View\\Middleware\\ShareErrorsFromSession.php(49): Illuminate\\Pipeline\\Pipeline->Illuminate\\Pipeline\\{closure}()
#19 C:\\xampp\\htdocs\\laravel-php3\\example-app\\vendor\\laravel\\framework\\src\\Illuminate\\Pipeline\\Pipeline.php(209): Illuminate\\View\\Middleware\\ShareErrorsFromSession->handle()
#20 C:\\xampp\\htdocs\\laravel-php3\\example-app\\vendor\\laravel\\framework\\src\\Illuminate\\Session\\Middleware\\StartSession.php(121): Illuminate\\Pipeline\\Pipeline->Illuminate\\Pipeline\\{closure}()
#21 C:\\xampp\\htdocs\\laravel-php3\\example-app\\vendor\\laravel\\framework\\src\\Illuminate\\Session\\Middleware\\StartSession.php(64): Illuminate\\Session\\Middleware\\StartSession->handleStatefulRequest()
#22 C:\\xampp\\htdocs\\laravel-php3\\example-app\\vendor\\laravel\\framework\\src\\Illuminate\\Pipeline\\Pipeline.php(209): Illuminate\\Session\\Middleware\\StartSession->handle()
#23 C:\\xampp\\htdocs\\laravel-php3\\example-app\\vendor\\laravel\\framework\\src\\Illuminate\\Cookie\\Middleware\\AddQueuedCookiesToResponse.php(37): Illuminate\\Pipeline\\Pipeline->Illuminate\\Pipeline\\{closure}()
#24 C:\\xampp\\htdocs\\laravel-php3\\example-app\\vendor\\laravel\\framework\\src\\Illuminate\\Pipeline\\Pipeline.php(209): Illuminate\\Cookie\\Middleware\\AddQueuedCookiesToResponse->handle()
#25 C:\\xampp\\htdocs\\laravel-php3\\example-app\\vendor\\laravel\\framework\\src\\Illuminate\\Cookie\\Middleware\\EncryptCookies.php(75): Illuminate\\Pipeline\\Pipeline->Illuminate\\Pipeline\\{closure}()
#26 C:\\xampp\\htdocs\\laravel-php3\\example-app\\vendor\\laravel\\framework\\src\\Illuminate\\Pipeline\\Pipeline.php(209): Illuminate\\Cookie\\Middleware\\EncryptCookies->handle()
#27 C:\\xampp\\htdocs\\laravel-php3\\example-app\\vendor\\laravel\\framework\\src\\Illuminate\\Pipeline\\Pipeline.php(127): Illuminate\\Pipeline\\Pipeline->Illuminate\\Pipeline\\{closure}()
#28 C:\\xampp\\htdocs\\laravel-php3\\example-app\\vendor\\laravel\\framework\\src\\Illuminate\\Routing\\Router.php(807): Illuminate\\Pipeline\\Pipeline->then()
#29 C:\\xampp\\htdocs\\laravel-php3\\example-app\\vendor\\laravel\\framework\\src\\Illuminate\\Routing\\Router.php(786): Illuminate\\Routing\\Router->runRouteWithinStack()
#30 C:\\xampp\\htdocs\\laravel-php3\\example-app\\vendor\\laravel\\framework\\src\\Illuminate\\Routing\\Router.php(750): Illuminate\\Routing\\Router->runRoute()
#31 C:\\xampp\\htdocs\\laravel-php3\\example-app\\vendor\\laravel\\framework\\src\\Illuminate\\Routing\\Router.php(739): Illuminate\\Routing\\Router->dispatchToRoute()
#32 C:\\xampp\\htdocs\\laravel-php3\\example-app\\vendor\\laravel\\framework\\src\\Illuminate\\Foundation\\Http\\Kernel.php(201): Illuminate\\Routing\\Router->dispatch()
#33 C:\\xampp\\htdocs\\laravel-php3\\example-app\\vendor\\laravel\\framework\\src\\Illuminate\\Pipeline\\Pipeline.php(170): Illuminate\\Foundation\\Http\\Kernel->Illuminate\\Foundation\\Http\\{closure}()
#34 C:\\xampp\\htdocs\\laravel-php3\\example-app\\vendor\\laravel\\framework\\src\\Illuminate\\Foundation\\Http\\Middleware\\TransformsRequest.php(21): Illuminate\\Pipeline\\Pipeline->Illuminate\\Pipeline\\{closure}()
#35 C:\\xampp\\htdocs\\laravel-php3\\example-app\\vendor\\laravel\\framework\\src\\Illuminate\\Foundation\\Http\\Middleware\\ConvertEmptyStringsToNull.php(31): Illuminate\\Foundation\\Http\\Middleware\\TransformsRequest->handle()
#36 C:\\xampp\\htdocs\\laravel-php3\\example-app\\vendor\\laravel\\framework\\src\\Illuminate\\Pipeline\\Pipeline.php(209): Illuminate\\Foundation\\Http\\Middleware\\ConvertEmptyStringsToNull->handle()
#37 C:\\xampp\\htdocs\\laravel-php3\\example-app\\vendor\\laravel\\framework\\src\\Illuminate\\Foundation\\Http\\Middleware\\TransformsRequest.php(21): Illuminate\\Pipeline\\Pipeline->Illuminate\\Pipeline\\{closure}()
#38 C:\\xampp\\htdocs\\laravel-php3\\example-app\\vendor\\laravel\\framework\\src\\Illuminate\\Foundation\\Http\\Middleware\\TrimStrings.php(51): Illuminate\\Foundation\\Http\\Middleware\\TransformsRequest->handle()
#39 C:\\xampp\\htdocs\\laravel-php3\\example-app\\vendor\\laravel\\framework\\src\\Illuminate\\Pipeline\\Pipeline.php(209): Illuminate\\Foundation\\Http\\Middleware\\TrimStrings->handle()
#40 C:\\xampp\\htdocs\\laravel-php3\\example-app\\vendor\\laravel\\framework\\src\\Illuminate\\Http\\Middleware\\ValidatePostSize.php(27): Illuminate\\Pipeline\\Pipeline->Illuminate\\Pipeline\\{closure}()
#41 C:\\xampp\\htdocs\\laravel-php3\\example-app\\vendor\\laravel\\framework\\src\\Illuminate\\Pipeline\\Pipeline.php(209): Illuminate\\Http\\Middleware\\ValidatePostSize->handle()
#42 C:\\xampp\\htdocs\\laravel-php3\\example-app\\vendor\\laravel\\framework\\src\\Illuminate\\Foundation\\Http\\Middleware\\PreventRequestsDuringMaintenance.php(110): Illuminate\\Pipeline\\Pipeline->Illuminate\\Pipeline\\{closure}()
#43 C:\\xampp\\htdocs\\laravel-php3\\example-app\\vendor\\laravel\\framework\\src\\Illuminate\\Pipeline\\Pipeline.php(209): Illuminate\\Foundation\\Http\\Middleware\\PreventRequestsDuringMaintenance->handle()
#44 C:\\xampp\\htdocs\\laravel-php3\\example-app\\vendor\\laravel\\framework\\src\\Illuminate\\Http\\Middleware\\HandleCors.php(49): Illuminate\\Pipeline\\Pipeline->Illuminate\\Pipeline\\{closure}()
#45 C:\\xampp\\htdocs\\laravel-php3\\example-app\\vendor\\laravel\\framework\\src\\Illuminate\\Pipeline\\Pipeline.php(209): Illuminate\\Http\\Middleware\\HandleCors->handle()
#46 C:\\xampp\\htdocs\\laravel-php3\\example-app\\vendor\\laravel\\framework\\src\\Illuminate\\Http\\Middleware\\TrustProxies.php(58): Illuminate\\Pipeline\\Pipeline->Illuminate\\Pipeline\\{closure}()
#47 C:\\xampp\\htdocs\\laravel-php3\\example-app\\vendor\\laravel\\framework\\src\\Illuminate\\Pipeline\\Pipeline.php(209): Illuminate\\Http\\Middleware\\TrustProxies->handle()
#48 C:\\xampp\\htdocs\\laravel-php3\\example-app\\vendor\\laravel\\framework\\src\\Illuminate\\Foundation\\Http\\Middleware\\InvokeDeferredCallbacks.php(22): Illuminate\\Pipeline\\Pipeline->Illuminate\\Pipeline\\{closure}()
#49 C:\\xampp\\htdocs\\laravel-php3\\example-app\\vendor\\laravel\\framework\\src\\Illuminate\\Pipeline\\Pipeline.php(209): Illuminate\\Foundation\\Http\\Middleware\\InvokeDeferredCallbacks->handle()
#50 C:\\xampp\\htdocs\\laravel-php3\\example-app\\vendor\\laravel\\framework\\src\\Illuminate\\Http\\Middleware\\ValidatePathEncoding.php(26): Illuminate\\Pipeline\\Pipeline->Illuminate\\Pipeline\\{closure}()
#51 C:\\xampp\\htdocs\\laravel-php3\\example-app\\vendor\\laravel\\framework\\src\\Illuminate\\Pipeline\\Pipeline.php(209): Illuminate\\Http\\Middleware\\ValidatePathEncoding->handle()
#52 C:\\xampp\\htdocs\\laravel-php3\\example-app\\vendor\\laravel\\framework\\src\\Illuminate\\Pipeline\\Pipeline.php(127): Illuminate\\Pipeline\\Pipeline->Illuminate\\Pipeline\\{closure}()
#53 C:\\xampp\\htdocs\\laravel-php3\\example-app\\vendor\\laravel\\framework\\src\\Illuminate\\Foundation\\Http\\Kernel.php(176): Illuminate\\Pipeline\\Pipeline->then()
#54 C:\\xampp\\htdocs\\laravel-php3\\example-app\\vendor\\laravel\\framework\\src\\Illuminate\\Foundation\\Http\\Kernel.php(145): Illuminate\\Foundation\\Http\\Kernel->sendRequestThroughRouter()
#55 C:\\xampp\\htdocs\\laravel-php3\\example-app\\vendor\\laravel\\framework\\src\\Illuminate\\Foundation\\Application.php(1220): Illuminate\\Foundation\\Http\\Kernel->handle()
#56 C:\\xampp\\htdocs\\laravel-php3\\example-app\\public\\index.php(20): Illuminate\\Foundation\\Application->handleRequest()
#57 C:\\xampp\\htdocs\\laravel-php3\\example-app\\vendor\\laravel\\framework\\src\\Illuminate\\Foundation\\resources\\server.php(23): require_once('...')
#58 {main}
"} 
[2025-04-11 08:13:03] local.ERROR: Cannot declare class App\Http\Middleware\CheckAdmin, because the name is already in use {"exception":"[object] (Symfony\\Component\\ErrorHandler\\Error\\FatalError(code: 0): Cannot declare class App\\Http\\Middleware\\CheckAdmin, because the name is already in use at C:\\xampp\\htdocs\\laravel-php3\\example-app\\app\\Http\\Middleware\\AdminMiddleware.php:10)
[stacktrace]
#0 {main}
"} 
[2025-04-11 08:13:08] local.ERROR: Cannot declare class App\Http\Middleware\CheckAdmin, because the name is already in use {"exception":"[object] (Symfony\\Component\\ErrorHandler\\Error\\FatalError(code: 0): Cannot declare class App\\Http\\Middleware\\CheckAdmin, because the name is already in use at C:\\xampp\\htdocs\\laravel-php3\\example-app\\app\\Http\\Middleware\\AdminMiddleware.php:10)
[stacktrace]
#0 {main}
"} 
